##################################################################
### Terrain Categories
###
###

#VU - Updated and reorganised by Darth Modus for VDG v1.37.*
#First flat lands, Farmland-Grassland-Dryland-Steppe
#Then normal types, FWoods-Forest-Coastline-Marsh
#Then hilly types, Hills-Highlands-Mountains
#Then exotic types, Savannah-Jungle-Desert-Coastal Desert-Glacial
#Other unused types at the bottom, except pti, which I dont want to mess with because I have no idea what it is for
#Also organised modifers into Colour-Sound-Supply-Movement Cost-Development Cost-Allowed Buildings-ND Cost-Defense-Defensiveness

categories =  {
	pti = {
		type = pti
	}
	
	farmlands = {
		color = { 179 255 64 }
		type = plains
		sound_type = plains

		supply_limit = 6
		movement_cost = 1.0			#vanilla 1.10
		local_development_cost = -0.10
		allowed_num_of_buildings = 2
		nation_designer_cost_multiplier = 1.10
		local_build_time = -0.25			#Flat land, good soil, mild weather
		local_build_cost = -0.1			#Plenty of people, easy access to trade routes for building supplies, established quarries, good infrastructure
		local_production_efficiency = 0.05	#Much more productive lands compared to other terrain types

		terrain_override = {
			26 59 71 107 130 135 181 258 259 267 269 290 426 460 482 484 487 488 492 496 498 501 502 543 558 581 599 620 710 712 748 749 755 756 760 763 765 766 769 
            775 778 787 790 795 801 807 808 809 820 823 825 827 829 830 831 835 839 843 845 852 854 858 859 862 870 872 873 874 876 880 882 883 884 886 887 888 889 
            890 891 892 893 897 898 900 901 902 903 904 905 906 907 908 909 913 914 915 916 917 918 924 927 928 929 930 932 940 942 943 944 946 947 950 952 953 956 
            957 958 960 963 965 968 970 973 978 987 988 989 993 1008 1084 1085 1086 1087 1090 1094 1107 1149 1177 1204 1221 1222 1225 1771 1774 1822 2005 2006 2010 
            2013 2016 2017 2021 2042 2055 2060 2063 2075 2076 2080 2101 2110 2141 2144 2159 2192 2225 2246 2255 2260 2269 2271 2273 2276 2278 2284 2297 2308 2322 
            2380 2455 2469 2476 2483 2485 2489 2490 2499 2500 2502 2510 2512 2513 2529 2532 2536 2544 2550 2554 2555 2560 2563 2569 2570 2584 2585 2586 2596 2598 
            2602 2607 2621 2631 2632 2633 2637 2639 2644 2647 2652 2653 2657 2659 2660 2668 2670 2672 2738 2747 2797 2801 2831 2834 2846 2848 2849 2850 2851 2857 
            2879 2880 2907 2908 2934 2966 2971 2979 2998 3029 3064 3065 3074 3094 3108 3125 3134 3140 3170 3189 3190 3213 3214 3232 3242 3260 3270 3277 3333 
            3359 3365 3366 3367 3368 3372 3531 3722 3746 3982 3999 4084 4091 4097 4116 4149 4196 4213 4240 4252 4317 4318 4339 4377 4384 4392 4396 4410 4415 4416 
            4417 4437 4438 4454 4455 4457 4461 4475 4476 4486 4490 4495 4497 4498 4499 4504 4511 4526 4528 4531 4540 4542 4556 4609 4612 4621 4625 4626 4627 4631 
            4636 4638 4652 4713 4767 4781 4787 4815 4832 4833 4846 4900 4901 4903 4904 4905 4906 4907 4908 4909 4910 4911 4914 4915 4916 4919 4920 4922 4923 4940 
            4950 4951 4959 4973 4983 4984 5013 5018 5030 5032 5037 5038 5040 5045 5066 5072 5073 5114 5128 5138 5192 5197 5198 5224 5225 5285 5302 5337 5342 5351 
            5356 5358 5368 5371 5378 5401 5403 5404 5420 5422 5553 5593 5600 5604 5609 5620 5621 5623 5624 5626 5627 5628 5629 5632 5636 5637 5638 5651 5683 5697 
            5698 5704 5706 5707 5709 5727 5739 5746 5751 5755 5756 5758 5760 5765 5766 5775 5785 5787 5795 5797 5799 5805 5812 5814 5824 5841 5852 5856 5857 5859 
            5862 5871 5894 5895 5904 5978 6002 6439 6465 6469 6486 6496 6501 6502 6514 6519 6537 6544 6559 6560 6565 6574 6587 6604 6619 6623 6634 6640 6667 6669 
            6680 6683 6735 6741 6753 6760 6775 6779 6780 6781 6782 6784 6796 6801 6813 6828 6831 6834 6839 6841 6845 6847 6850 6852 6853 6857 6864 6865 6872 6878 
            6883 6899 6902 6913 6914 6919 6923 6931 6937 7005 7006 7007 7021 7031 7032 7041 7057 7067 7075 7086 7087 7096 7136 7154 7164 7206 7239 7246 7250 7257 
            7258 7319 7418 7506 7507 7514 7529 7530 7538 7539 7541 7542 7551 7552 7574 7588 7590 7606 7610 7614 7615 7616 7622 7636 7637 7641 7643 7655 7660 7663 
            7673 7674 7687 7694 7707 7744 7753 7773 7903 7934 7959 7962 7967 7971 7976 7979 7989 7992 7993 8019 8107 8115 8127 8189 8192 8201 8231 8232 8243 8419 
            8421 8430 8439 8440 8442 8458 8461 8467 8471 8472 8477 8478 8485 8503 8508 8513 8515 8516 8518 8536 8567 8597 8677 8729 8737 8770 8774 8775 8778 8781 
            8782 8783 8800 8801 8802 8803 8804 8807 8808 8809 8810 8811 8813 8814 8815 8817 8822 8824 8825 8826 8827 8833 8837 8838 8842 8843 8845 8847 8848 8851 
            8865 8867 8868 8881 8885 8886 8887 8888 8889 8890 8894 8895 8897 8898 8903 8905 8906 8907 8908 8909 8911
		}		
	}
	
	alluvial_plains = {
		color = { 218 253 77 }
		type = plains
		sound_type = plains

		supply_limit = 6
		movement_cost = 1.0			#vanilla 1.10
		local_development_cost = -0.05
		allowed_num_of_buildings = 2
		nation_designer_cost_multiplier = 1.1
		local_build_time = -0.2			#Flat land, fertile soil, mild weather
		local_manpower_modifier = 0.05
		local_production_efficiency = 0.05	#Floodplains,
		trade_goods_size_modifier = 0.05	#Very good terrain for farm production
		
		terrain_override = {
			95 150 160 287 440 453 555 895 1862 2044 2045 2046 2072 2084 2086 2138 2142 2145 2172 2176 2304 2312 2317 2399 2516 2528 2739 2794 2975 3089 3693 3697 
            3698 3981 4289 4316 4472 4479 4487 4505 4508 4509 4513 4705 4728 4770 4885 5281 5571 5691 5993 6498 6499 6500 6533 6541 6543 6555 6562 6563 6564 6568 
            6573 6576 6616 6620 6621 6622 6625 6626 6635 6636 6755 6761 6770 6772 6778 6783 6790 6797 6798 6799 6806 6810 6844 6851 6863 6868 6886 6912 6916 6936 
            6939 6941 7068 7078 7081 7317 7440 7528 7754 7756 7757 7758 8116 8398 8486 8556 8624 8679 8683 8708 8856 8858 8859 8864
		}
	}

	grasslands = {
		color = { 105 224 47 }
		type = plains
		sound_type = plains

		supply_limit = 4
		movement_cost = 1.0			#vanilla 1.0
		allowed_num_of_buildings = 2
		local_development_cost = 0.0
		nation_designer_cost_multiplier = 1.05
		defence = -1
		local_build_time = -0.25			#Flat land, good soil

		terrain_override = {
			42 106 119 169 171 185 268 269 273 311 374 409 415 462 463 528 531 540 566 607 653 672 683 687 692 789 1119 1183 1187 1203 1743 1770 1864 1882 1943 
            1953 1960 1973 1982 2043 2047 2051 2052 2059 2061 2062 2065 2093 2137 2143 2169 2175 2196 2227 2268 2270 2393 2408 2411 2422 2655 2674 2704 2736 2754 
            2775 2796 2976 2981 3009 3028 3039 3058 3073 3075 3089 3103 3148 3158 3161 3175 3186 3187 3202 3227 3239 3241 3246 3247 3273 3343 3395 3403 3532 3545 
            3546 3548 3677 3695 3696 3726 3748 3780 3981 4062 4080 4090 4092 4126 4130 4165 4185 4191 4231 4242 4249 4255 4264 4289 4290 4305 4309 4349 4369 4388 
            4409 4411 4430 4436 4464 4474 4525 4530 4708 4728 4736 4746 4756 4768 4802 4826 4838 5001 5058 5087 5171 5184 5219 5281 5290 5305 5317 5382 5383 5656 
            5659 5663 5667 5668 5669 5682 5700 5713 5714 5920 5921 5922 5923 5924 5925 5935 5936 5937 5938 5939 5940 5951 5952 5953 5954 5955 5956 5957 5958 5959 
            5960 5969 5971 5972 5973 5974 5975 5976 5977 5979 5980 5981 5982 5984 5986 5987 5988 5989 5990 5991 5992 5994 5996 5997 5999 6000 6004 6005 6006 6007 
            6008 6009 6010 6011 6019 6020 6039 6040 6178 6182 6424 6485 6490 6491 6516 6533 6541 6543 6558 6562 6563 6564 6568 6570 6573 6576 6616 6620 6621 6622 
            6625 6626 6635 6636 6644 6653 6682 6733 6734 6736 6742 6751 6754 6755 6761 6764 6770 6772 6778 6783 6785 6786 6790 6795 6797 6798 6799 6806 6810 6812 
            6818 6826 6832 6833 6835 6840 6842 6844 6846 6848 6849 6851 6854 6855 6859 6860 6861 6863 6868 6871 6889 6908 6912 6916 6918 6920 6936 6939 6941 7004 
            7025 7028 7095 7113 7143 7155 7158 7159 7174 7199 7207 7217 7249 7271 7275 7360 7365 7435 7471 7515 7517 7519 7527 7537 7543 7548 7553 7564 7581 7589 
            7602 7603 7607 7612 7629 7631 7634 7642 7656 7657 7669 7686 7708 7732 7755 7768 7776 7778 7779 7780 7793 7817 7821 7830 7835 7840 7843 7850 7853 7858 
            7861 7893 7933 7937 7944 7953 7969 7970 7974 7984 7987 7988 7990 7994 8014 8018 8030 8032 8035 8050 8058 8071 8088 8089 8093 8103 8104 8128 8139 8150 
            8172 8188 8199 8200 8214 8219 8226 8227 8241 8246 8254 8256 8265 8279 8292 8297 8298 8397 8399 8444 8445 8450 8455 8462 8474 8488 8544 8582 8601 8611 
            8642 8657 8658 8668 8673 8692 8719 8769 8793 
		}
	}
	
	drylands = {
		color = { 232 172 102 }
		type = plains
		sound_type = plains

		supply_limit = 3
		movement_cost = 1.00			#vanilla 1.00
		local_development_cost = 0.25
		allowed_num_of_buildings = 2
		nation_designer_cost_multiplier = 0.95
		local_build_time = -0.25			#Flat land, hard soil
		local_build_cost = 0.1			#Few trees for building materials, alternate building materials take more time to gather, lower pop density for labour

		terrain_override = {
            348 357 438 450 532 751 752 753 780 781 786 856 857 860 863 864 875 877 878 1178 1233 2035 2064 2067 2079 2087 2205 2207 2213 2216 2282 2303 2318 2320 
            2333 2493 2506 2618 2629 2666 2667 2774 2800 2802 2863 2867 2868 2870 2886 2922 2954 3062 3067 3072 3080 3099 3269 3318 3321 3322 3323 3338 3639 3649 
            3650 3657 3665 3676 3681 3736 3754 3755 3948 3970 3983 3995 3997 4202 4291 4292 4295 4299 4304 4307 4314 4324 4335 4337 4340 4424 4426 4428 4463 4551 
            4552 4606 4629 4649 4675 4956 5043 5061 5155 5226 5249 5250 5273 5284 5330 5335 5385 5410 5431 5771 5782 5820 5821 5822 5844 5845 6138 6145 6147 6526 
            6530 6549 6566 6605 6606 6608 6609 6628 6629 6631 6643 6651 6655 6656 6657 6658 6659 6661 6955 6958 8049 8055 8057 8059 8068 8070 8072 8076 8869 8870 
            8901
		}
	}
	
	mediterranean_grasslands = {
		color = { 175 182 199 }
		type = plains
		sound_type = plains

		supply_limit = 4			#Better than drylands
		movement_cost = 1.1
		local_development_cost = 0.1		#Warm climate, hot summers, evergreen plants with hard leaves, 10% seems alright
		allowed_num_of_buildings = 2
		nation_designer_cost_multiplier = 0.95
		defence = 1
		local_build_time = -0.1			#Semi-flat land, hard soil and not much land clearing needed
		local_build_cost = 0.05			#Some trees for building materials, alternate building materials like stone take more time to gather

		terrain_override = {
			1179 1181 2856 3636 3647 3648 3687 3692 3751 3756 3758 3934 3991 3994 4737 5131 5340 5343 5350 5352 5353 5357 5370 5430 5560 5792 5855 6547 7358 8610 
            8849 8852 8853
		}
	}
	
	steppe = {
		color = { 147 200 83  }
		type = plains
		sound_type = plains

		supply_limit = 1
		movement_cost = 1.00			#vanilla 1.00
		local_development_cost = 0.30
		allowed_num_of_buildings = 2
		nation_designer_cost_multiplier = 0.90
		defence = -1
		local_build_time = -0.25			#Flat land, hard soil
		local_build_cost = 0.25			#No building materials nearby, typically minimal established infrastructure

		terrain_override = {
			283 284 288 456 459 465 467 468 469 470 471 472 474 477 478 479 701 721 723 882 885 889 8899 8900 1113 1156 1221 1222 1225 1809 1965 1966 1969 2007 
            2008 2009 2118 2190 2199 2208 2246 2260 2269 2271 2273 2276 2284 2351 2352 2353 2354 2355 2356 2357 2358 2359 2360 2361 2365 2366 2367 2368 2369 2409 
            2412 2415 2416 2417 2418 2419 2434 2447 2496 2497 2501 2503 2505 2507 2508 2511 2598 2625 2666 2747 2801 2880 3041 3047 3159 3243 3244 3263 3264 3265 
            3266 3330 3332 3333 3339 3340 3341 3342 3345 3346 4140 4219 4223 4322 4666 4667 4673 4684 4686 4687 4692 4917 4918 4977 5034 5065 5401 5403 5404 5420 
            5422 5553 5615 5616 5617 5618 5619 5629 5633 5634 5635 5786 6512 6513 6675 7191 7192 7193 7197 7198 7200 7201 7205 7209 7251 7277 7279 8660 885 8877 
            8878 8899 8900
		}	
	}
	
	woods = {
		color = { 41 155 22 }
		type = forest
		sound_type = forest

		supply_limit = 4
		movement_cost = 1.10			#vanilla 1.10
		local_development_cost = 0.10
		allowed_num_of_buildings = 1
		nation_designer_cost_multiplier = 1.0
		defence = 1
		local_defensiveness = 0.1
		local_build_cost = -0.1			#Abundance of high quality building materials from wood to stone, good soil, mild weather

		terrain_override = {
            2 7 35 37 39 49 51 56 58 69 130 152 155 179 194 211 230 261 271 312 319 375 515 518 542 559 562 657 728 733 761 762 768 772 777 779 785 788 894 919 
            920 921 922 925 926 933 934 937 938 939 941 945 948 951 954 955 959 962 983 985 990 991 999 1006 1010 1027 1170 1239 1773 1879 1938 1940 1954 2014 
            2094 2151 2188 2195 2405 2421 2423 2465 2509 2514 2519 2520 2521 2522 2523 2524 2525 2526 2530 2535 2537 2538 2539 2540 2541 2542 2543 2545 2546 2549 
            2551 2561 2568 2579 2597 2599 2665 2669 2671 2677 2705 2727 2735 2807 2852 2853 2858 2859 2860 2861 2865 2866 2897 2912 2913 2921 2956 2958 2967 2969 
            2970 2974 2988 2993 2997 3051 3063 3068 3077 3081 3088 3090 3091 3116 3126 3130 3151 3169 3173 3176 3185 3206 3208 3210 3225 3226 3229 3234 3236 3259 
            3276 3279 3293 3306 3360 3361 3380 3381 3383 3405 3406 3536 3537 3554 3558 3699 3747 3759 3824 3840 3842 3898 3899 3901 3902 4082 4087 4095 4096 4125 
            4143 4144 4148 4175 4180 4184 4192 4230 4244 4247 4248 4250 4251 4253 4254 4261 4267 4373 4379 4381 4386 4387 4434 4459 4462 4465 4468 4488 4494 4500 
            4524 4527 4533 4535 4543 4610 4624 4697 4714 4747 4757 4764 4771 4772 4776 4786 4799 4809 4810 4830 4853 4855 4857 4877 4878 4880 4881 4882 4883 4884 
            4887 4888 4892 4893 4896 4921 4938 4968 4985 5000 5039 5053 5060 5068 5086 5088 5091 5143 5168 5174 5176 5189 5230 5321 5373 5381 5558 5565 5642 5643 
            5644 5645 5646 5654 5657 5658 5660 5662 5664 5665 5672 5680 5685 5747 5788 5789 5807 5874 5998 6001 6072 6177 6179 6180 6210 6213 6214 6215 6431 6455 
            6476 6484 6517 6558 6586 6747 6749 6756 6766 6767 6771 6787 6788 6794 6800 6805 6815 6823 6837 6838 6862 6873 6876 6881 6885 6911 7017 7018 7019 7043 
            7070 7085 7111 7138 7139 7165 7167 7179 7208 7211 7213 7216 7221 7223 7224 7225 7235 7238 7242 7244 7248 7254 7255 7259 7264 7268 7269 7272 7299 7314 
            7320 7361 7363 7420 7430 7433 7504 7505 7508 7512 7513 7516 7523 7526 7536 7544 7563 7568 7569 7571 7578 7579 7582 7584 7591 7592 7599 7600 7604 7609 
            7617 7618 7619 7620 7621 7623 7624 7626 7627 7632 7633 7635 7648 7658 7661 7667 7668 7671 7691 7696 7715 7726 7727 7728 7730 7734 7738 7748 7763 7767 
            7770 7775 7782 7789 7790 7792 7814 7821 7822 7825 7845 7848 7852 7854 7855 7856 7859 7869 7870 7873 7880 7881 7897 7898 7912 7938 7939 7946 7951 7955 
            7956 7958 7965 7966 7968 7973 7975 7977 7980 7982 7983 7986 7991 7996 7999 8038 8074 8090 8098 8101 8105 8120 8124 8126 8134 8138 8141 8150 8151 8153 
            8156 8157 8159 8162 8165 8166 8177 8180 8183 8185 8190 8191 8193 8196 8202 8203 8206 8216 8223 8228 8229 8230 8233 8240 8244 8245 8247 8257 8260 8261 
            8263 8264 8266 8281 8291 8295 8296 8299 8437 8438 8441 8443 8448 8451 8457 8459 8463 8464 8466 8487 8490 8491 8504 8506 8509 8511 8512 8520 8521 8560 
            8630 8662 8663 8664 8724 8725 8727 8733 8757 8758 8772 8776 8779 8785 8786 8787 8789 8805 8806 8812 8816 8818 8819 8820 8821 8823 8830 8831 8832 8834 
            8835 8836 8855 8857 8860 8861 8862 8863 8866 8875 8876 8880 8882 8883 8884 8892 8893 8896 8901 8902
		}
	}

	forest = {
		color = { 31 116 16 }
		type = forest
		sound_type = forest

		supply_limit = 2
		movement_cost = 1.50			#vanilla 1.25
		local_development_cost = 0.30
		allowed_num_of_buildings = 1
		nation_designer_cost_multiplier = 0.95
		defence = 2
		local_defensiveness = 0.2
		local_build_time = 0.25			#Dense forests need to be cleared, rough terrain

		terrain_override = {
			5 9 11 29 31 32 34 158 238 309 480 546 767 911 912 967 971 972 976 980 984 1002 1007 1009 1045 1048 1049 1052 1054 1059 1061 1062 1068 1071 1076 1079 
            1092 1763 1800 1801 1810 1811 1812 1819 1945 1955 1957 1958 1961 1962 1964 1972 2022 2028 2102 2186 2427 2428 2431 2432 2433 2435 2436 2437 2442 2443 
            2517 2518 2566 2567 2572 2578 2581 2588 2589 2590 2591 2593 2594 2595 2600 2601 2604 2612 3098 3105 3120 3124 3127 3128 3144 3145 3152 3271 3278 3282 
            3369 3370 3626 3686 3745 3900 4093 4110 4122 4129 4166 4246 4256 4259 4262 4263 4265 4266 4362 4442 4658 4662 4664 4688 4690 4749 4851 4891 4898 4899 
            4902 4926 4928 4929 4931 4932 4972 4974 4978 4980 4986 4987 4989 5002 5004 5008 5033 5035 5036 5041 5046 5047 5048 5050 5051 5056 5057 5059 5070 5074 
            5079 5081 5082 5084 5097 5185 5186 5187 5380 5573 5580 5587 5611 5622 5625 5639 5640 5652 5653 5655 5675 5676 5677 5692 5705 5728 5731 5732 5733 5749 
            5864 5866 5867 5868 5873 5900 5901 5902 5913 5914 5915 6072 6426 6447 6487 6493 6665 6666 6738 6739 6740 6856 6879 6887 6888 6897 6901 6934 7084 7089 
            7229 7558 7561 7562 7565 7567 7671 7680 7697 7762 7772 7794 7795 7797 7798 7801 7802 7808 7813 7815 7823 7827 7867 7871 7872 8000 8001 8006 8008 8022 
            8154 8155 8213 8496 8497 8533 8538
		}
	}

	coastline = {
		color = { 83 170 200 }
		#color = { 33 145 200 } alternative
		#color = { 49 175 191 } old colour
		sound_type = sea
        supply_limit = 6
        movement_cost = 1.10
        local_development_cost = -0.10
        allowed_num_of_buildings = 2
        nation_designer_cost_multiplier = 1.4
        defence = 2
        local_build_time = 0.15
        local_build_cost = 0.10
		terrain_override = {
			164 367 368 483 491 495 497 499 500 659 754 757 979 1032 1095 1096 1098 1101 1141 1168 1174 1981 1978 1979 1988 1989 1992 1994 1998 1999 2139 2299 2348 
            2686 2753 2887 3044 3082 3102 3141 3195 3231 3237 3257 3272 3325 3351 3352 3358 3374 3375 3376 3377 3400 3533 3703 4380 4559 4560 4565 4651 4937 4999 
            5019 5077 5090 5092 5096 5099 5113 5132 5133 5136 5148 5149 5153 5159 5160 5166 5169 5179 5183 5199 5202 5204 5234 5236 5237 5238 5240 5245 5247 5252 
            5253 5254 5257 5258 5259 5260 5262 5263 5265 5268 5269 5270 5275 5276 5294 5308 5364 5375 5377 5379 5506 5562 5564 5566 5568 5569 5577 5578 5583 5586 
            5701 5702 5703 5708 5710 5711 5712 5717 5718 5719 5817 5818 5912 6012 6013 6014 6016 6446 6449 6456 6494 6572 6668 6821 6824 6825 6938 6977 6978 6980 
            6981 6982 6983 6984 6985 7023 7090 7100 7110 7121 7125 7126 7132 7134 7140 7160 7162 7183 7316 7362 7368 7374 7419 7434 7438 7608 7611 7613 7692 7731 
            7735 7890 7995 8033 8040 8041 8267 8284 8416 8431 8433 8434 8454 8631 8633 8696 8788 8790
		}
	}
	
	marsh = {
		color = { 13 189 130 }
		type = marsh
		sound_type = forest

		supply_limit = 2
		movement_cost = 1.50			#vanilla 1.3
		local_development_cost = 0.40
		nation_designer_cost_multiplier = 0.90
		defence = 2
		local_defensiveness = 0.2
		local_build_time = 0.20			#Difficult soil requires special construction and safeguards against flooding, sinking, and rotting
		local_build_cost = 0.20			#Low quality construction supplies, extra care must be taken and extra rot/sink/flood-proof foundations built

		terrain_override = {
			47 54 96 100 111 359 362 466 503 561 725 770 923 1000 1003 1004 1005 1011 1046 1051 1067 1069 1070 1073 1192 1767 1776 1806 1813 1815 1860 1901 1941 
            2039 2259 2261 2287 2294 2376 2407 2414 2429 2438 2533 2534 2592 2718 2890 2933 2994 3085 3132 3133 3135 3136 3162 3290 3371 3373 4115 4141 4151 4241 
            4288 4382 4418 4534 4691 4706 4745 4816 4924 4925 5003 5005 5062 5089 5098 5119 5122 5175 5182 5412 5641 5670 5679 5684 5995 5916 5918 5919 5995 5995 
            6524 6525 6588 6610 6611 6615 6617 6618 6624 6773 6776 6808 6829 6830 6843 6866 6884 6890 6904 7076 7194 7195 7212 7214 7215 7220 7222 7230 7236 7240 
            7245 7259 7263 7431 7498 7499 7501 7502 7511 7718 7739 7740 7759 7765 7769 7774 7777 7810 7811 7818 7833 7836 7844 7851 7857 7865 7866 7882 7894 7954 
            8004 8013 8021 8119 8146 8420 8531 8650 8651 8661 8735
		}
	}
	
	swamp = {
		color = { 7 79 55 }
		type = marsh
		sound_type = forest

		supply_limit = 2
		movement_cost = 2			#vanilla 1.3
		local_development_cost = 0.5
		nation_designer_cost_multiplier = 0.90
		defence = 2
		local_defensiveness = 0.2
		local_build_time = 0.25			#Difficult soil requires special construction and safeguards against flooding, sinking, and rotting
		local_build_cost = 0.25			#Low quality construction supplies, extra care must be taken and extra rot/sink/flood-proof foundations built

		terrain_override = {
			99 175 246 247 590 594 608 639 658 776 1083 1778 2038 2100 2107 2187 2239 2256 2258 2291 2547 2676 2721 2749 2881 2973 2996 3083 3280 3301 3402 3404 
            3549 3551 4124 4152 4215 4258 4260 4372 4441 4663 4811 5648 5661 5681 5686 6003 6440 6489 6737 6750 6858 6874 6891 6903 7116 7166 7210 7218 7219 7226 
            7228 7231 7232 7233 7234 7237 7241 7243 7253 7262 7366 7371 7500 7503 7509 7682 7683 7741 7771 7803 7804 7805 7806 7812 7819 7824 7831 7841 7842 7846 
            7847 7849 7862 7864 7868 7876 7877 7922 7924 7925 7926 7927 7928 7964 8017 8158 8242 8285 8460 8500 8507 8517 8557 8577 8587 8636 8639 8695 8711
		}
	}
	
	hills = {
		color = { 113 176 151 }
		type = hills
		sound_type = mountains

		supply_limit = 2
		movement_cost = 1.80			#vanilla 1.40
		local_development_cost = 0.40
		allowed_num_of_buildings = 1
		nation_designer_cost_multiplier = 0.85
		defence = 2
		local_defensiveness = 0.2
		local_build_time = 0.25			#Rough uneven terrain

		terrain_override = {
			10 18 22 24 60 71 82 83 140 144 154 157 166 175 177 182 187 198 212 229 249 325 417 425 486 489 548 571 612 621 634 635 640 652 655 704 714 717 724 
            727 731 736 764 773 782 784 816 828 832 837 841 844 848 849 850 851 855 868 871 896 899 910 931 935 936 949 961 964 966 969 981 982 986 992 996 997 
            1001 1014 1016 1022 1023 1024 1033 1053 1058 1077 1108 1109 1160 1171 1172 1180 1246 1400 1440 1540 1570 1660 1750 1770 1820 1870 1980 2120 2161 2162 
            2163 2214 2248 2285 2296 2303 2388 2441 2461 2467 2481 2484 2515 2527 2531 2552 2553 2556 2557 2558 2559 2562 2571 2573 2575 2576 2577 2580 2582 2583 
            2587 2603 2604 2606 2609 2611 2613 2622 2623 2626 2627 2628 2630 2635 2638 2640 2641 2646 2648 2649 2658 2661 2664 2689 2691 2693 2710 2734 2735 2742 
            2744 2757 2762 2768 2808 2820 2836 2855 2873 2884 2898 2951 2952 2960 2965 2978 2984 2985 2992 3003 3005 3036 3040 3042 3050 3053 3056 3057 3066 3069 
            3079 3086 3087 3092 3104 3107 3129 3131 3139 3143 3146 3147 3149 3150 3153 3154 3155 3162 3163 3166 3184 3191 3192 3194 3196 3197 3200 3203 3205 3211 
            3216 3217 3228 3233 3235 3240 3252 3291 3295 3297 3298 3299 3302 3304 3307 3309 3310 3312 3313 3314 3315 3316 3317 3324 3328 3329 3331 3334 3337 3344 
            3354 3363 3371 3373 3378 3379 3382 3384 3385 3386 3399 3407 3528 3529 3530 3534 3552 3565 3569 3570 3571 3572 3610 3625 3694 3705 3706 3707 3708 3709 
            3738 3744 3750 3753 3777 3779 3782 3783 3825 3839 3840 3841 3843 3844 3852 3853 3854 3855 3976 3992 4029 4034 4037 4039 4042 4043 4045 4046 4050 4063 
            4075 4077 4100 4102 4107 4112 4114 4115 4141 4151 4158 4164 4183 4187 4197 4201 4208 4218 4237 4243 4311 4312 4313 4315 4328 4353 4372 4420 4425 4431 
            4432 4458 4466 4467 4484 4532 4549 4550 4554 4557 4574 4575 4578 4580 4581 4583 4584 4585 4593 4594 4595 4598 4603 4616 4619 4651 4702 4707 4711 4716 
            4718 4719 4724 4735 4755 4761 4762 4774 4777 4788 4792 4796 4797 4801 4804 4812 4854 4858 4862 4868 4871 4873 4874 4875 4876 4886 4890 4895 4897 4912 
            4930 4933 4936 4939 4943 4944 4945 4946 4953 4957 4958 4961 4963 4966 4982 4998 5009 5015 5016 5031 5049 5052 5054 5055 5063 5069 5080 5085 5154 5162 
            5163 5164 5167 5170 5188 5190 5191 5194 5195 5210 5211 5215 5216 5218 5314 5318 5322 5325 5364 5374 5417 5418 5554 5592 5598 5603 5605 5607 5608 5610 
            5631 5641 5671 5689 5690 5694 5722 5724 5726 5734 5735 5736 5738 5740 5743 5744 5750 5754 5759 5769 5778 5781 5783 5800 5801 5802 5809 5810 5813 5819 
            5823 5827 5837 5848 5853 5854 5869 5875 5885 5887 5905 5906 5909 5910 5970 6016 6136 6425 6427 6435 6450 6454 6459 6460 6461 6464 6474 6475 6478 6479 
            6483 6493 6520 6522 6610 6611 6615 6617 6618 6624 6642 6648 6684 6745 6773 6776 6791 6793 6808 6816 6817 6822 6829 6830 6836 6843 6866 6890 6904 6933 
            7001 7003 7009 7016 7030 7038 7039 7044 7046 7047 7048 7051 7052 7053 7054 7055 7058 7061 7063 7065 7072 7074 7101 7106 7107 7115 7120 7130 7145 7151 
            7157 7177 7315 7318 7469 7531 7535 7545 7550 7555 7556 7557 7559 7560 7572 7573 7575 7576 7577 7580 7586 7587 7593 7594 7596 7628 7630 7640 7645 7649 
            7650 7651 7654 7662 7665 7670 7679 7681 7688 7689 7690 7693 7695 7698 7699 7704 7712 7714 7716 7717 7718 7723 7736 7743 7744 7750 7752 7761 7781 7791 
            7796 7809 7826 7891 7899 7900 7904 7905 7907 7910 7911 7918 7930 7931 7932 7935 7936 7940 7945 7948 7949 7950 7963 7985 7997 7998 8002 8007 8010 8023 
            8024 8025 8027 8028 8029 8043 8046 8054 8061 8062 8073 8077 8080 8100 8102 8106 8117 8122 8123 8129 8130 8133 8135 8136 8144 8145 8149 8152 8173 8176 
            8182 8184 8186 8187 8194 8195 8197 8198 8215 8217 8222 8238 8249 8250 8253 8255 8258 8259 8262 8288 8710 8718 8722 8732 8753 8754 8755 8759 8760 8761 
            8762 8763 8764 8766 8768 8770 8771 8773 8777 8780 8784 8794 8828 8829 8839 8841 8844 8852 8854 8891 8910
        }
	}
	
	highlands = {
		color = { 176 129 21 }
		type = hills
		sound_type = mountains

		supply_limit = 1
		movement_cost = 1.70			#vanilla 1.40
		local_development_cost = 0.45
		nation_designer_cost_multiplier = 0.85
		defence = 2
		local_defensiveness = 0.2
		local_build_time = 0.25			#Rough uneven terrain
		local_build_cost = 0.1			#Few good construction supplies

		terrain_override = {
			123 127 141 143 199 253 321 372 424 545 713 722 861 865 877 1050 1120 1172 1219 1226 1230 1830 1877 2033 2179 2385 2470 2491 2492 2495 2498 2504 2614 
            2758 2770 2844 2847 2869 2875 2876 2888 2896 2910 2911 2917 2920 3014 3070 3137 3157 3171 3172 3218 3219 3222 3283 3296 3319 3320 3350 3356 3357 3611 
            3614 3615 3632 3634 3727 3739 3966 3969 3971 3978 3979 3984 4053 4072 4193 4321 4343 4364 4422 4460 4562 4633 4644 4650 4665 4672 4682 4726 4962 4998 
            5094 5177 5283 5288 5297 5319 5320 5345 5770 5791 5815 5834 5843 5860 5861 6127 6137 6186 6187 6208 6209 6212 6428 6436 6441 6466 6473 6523 6804 6877 
            6882 6910 7011 7037 7042 7066 7079 7099 7123 7128 7141 7144 7190 7276 7443 7451 7452 7709 7711 7721 7724 7729 7733 7737 7822 7901 7909 7952 8034 8047 
            8063 8064 8082 8095 8109 8121 8140 8147 8160 8224 8235 8479
		}
	}
	
	fertile_highlands = {
		color = { 247 147 36 }
		type = hills
		sound_type = mountains

		supply_limit = 3
		movement_cost = 1.5
		local_development_cost = 0.3		#Much more friendly than normal highlands
		allowed_num_of_buildings = 1
		nation_designer_cost_multiplier = 0.95
		defence = 2
		local_defensiveness = 0.2
		local_build_time = 0.2			#Rough uneven terrain
		local_build_cost = 0.05			#Few good construction supplies but it's not that bad
		local_production_efficiency = 0.025	#Land fertile and more productive than typical highlands

		terrain_override = {
			516 520 527 537 588 602 615 627 642 686 737 798 994 1013 1017 1018 1121 1223 1240 1833 1837 1852 1986 2018 2020 2027 2049 2089 2097 2157 2171 2254 
            2302 2477 2480 2487 2488 2605 2694 2772 2948 2977 2991 3008 3168 3201 3209 3248 3250 3274 3275 3286 3540 3541 3542 3544 3547 3573 3617 3618 3689 3710 
            3711 3712 3729 4098 4198 4212 4301 4308 4351 4359 4363 4427 4439 4453 4547 4634 4699 4700 4703 4744 4760 4791 4794 4795 4798 4834 4836 4859 4934 4948 
            5017 5071 5144 5147 5152 5161 5172 5206 5214 5266 5338 5369 5372 5614 5687 5721 5745 5752 5753 5762 5767 5804 5816 5833 5835 5877 5878 5881 5882 5888 
            6434 6437 6438 6448 6458 6467 6567 6645 6681 6752 6789 6792 6803 6814 6820 6979 7012 7014 7050 7069 7077 7082 7109 7118 7135 7148 7149 7163 7172 7532 
            7549 7583 7605 7653 7659 7675 7676 7764 7941 7942 7943 8051 8096 8168 8169 8171 8179 8236 8293 8396 8423 8425 8449 8469 8473 8476 8484 8489 8493 8495 
            8540 8549 8593 8645 8840 8846
		}
	}
	
	mountain = {
		color = { 105 24 4 }
		type = mountains
		sound_type = mountains

		supply_limit = 1
		attrition = 2
		movement_cost = 2.5			#vanilla 1.5
		local_development_cost = 0.80
		allowed_num_of_buildings = -2
		nation_designer_cost_multiplier = 0.85
		defence = 4
		local_defensiveness = 0.50
		local_build_time = 0.5			#Extemely rough, uneven terrain. Also great gameplay. You want a superfort? Then you have to pay for it then wait.
		local_build_cost = 0.25			#Plenty of stone and often decent wood, but very difficult, expensive and time consuming to build in this terrain

		terrain_override = {
			110 120 128 132 197 204 413 414 420 452 508 509 511 551 570 578 583 587 643 660 673 674 675 681 689 693 694 703 706 713 716 718 719 729 732 734 741 
            758 759 783 785 792 796 802 805 806 812 813 814 817 833 836 847 853 861 864 869 879 881 995 974 975 977 995 1025 1031 1034 1047 1056 1057 1063 1065 
            1066 1211 1214 1218 1273 1318 1787 1788 1808 1831 1843 1856 1867 1871 1934 1952 1967 1973 2004 2019 2032 2036 2041 2048 2068 2069 2103 2104 2108 2111 
            2112 2117 2129 2134 2136 2147 2160 2165 2168 2170 2173 2177 2178 2180 2181 2183 2184 2189 2197 2198 2201 2210 2211 2212 2217 2223 2228 2231 2236 2295 
            2300 2305 2364 2389 2395 2401 2444 2446 2459 2462 2468 2479 2480 2482 2494 2564 2565 2608 2610 2615 2620 2624 2636 2642 2643 2645 2662 2663 2681 2702 
            2737 2743 2748 2752 2756 2761 2763 2766 2767 2769 2771 2791 2813 2817 2818 2822 2824 2825 2828 2835 2838 2840 2862 2871 2872 2874 2877 2891 2892 2894 
            2895 2899 2916 2919 2947 2950 2987 2989 2990 3034 3046 3048 3049 3054 3093 3100 3106 3109 3115 3118 3138 3167 3174 3188 3193 3204 3212 3215 3249 3251 
            3253 3255 3258 3305 3308 3311 3326 3327 3336 3353 3355 3538 3539 3553 3557 3561 3562 3563 3564 3567 3609 3613 3619 3621 3622 3635 3637 3638 3644 3646 
            3653 3660 3662 3678 3682 3683 3690 3728 3735 3737 3743 3752 3757 3770 3771 3772 3773 3774 3778 3781 3784 3785 3965 3967 3968 3972 3973 3975 3986 3993 
            3996 4023 4027 4030 4041 4047 4054 4055 4058 4059 4069 4103 4127 4145 4199 4203 4206 4210 4211 4214 4216 4217 4220 4222 4227 4229 4232 4236 4294 4297 
            4300 4303 4306 4329 4331 4342 4344 4366 4378 4391 4397 4404 4412 4421 4440 4445 4449 4469 4481 4491 4492 4493 4558 4561 4572 4573 4576 4582 4586 4587 
            4589 4597 4601 4602 4604 4607 4611 4630 4632 4634 4637 4640 4641 4642 4646 4647 4653 4654 4655 4656 4659 4660 4661 4668 4674 4679 4680 4694 4710 4721 
            4740 4759 4780 4784 4814 4820 4823 4824 4835 4837 4840 4852 4856 4860 4869 4879 4889 4927 4942 4949 4954 4960 4965 4989 5010 5011 5012 5014 5064 5071 
            5113 5146 5151 5158 5203 5213 5229 5239 5241 5292 5313 5323 5327 5333 5341 5344 5359 5360 5376 5428 5557 5559 5567 5597 5601 5606 5612 5613 5630 5688 
            5695 5699 5723 5729 5730 5737 5742 5759 5761 5763 5764 5768 5774 5776 5777 5780 5784 5793 5794 5796 5798 5803 5811 5825 5826 5836 5846 5847 5849 5850 
            5851 5870 5872 5876 5879 5880 5883 5884 5886 5890 5891 5907 5911 5981 6135 6146 6176 6188 6430 6443 6444 6451 6452 6453 6468 6471 6472 6477 6480 6481 
            6482 6486 6492 6495 6498 6649 6650 6659 6880 6894 7008 7010 7024 7026 7027 7033 7040 7045 7059 7060 7062 7064 7080 7083 7088 7091 7097 7098 7102 7108 
            7133 7142 7146 7149 7150 7156 7169 7453 7454 7559 7601 7639 7640 7647 7652 7659 7664 7666 7684 7700 7701 7703 7705 7706 7710 7725 7745 7746 7749 7751 
            7760 7783 7787 7820 7892 7906 7914 7915 7919 7920 7921 7923 7978 8009 8016 8026 8039 8044 8045 8053 8066 8078 8079 8081 8083 8091 8092 8097 8099 8108 
            8110 8113 8114 8142 8178 8181 8204 8207 8210 8211 8212 8239 8271 8272 8274 8412 8414 8426 8436 8447 8452 8519 8523 8529 8547 8548 8552 8553 8573 8579 
            8586 8592 8596 8599 8600 8605 8607 8617 8629 8640 8646 8647 8648 8676 8688 8689 8692 8765 8767 8850 8904
		}
	}
	
	cold_mountains = {
		color = { 236 198 170 }
		type = mountains
		sound_type = mountains

		supply_limit = 0
		attrition = 3
		movement_cost = 2.75			#vanilla 1.5
		local_development_cost = 1
		allowed_num_of_buildings = -2
		nation_designer_cost_multiplier = 0.85
		defence = 4
		local_defensiveness = 0.55		#+5% more defensiveness than mountains due to climate and weather factor
		local_build_time = 0.5			#Extemely rough, uneven terrain. Also great gameplay. You want a superfort? Then you have to pay for it then wait.
		local_build_cost = 0.5			#Plenty of stone for sure but not much else. All covered in snow, extremely cold and steep
		local_manpower_modifier = -0.1		#Conditions actively work against population growth
		
		terrain_override = {
			315 458 554 661 678 705 797 804 1035 1039 1040 1042 1044 1055 1072 1080 1768 1780 1873 2003 2073 2074 2125 2127 2131 2132 2133 2135 2166 2167 2486 
            2827 2829 2837 2839 2940 2941 3045 3117 3119 3262 3294 3348 3349 3596 3623 3624 3627 3628 3629 3630 3631 3633 3688 4204 4514 4515 4517 4518 4519 4520 
            4722 4947 4981 5078 5083 5193 5556 5595 5741 5748 5779 5790 5806 5808 5889 5892 5893 5896 5897 5898 5908 6128 7597 7895 8005 8031 8406 8527 8528 8541 
            8543 8554
		}
	}

	savannah = {
		color = { 248 199 23  }
		sound_type = plains
	
		supply_limit = 2
		movement_cost = 1.00			#vanilla 1.00
		local_development_cost = 0.25
		allowed_num_of_buildings = 2
		nation_designer_cost_multiplier = 0.95	
		defence = -1
		local_build_time = -0.25			#Flat land, like the farm and grasslands above.
		local_build_cost = 0.1			#Mostly small vegetation and trees for construction supplies and weatherproofing is difficult.
		
		terrain_override = {
			485 520 544 550 601 603 606 740 768 834 1088 1089 1091 1093 1114 1115 1117 1122 1123 1131 1135 1136 1143 1148 1150 1153 1154 1157 1158 1161 1189 1191 
            1193 1194 1198 1199 1200 1208 1209 1212 1217 1823 1949 2053 2237 2240 2243 2245 2250 2252 2253 2263 2264 2265 2266 2267 2279 2280 2281 2283 2293 2374 
            2378 2383 2384 2656 2759 2764 2773 2776 2777 2781 2782 2793 2795 2798 2799 2805 2809 2810 2812 2842 2854 2878 2883 2893 2909 2918 2923 2924 2925 2926 
            2927 2939 3802 3803 3804 3805 3806 3807 3808 3809 3810 3819 3820 3821 3822 3823 3826 3827 3828 3829 3830 3836 3837 3838 3845 3846 3847 3848 3849 3850 
            3851 3877 3878 3879 3880 3881 3884 3885 3886 3887 3888 3903 3908 3911 3912 3917 3918 3921 4022 4028 4031 4032 4033 4035 4036 4038 4044 4048 4049 4051 
            4052 4056 4057 4076 4083 4106 4108 4393 4395 4423 4435 4456 4480 4501 4608 4613 4614 4615 4618 4623 4782 4861 4863 4864 4866 5287 5289 5346 5347 5362 
            5386 5394 5398 5400 5405 5406 5407 5411 5413 5414 5415 5416 5421 5425 5427 5572 6015 6017 6181 6184 6191 6192 6194 6195 6196 6199 6200 6202 6206 6211 
            6515 6521 6527 6528 6545 6546 6554 6569 6589 6590 6591 6654 6660 6662 6663 6664 6674 7359 7367 7370 7742 8132 8566 8580 8590 8652 8728 8730 8742
		}
	}

	jungle = {
		color = { 98 163 18 }
		type = jungle
		sound_type = jungle

		supply_limit = 1
		movement_cost = 2.0			#vanilla 1.5
		local_development_cost = 0.60
		allowed_num_of_buildings = -2
		nation_designer_cost_multiplier = 0.9
		defence = 3
		local_build_time = 0.5			#Rough, uneven terrain and dense vegetation to be cleared
		local_build_cost = 0.1			#Rough terrain and extremely humid weather requires some extra attention

		terrain_override = {
			490 560 567 582 592 595 597 598 623 625 626 638 645 646 647 648 666 742 743 744 745 746 747 799 800 815 818 822 826 838 840 842 846 1106 1117 1118 
            1121 1125 1144 1147 1152 1236 1238 1950 2026 2029 2037 2050 2081 2082 2085 2289 2377 2379 2387 2391 2392 2397 2398 2400 2403 2634 2650 2651 2654 2678 
            2679 2683 2684 2692 2696 2699 2701 2706 2707 2708 2709 2713 2716 2717 2719 2720 2722 2723 2725 2728 2729 2730 2731 2732 2733 2803 2814 2815 2816 2819 
            2830 2832 2833 2882 2900 2901 2902 2905 2906 2928 2929 2930 2932 2935 2938 2949 3026 3027 3030 3031 3033 3035 3037 3559 3560 3786 3787 3788 3789 3790 
            3791 3792 3793 3794 3795 3796 3797 3798 3799 3800 3801 3889 3890 3891 3892 3893 3894 3895 3896 3897 3919 3920 3922 3923 3924 3925 3926 4026 4065 4066 
            4071 4074 4079 4085 4089 4105 4355 4394 4407 4408 4413 4419 4429 4444 4451 4452 4471 4473 4478 4596 4599 4622 4790 4803 4805 4819 4822 4827 4828 4845 
            4847 4848 4849 4850 4867 5140 5141 5248 5336 5563 5715 6089 6090 6091 6092 6093 6094 6095 6097 6100 6101 6102 6105 6106 6110 6112 6113 6116 6118 6120 
            6121 6122 6123 6124 6125 6201 6203 6204 6205 6518 6529 6534 6535 6536 6538 6539 6540 6542 6556 6557 6676 6896 6898 6907 6909 6940 7000 7104 7131 7173 
            7180 7184 7189 7372 7373 7470 7472 7492 7493 7494 7713 8273 8280 8286 8289 8290 8294 8417 8422 8427 8429 8551 8558 8563 8569 8572 8578 8581 8583 8585 
            8588 8594 8602 8603 8616 8625 8627 8628 8632 8635 8637 8655 8667 8671 8672 8678 8684 8686 8690 8691 8697 8701 8702 8704 8706 8709 8714 8715 8716 8720 
            8723 8745 8746 8748		   
		}
	}
	
	tropical_highlands_terrain = {
		color = { 108 132 28 }
		type = jungle
		sound_type = jungle
		
		supply_limit = 1
		movement_cost = 2.0
		local_development_cost = 0.75
		allowed_num_of_buildings = -2
		nation_designer_cost_multiplier = 0.9
		defence = 4
		attrition = 1
		local_defensiveness = 0.25		#Highland, uneven terrain filled with dense vegetation and obstacles
		local_build_time = 0.7			#Rough, uneven terrain and dense vegetation to be cleared
		local_build_cost = 0.15			#Rough terrain and extremely humid weather requires some extra attention
		
		terrain_override = {
			530 547 553 580 585 591 593 610 611 616 619 632 633 637 654 664 670 803 824 1162 1163 1169 1245 1249 1817 1840 1844 1947 2090 2091 2152 2153 2155 
            2158 2174 2241 2255 2257 2286 2292 2371 2375 2381 2382 2386 2390 2394 2396 2402 2404 2680 2682 2711 2714 2715 2724 2804 2806 2811 2889 2903 2904 2931 
            2937 2943 2944 3025 3535 3550 3555 3556 3761 3762 3763 3764 3765 3766 3767 3768 3769 4021 4024 4025 4068 4109 4350 4398 4405 4406 4414 4446 4447 4448 
            4450 4470 4600 4617 4620 4793 4800 4806 4813 4818 4821 4825 4829 4839 4841 4842 5029 5242 5339 5720 6532 6758 6905 6906 7073 7105 7119 7153 7168 7175 
            7176 7188 7380 7382 7383 7473 7474 7481 7483 7485 7486 7490 7497 7719 8268 8269 8275 8276 8418 8428 8546 8555 8562 8564 8568 8574 8575 8584 8591 8598 
            8612 8613 8614 8618 8619 8621 8626 8638 8643 8644 8653 8654 8656 8659 8670 8674 8675 8681 8687 8694 8699 8700 8703 8705 8726 8731
		}
	}	
	
	desert = {
		color = { 242 242 111 }
		type = desert
		sound_type = desert
	
		supply_limit = 0
		attrition = 3
		movement_cost = 1.40			#vanilla 1.05
		local_development_cost = 0.80
		allowed_num_of_buildings = -2
		nation_designer_cost_multiplier = 0.8
		defence = 2
		local_build_time = 0.50			#Ever try building on sand... it isn't easy
		local_build_cost = 0.25			#All materials need to be imported, extreme weather causes material attrition, no labour pools to draw upon
		
		terrain_override = {
			404 427 432 443 444 512 513 514 707 709 710 711 720 793 1207 1233 2066 2088 2121 2122 2124 2193 2234 2272 2288 2309 2318 2323 2363 2472 2492 2778 
            2784 2785 2792 2821 2826 2864 3396 3397 3593 3599 3603 3605 3607 3608 3620 3641 3642 3652 3667 3669 3672 3673 3723 3775 3811 3814 3815 3816 3817 3818 
            3831 3833 3834 3835 3856 3857 3859 3860 3861 3862 3863 3864 3866 3867 3870 3871 3872 3873 3876 3882 3883 3904 3905 3906 3907 3909 3910 3913 3914 3915 
            3916 3935 3938 3941 3942 3943 3946 3950 3951 3955 3959 3963 3964 3974 3990 4207 4209 4221 4272 4323 4334 4336 4502 4507 4669 4683 4693 4967 5221 5244 
            5273 5293 5363 5390 5395 5396 5397 5405 5550 5839 5840 5858 6130 6139 6140 6141 6142 6174 6183 6185 6193 6197 6198 6470 6531 6571 6579 6602 6603 6612 
            6613 6614 6637 6639 6954 6998 6999 7455 7456 7457 7462 7463 7467 7468 8408 8740
		}	
	}
	
	coastal_desert = {
		color = { 255 211 110 }
		type = desert
		sound_type = desert
		supply_limit = 0
		movement_cost = 1.20			#vanilla 1.0
		local_development_cost = 0.60
		allowed_num_of_buildings = -2
		nation_designer_cost_multiplier = 0.8
		defence = 2
		attrition = 2
		local_build_time = 0.50			#Ever try building on sand... it isn't easy
		local_build_cost = 0.25			#All materials need to be imported, extreme weather causes material attrition, no labour pools to draw upon
		
		terrain_override = {
			347 355 364 387 402 430 439 575 866 1111 1206 1970 2024 2244 2324 2325 2326 2341 2342 2349 2451 2452 2616 2726 2783 2788 2826 2841 3591 3600 3719 3720 
            4283 4327 4577 4865 4964 5180 5251 5255 5271 5272 5274 5312 5387 5426 5555 6134 6551 6552 6553 6585 6962 6963 7449 7461 8409
		}
	}
	
	dry_river = {
		color = { 236 225 17 }
		type = plains
		sound_type = desert

		supply_limit = 3			#2 or 3, not sure
		movement_cost = 1.00			#River, my beloved mean of travel!
		local_development_cost = 0.2		#Not as harsh as desert thanks to river
		allowed_num_of_buildings = 1
		nation_designer_cost_multiplier = 0.95
		defence = 1
		attrition = 1
		local_build_time = 0.2			#Arid land that needs to be prepared, at least there's river nearby
		local_build_cost = 0.1			#Few trees for building materials, alternate building materials take more time to gather and import

		terrain_override = {
			406 407 435 505 867 1175 1176 2229 2262 2310 2311 2314 2779 2780 3032 3043 3398 3651 3656 3659 3742 3988 4325 4628 5042 5277 5278 5279 5349 5548 5552 
            5757 5830 5832 6503 6504 6506 6507 6508 6509 6510 6511 6561 6575 6580 6581 6582 6632 6633 6638 6670 8411
		}
	}
	
	salt_flats = {
		color = { 245 245 230 }
		type = desert
		sound_type = desert
	
		supply_limit = 0
		attrition = 4
		movement_cost = 1.0			#Actually easy to move on
		local_development_cost = 0.9
		allowed_num_of_buildings = -2
		nation_designer_cost_multiplier = 0.8
		local_build_time = 0.4			#Ever try building on salt wasteland... it isn't easy but at least terrain is flat
		local_build_cost = 0.50			#All materials need to be imported, no labour pools to draw upon
		local_manpower_modifier = -0.2		#Extreme conditions actively against population growth, no food and easy to die here
		local_defensiveness = -0.1		#I'd say that completely flat, open terrain opposed defensive efforts in this instance
		
		terrain_override = {
			434 2123 2191 2230 2370 2478 2619 2946 3602 3675 3813 3865 3868 3869 3874 3940 3960 4274 4506 5129 5303 5316 5329 5389 5391 5399 5402 5423 6132 6143 
            6968 8404 8410
		}	
	}
	
	desert_ranges = {
		color = { 235 109 56 }
		type = desert
		sound_type = desert
		supply_limit = 0
		movement_cost = 1.75
		local_development_cost = 0.9
		allowed_num_of_buildings = -2
		nation_designer_cost_multiplier = 0.8
		defence = 4
		attrition = 3
		local_defensiveness = 0.50		#Desert mountains, same as mountains + harsh desert conditions
		local_build_time = 0.5			#Try to combine deserted ground and uneven mountainous terrain
		local_build_cost = 0.4			#All materials need to be importend, requires constant supply lines, no native labors to use + extreme conditions
		local_manpower_modifier = -0.1		#Conditions actively against population growth, scarse food and easy to die here
		
		terrain_override = {
			349 350 351 391 403 436 576 2182 2219 2232 2233 2235 2330 2343 2345 2450 2458 2460 2463 2464 2466 2474 3588 3592 3594 3595 3597 3598 3601 3643 3668 
            3671 3713 3715 3716 3717 3718 3952 3953 3954 3957 3958 4277 4282 4284 4287 4326 4345 4975 4979 5181 5220 5228 5231 5232 5235 5243 5246 5280 5282 5307 
            5309 5310 5324 5328 5348 5838 6129 6505 6550 6607 6672 6952 6959 7450 8407 
		}
	}
	
	dry_highlands = {
		color = { 230 135 135 }
		type = hills
		sound_type = plains

		supply_limit = 2
		movement_cost = 1.5		#vanilla 1.00
		local_development_cost = 0.6	#Same as hills due to climate and uneven terrain
		allowed_num_of_buildings = 1
		nation_designer_cost_multiplier = 0.9
		defence = 2
		local_defensiveness = 0.175		#Defensive positions on high ground, though not as great at hills covered in forest
		local_build_time = 0.05			#Uneven land but hard soil
		local_build_cost = 0.15			#Few trees for building materials, alternate building materials take more time to gather, lower pop density for labour

		terrain_override = {
			352 353 399 405 437 569 699 702 750 774 1099 1210 1216 1220 1229 2115 2215 2274 2321 2327 2328 2346 2454 2765 2789 2790 2885 2914 2915 3038 3059 3061 
            3078 3084 3095 3612 3640 3654 3655 3663 3679 3684 3685 3731 3733 3734 3740 3858 3945 3956 3985 3998 4060 4171 4269 4271 4278 4286 4296 4310 4332 4338 
            4566 4671 5044 5137 5150 5165 5212 5233 5295 5296 5298 5311 5331 5332 5334 5354 5355 5361 5367 5551 5561 5772 6131 6133 6627 6630 6641 6652 7458 8036 
            8052 8056 8065 8086 8741
		}
	}
	
	tundra_terrain = {
		color = { 179 215 197 }
		type = marsh
		sound_type = desert
		
		supply_limit = 1
		attrition = 1
		movement_cost = 1.3			#Not as bad to move through due to flat and mostly open terrain
		local_development_cost = 0.75
		allowed_num_of_buildings = -1
		nation_designer_cost_multiplier = 0.8
		attrition = 2
		local_build_time = 0.4			#Building in tundra is rather slow
		local_build_cost = 0.25			#While not as expensive as glacier, it still requires moderate effort
		
		terrain_override = {			#Anything that is in subpolar region, doesn't have massive mountain and isn't glacial
			371 998 1036 1037 1038 1041 1043 1104 1812 2425 2430 2439 2440 2445 2574 3112 3113 3114 3285 4969 4970 4971 4976 4978 4990 4991 4992 4993 4994 4995 
            4996 4997 5006 5007 5067 5075 5076 5178 5649 5650 5674 5678 5917 7496 8003 8011 8012 8545
		}
	}
	
	glacier = {
		color = { 235 235 235 }
		sound_type = desert

		supply_limit = 0
		attrition = 4
		movement_cost = 2.0			#vanilla 1.25
		local_development_cost = 2.0
		allowed_num_of_buildings = -1
		nation_designer_cost_multiplier = 0.8
		defence = 5
		local_build_time = 0.5			#Try building on ice, on a slope, in -40 degrees, with a polar bear chasing you, in a blizzard...
		local_build_cost = 0.5			#Most expensive terrain to build on. Arctic should stay low dev and weak

		terrain_override = {
			676 1105 2025 2070 2071 2074 2128 2129 2130 3111 4205 4516 4521 5070 5093 5588 5589 5590 5591 5596
		}
	}

	impassable_mountains = {
		color = { 128 128 128 }
		sound_type = desert
		movement_cost = 8.0
		defence = 6
		local_development_cost = 10
	}
	
	ocean = {
		color = { 255 255 255 }
		sound_type = sea
		movement_cost = 1.0
		is_water = yes
	}

	inland_ocean = {
		color = { 0 0 200 }
		sound_type = sea
		movement_cost = 1.0
		is_water = yes
		inland_sea = yes
	}
	
	# Great Britain
	urban_london = {
		color = { 177 156 217 }
		type = plains
		sound_type = plains
		supply_limit = 10
		movement_cost = 1.0
		local_development_cost = -0.40
        trade_goods_size = 1
		allowed_num_of_buildings = 4
		nation_designer_cost_multiplier = 1.50
		local_build_time = -0.30
		local_build_cost = -0.25
		terrain_override = {
			236
		}
	}
    # Great Britain
    urban_st_albans = {
        color = { 177 156 217 }
        type = plains
        sound_type = plains
        supply_limit = 10
        movement_cost = 1.0
        local_development_cost = -0.40
        trade_goods_size = 1
        allowed_num_of_buildings = 4
        nation_designer_cost_multiplier = 1.50
        local_build_time = -0.30
        local_build_cost = -0.25
        terrain_override = {
            3393
        }
    }
	# Great Britain
	urban_westminster = {
		color = { 177 156 217 }
		type = plains
		sound_type = plains
		supply_limit = 10
		movement_cost = 1.0
		local_development_cost = -0.30
		allowed_num_of_buildings = 4
		nation_designer_cost_multiplier = 1.50
		local_build_time = -0.30
		local_build_cost = -0.25
		terrain_override = {
			7437
		}
	}
	# Great Britain
	urban_lambeth = {
		color = { 177 156 217 }
		type = plains
		sound_type = plains
		supply_limit = 10
		movement_cost = 1.0
		local_development_cost = -0.30
		allowed_num_of_buildings = 4
		nation_designer_cost_multiplier = 1.50
		local_build_time = -0.30
		local_build_cost = -0.25
		terrain_override = {
			6929
		}
	}
    urban_southwark = {
        color = { 177 156 217 }
        type = plains
        sound_type = plains
        supply_limit = 10
        movement_cost = 1.0
        local_development_cost = -0.30
        allowed_num_of_buildings = 4
        nation_designer_cost_multiplier = 1.50
        local_build_time = -0.30
        local_build_cost = -0.25
        terrain_override = {
            3392
        }
    }
	# Great Britain
	urban_canterbury = {
		color = { 177 156 217 }
        type = forest
        sound_type = forest
        supply_limit = 4
        movement_cost = 1.10
        local_development_cost = -0.10
        allowed_num_of_buildings = 3
        nation_designer_cost_multiplier = 1.4
        defence = 1
        local_defensiveness = 0.1
        local_build_cost = -0.1
		terrain_override = {
			7423
		}
	}
	# Great Britain
	urban_dover = {
		color = { 177 156 217 }
        type = forest
        sound_type = forest
        supply_limit = 4
        movement_cost = 1.10
        local_development_cost = -0.10
        allowed_num_of_buildings = 3
        nation_designer_cost_multiplier = 1.4
        defence = 1
        local_defensiveness = 0.1
        local_build_cost = -0.1
		terrain_override = {
			235
		}
	}
	# Great Britain
	urban_brighton = {
		color = { 177 156 217 }
		type = plains
		sound_type = plains
		supply_limit = 10
		movement_cost = 1.0
		local_development_cost = -0.20
		allowed_num_of_buildings = 4
		nation_designer_cost_multiplier = 1.50
		local_build_time = -0.30
		local_build_cost = -0.25
		terrain_override = {
			7422
		}
	}
	# Great Britain
	urban_truro = {
		color = { 177 156 217 }
        type = hills
        sound_type = mountains
        supply_limit = 2
        movement_cost = 1.80
        local_development_cost = 0.10
        allowed_num_of_buildings = 2
        nation_designer_cost_multiplier = 1.3
        defence = 2
        local_defensiveness = 0.2
        local_build_time = 0.25
		terrain_override = {
			233
		}
	}
	# Great Britain
	urban_bath = {
		color = { 177 156 217 }
        type = hills
        sound_type = mountains
        supply_limit = 2
        movement_cost = 1.80
        local_development_cost = 0.10
        allowed_num_of_buildings = 2
        nation_designer_cost_multiplier = 1.3
        defence = 2
        local_defensiveness = 0.2
        local_build_time = 0.25
		terrain_override = {
			7425
		}
	}
	# Great Britain
	urban_buckinghamshire = {
		color = { 177 156 217 }
		type = plains
		sound_type = plains
		supply_limit = 10
		movement_cost = 1.0
		local_development_cost = -0.20
		allowed_num_of_buildings = 4
		nation_designer_cost_multiplier = 1.50
		local_build_time = -0.30
		local_build_cost = -0.25
		terrain_override = {
			8125
		}
	}
	# Great Britain
	urban_lancaster = {
		color = { 177 156 217 }
		type = plains
		sound_type = plains
        supply_limit = 10
        movement_cost = 1.0
        local_development_cost = -0.20
        allowed_num_of_buildings = 4
        nation_designer_cost_multiplier = 1.50
        local_build_time = -0.30
        local_build_cost = -0.25
		terrain_override = {
			244
		}
	}
	# Great Britain
	urban_durham = {
		color = { 177 156 217 }
		type = plains
		sound_type = plains
        supply_limit = 10
        movement_cost = 1.0
        local_development_cost = -0.20
        allowed_num_of_buildings = 4
        nation_designer_cost_multiplier = 1.50
        local_build_time = -0.30
        local_build_cost = -0.25
		terrain_override = {
			4368
		}
	}
	# Great Britain
	urban_berwick = {
		color = { 177 156 217 }
		type = plains
		sound_type = plains
        supply_limit = 10
        movement_cost = 1.0
        local_development_cost = -0.20
        allowed_num_of_buildings = 4
        nation_designer_cost_multiplier = 1.50
        local_build_time = -0.30
        local_build_cost = -0.25
		terrain_override = {
			8137
		}
	}
	# Great Britain
	urban_jersey = {
		color = { 177 156 217 }
        sound_type = sea
        supply_limit = 6
        movement_cost = 1.10
        local_development_cost = -0.10
        allowed_num_of_buildings = 2
        nation_designer_cost_multiplier = 1.4
        defence = 2
        local_build_time = 0.15
        local_build_cost = 0.10
		terrain_override = {
			3110
		}
	}
	# Great Britain
	urban_york = {
		color = { 177 156 217 }
		type = plains
		sound_type = plains
        supply_limit = 10
        movement_cost = 1.0
        local_development_cost = -0.20
        allowed_num_of_buildings = 4
        nation_designer_cost_multiplier = 1.50
        local_build_time = -0.30
        local_build_cost = -0.25
		terrain_override = {
			245
		}
	}
    # Great Britain
    urban_york_minster = {
        color = { 177 156 217 }
        type = plains
        sound_type = plains
        supply_limit = 10
        movement_cost = 1.0
        local_development_cost = -0.20
        allowed_num_of_buildings = 4
        nation_designer_cost_multiplier = 1.50
        local_build_time = -0.30
        local_build_cost = -0.25
        terrain_override = {
            3394
        }
    }
	# Great Britain
	urban_newcastle = {
		color = { 177 156 217 }
		type = plains
		sound_type = plains
        supply_limit = 10
        movement_cost = 1.0
        local_development_cost = -0.20
        allowed_num_of_buildings = 4
        nation_designer_cost_multiplier = 1.50
        local_build_time = -0.30
        local_build_cost = -0.25
		terrain_override = {
			7428
		}
	}
	# Great Britain
	urban_manchester = {
		color = { 177 156 217 }
		type = plains
		sound_type = plains
        supply_limit = 10
        movement_cost = 1.0
        local_development_cost = -0.20
        allowed_num_of_buildings = 4
        nation_designer_cost_multiplier = 1.50
        local_build_time = -0.30
        local_build_cost = -0.25
		terrain_override = {
			7426
		}
	}
	# Great Britain
	urban_liverpool = {
		color = { 177 156 217 }
		type = plains
		sound_type = plains
        supply_limit = 10
        movement_cost = 1.0
        local_development_cost = -0.20
        allowed_num_of_buildings = 4
        nation_designer_cost_multiplier = 1.50
        local_build_time = -0.30
        local_build_cost = -0.25
		terrain_override = {
			7427
		}
	}
	# Great Britain
	urban_chester = {
		color = { 177 156 217 }
		type = plains
		sound_type = plains
        supply_limit = 10
        movement_cost = 1.0
        local_development_cost = -0.20
        allowed_num_of_buildings = 4
        nation_designer_cost_multiplier = 1.50
        local_build_time = -0.30
        local_build_cost = -0.25
		terrain_override = {
			4375
		}
	}
	# Great Britain
	urban_shrewsbury = {
		color = { 177 156 217 }
        type = hills
        sound_type = mountains
        supply_limit = 2
        movement_cost = 1.80
        local_development_cost = 0.10
        allowed_num_of_buildings = 2
        nation_designer_cost_multiplier = 1.3
        defence = 2
        local_defensiveness = 0.2
        local_build_time = 0.25
		terrain_override = {
			240
		}
	}
	# Great Britain
	urban_bristol = {
		color = { 177 156 217 }
		type = plains
		sound_type = plains
        supply_limit = 10
        movement_cost = 1.0
        local_development_cost = -0.20
        allowed_num_of_buildings = 4
        nation_designer_cost_multiplier = 1.50
        local_build_time = -0.30
        local_build_cost = -0.25
		terrain_override = {
			239
		}
	}
	# Great Britain
	urban_lincoln = {
		color = { 177 156 217 }
        type = forest
        sound_type = forest
        supply_limit = 4
        movement_cost = 1.10
        local_development_cost = -0.10
        allowed_num_of_buildings = 3
        nation_designer_cost_multiplier = 1.4
        defence = 1
        local_defensiveness = 0.1
        local_build_cost = -0.1
		terrain_override = {
			243
		}
	}
	# Great Britain
	urban_norwich = {
		color = { 177 156 217 }
		type = plains
		sound_type = plains
        supply_limit = 10
        movement_cost = 1.0
        local_development_cost = -0.20
        allowed_num_of_buildings = 4
        nation_designer_cost_multiplier = 1.50
        local_build_time = -0.30
        local_build_cost = -0.25
		terrain_override = {
			7436
		}
	}
	# Great Britain
	urban_cambridge = {
		color = { 177 156 217 }
		type = plains
		sound_type = plains
        supply_limit = 10
        movement_cost = 1.0
        local_development_cost = -0.20
        allowed_num_of_buildings = 4
        nation_designer_cost_multiplier = 1.50
        local_build_time = -0.30
        local_build_cost = -0.25
		terrain_override = {
			4370
		}
	}
    # Great Britain
	urban_oxford = {
		color = { 177 156 217 }
		type = plains
		sound_type = plains
        supply_limit = 10
        movement_cost = 1.0
        local_development_cost = -0.20
        allowed_num_of_buildings = 4
        nation_designer_cost_multiplier = 1.50
        local_build_time = -0.30
        local_build_cost = -0.25
		terrain_override = {
			237
		}
	}
	# Great Britain
	urban_winchester = {
		color = { 177 156 217 }
        type = hills
        sound_type = mountains
        supply_limit = 2
        movement_cost = 1.80
        local_development_cost = 0.10
        allowed_num_of_buildings = 2
        nation_designer_cost_multiplier = 1.3
        defence = 2
        local_defensiveness = 0.2
        local_build_time = 0.25
		terrain_override = {
			7424
		}
	}
	# Great Britain
	urban_chichester = {
		color = { 177 156 217 }
        type = hills
        sound_type = mountains
        supply_limit = 2
        movement_cost = 1.80
        local_development_cost = 0.10
        allowed_num_of_buildings = 2
        nation_designer_cost_multiplier = 1.3
        defence = 2
        local_defensiveness = 0.2
        local_build_time = 0.25
		terrain_override = {
			4371
		}
	}
	# Great Britain
	urban_portsmouth = {
		color = { 177 156 217 }
		type = plains
		sound_type = plains
        supply_limit = 10
        movement_cost = 1.0
        local_development_cost = -0.20
        allowed_num_of_buildings = 4
        nation_designer_cost_multiplier = 1.50
        local_build_time = -0.30
        local_build_cost = -0.25
		terrain_override = {
			7442
		}
	}
	# Great Britain
	urban_southampton = {
		color = { 177 156 217 }
        type = forest
        sound_type = forest
        supply_limit = 4
        movement_cost = 1.10
        local_development_cost = -0.10
        allowed_num_of_buildings = 3
        nation_designer_cost_multiplier = 1.4
        defence = 1
        local_defensiveness = 0.1
        local_build_cost = -0.1
		terrain_override = {
			234
		}
	}
	# Great Britain
	urban_plymouth = {
		color = { 177 156 217 }
		type = plains
		sound_type = plains
        supply_limit = 10
        movement_cost = 1.0
        local_development_cost = -0.20
        allowed_num_of_buildings = 4
        nation_designer_cost_multiplier = 1.50
        local_build_time = -0.30
        local_build_cost = -0.25
		terrain_override = {
			7416
		}
	}
	# Great Britain
	urban_falmouth = {
		color = { 177 156 217 }
		type = plains
		sound_type = plains
        supply_limit = 10
        movement_cost = 1.0
        local_development_cost = -0.20
        allowed_num_of_buildings = 4
        nation_designer_cost_multiplier = 1.50
        local_build_time = -0.30
        local_build_cost = -0.25
		terrain_override = {
			7441
		}
	}
	# Great Britain
	urban_caernarfon = {
		color = { 177 156 217 }
		type = plains
		sound_type = plains
        supply_limit = 10
        movement_cost = 1.0
        local_development_cost = -0.20
        allowed_num_of_buildings = 4
        nation_designer_cost_multiplier = 1.50
        local_build_time = -0.30
        local_build_cost = -0.25
		terrain_override = {
			242
		}
	}
	# Great Britain
	urban_birmingham = {
		color = { 177 156 217 }
		type = plains
		sound_type = plains
        supply_limit = 10
        movement_cost = 1.0
        local_development_cost = -0.20
        allowed_num_of_buildings = 4
        nation_designer_cost_multiplier = 1.50
        local_build_time = -0.30
        local_build_cost = -0.25
		terrain_override = {
			7432
		}
	}
	# Great Britain
	urban_leicestershire = {
		color = { 177 156 217 }
		type = plains
		sound_type = plains
        supply_limit = 10
        movement_cost = 1.0
        local_development_cost = -0.20
        allowed_num_of_buildings = 4
        nation_designer_cost_multiplier = 1.50
        local_build_time = -0.30
        local_build_cost = -0.25
		terrain_override = {
			4376
		}
	}
	# Great Britain
	urban_nottinghamshire = {
		color = { 177 156 217 }
		type = plains
		sound_type = plains
        supply_limit = 10
        movement_cost = 1.0
        local_development_cost = -0.20
        allowed_num_of_buildings = 4
        nation_designer_cost_multiplier = 1.50
        local_build_time = -0.30
        local_build_cost = -0.25
		terrain_override = {
			8131
		}
	}
	# Great Britain
	urban_derbyshire = {
		color = { 177 156 217 }
        type = hills
        sound_type = mountains
        supply_limit = 2
        movement_cost = 1.80
        local_development_cost = 0.10
        allowed_num_of_buildings = 2
        nation_designer_cost_multiplier = 1.3
        defence = 2
        local_defensiveness = 0.2
        local_build_time = 0.25
		terrain_override = {
			1861
		}
	}
	# Great Britain
	urban_dorset = {
		color = { 177 156 217 }
        type = forest
        sound_type = forest
        supply_limit = 4
        movement_cost = 1.10
        local_development_cost = -0.10
        allowed_num_of_buildings = 3
        nation_designer_cost_multiplier = 1.4
        defence = 1
        local_defensiveness = 0.1
        local_build_cost = -0.1
		terrain_override = {
			4374
		}
	}
	# Great Britain
	urban_the_douglas = {
		color = { 177 156 217 }
        sound_type = sea
        supply_limit = 6
        movement_cost = 1.10
        local_development_cost = -0.10
        allowed_num_of_buildings = 2
        nation_designer_cost_multiplier = 1.4
        defence = 2
        local_build_time = 0.15
        local_build_cost = 0.10
		terrain_override = {
			4365
		}
	}
	# Great Britain
	urban_camarthenshire = {
		color = { 177 156 217 }
        type = hills
        sound_type = mountains
        supply_limit = 2
        movement_cost = 1.80
        local_development_cost = 0.10
        allowed_num_of_buildings = 2
        nation_designer_cost_multiplier = 1.3
        defence = 2
        local_defensiveness = 0.2
        local_build_time = 0.25
		terrain_override = {
			8143
		}
	}
	# Great Britain
	urban_cardiff = {
		color = { 177 156 217 }
        type = hills
        sound_type = mountains
        supply_limit = 2
        movement_cost = 1.80
        local_development_cost = 0.10
        allowed_num_of_buildings = 2
        nation_designer_cost_multiplier = 1.3
        defence = 2
        local_defensiveness = 0.2
        local_build_time = 0.25
		terrain_override = {
			241
		}
	}
	# Great Britain
	urban_edinburgh = {
		color = { 177 156 217 }
		type = plains
		sound_type = plains
        supply_limit = 10
        movement_cost = 1.0
        local_development_cost = -0.20
        allowed_num_of_buildings = 4
        nation_designer_cost_multiplier = 1.50
        local_build_time = -0.30
        local_build_cost = -0.25
		terrain_override = {
			248
		}
	}
	# Great Britain
	urban_inverness = {
		color = { 177 156 217 }
        type = hills
        sound_type = mountains
        supply_limit = 1
        movement_cost = 1.70
        local_development_cost = 0.15
        allowed_num_of_buildings = 2
        nation_designer_cost_multiplier = 1.25
        defence = 2
        local_defensiveness = 0.2
        local_build_time = 0.25
        local_build_cost = 0.1
		terrain_override = {
			252
		}
	}
	# Great Britain
	urban_stirling = {
		color = { 177 156 217 }
        type = hills
        sound_type = mountains
        supply_limit = 2
        movement_cost = 1.80
        local_development_cost = 0.10
        allowed_num_of_buildings = 2
        nation_designer_cost_multiplier = 1.3
        defence = 2
        local_defensiveness = 0.2
        local_build_time = 0.25
		terrain_override = {
			8148
		}
	}
	# Great Britain
	urban_glasgow = {
		color = { 177 156 217 }
		type = plains
		sound_type = plains
        supply_limit = 10
        movement_cost = 1.0
        local_development_cost = -0.20
        allowed_num_of_buildings = 4
        nation_designer_cost_multiplier = 1.50
        local_build_time = -0.30
        local_build_cost = -0.25
		terrain_override = {
			3019
		}
	}
    # Ireland
	urban_belfast = {
		color = { 177 156 217 }
		type = plains
		sound_type = plains
        supply_limit = 10
        movement_cost = 1.0
        local_development_cost = -0.20
        allowed_num_of_buildings = 4
        nation_designer_cost_multiplier = 1.50
        local_build_time = -0.30
        local_build_cost = -0.25
		terrain_override = {
			3006
		}
	}
	# Ireland
	urban_dublin = {
		color = { 177 156 217 }
		type = plains
		sound_type = plains
        supply_limit = 10
        movement_cost = 1.0
        local_development_cost = -0.20
        allowed_num_of_buildings = 4
        nation_designer_cost_multiplier = 1.50
        local_build_time = -0.30
        local_build_cost = -0.25
		terrain_override = {
			373
		}
	}
	# Ireland
	urban_carrickfergus = {
		color = { 177 156 217 }
        type = forest
        sound_type = forest
        supply_limit = 4
        movement_cost = 1.10
        local_development_cost = -0.10
        allowed_num_of_buildings = 3
        nation_designer_cost_multiplier = 1.4
        defence = 1
        local_defensiveness = 0.1
        local_build_cost = -0.1
		terrain_override = {
			4121
		}
	}
	# Ireland
	urban_cork = {
		color = { 177 156 217 }
        type = forest
        sound_type = forest
        supply_limit = 4
        movement_cost = 1.10
        local_development_cost = -0.10
        allowed_num_of_buildings = 3
        nation_designer_cost_multiplier = 1.4
        defence = 1
        local_defensiveness = 0.1
        local_build_cost = -0.1
		terrain_override = {
			4118
		}
	}
	# Ireland
	urban_limmerick_county = {
		color = { 177 156 217 }
        type = forest
        sound_type = forest
        supply_limit = 4
        movement_cost = 1.10
        local_development_cost = -0.10
        allowed_num_of_buildings = 3
        nation_designer_cost_multiplier = 1.4
        defence = 1
        local_defensiveness = 0.1
        local_build_cost = -0.1
		terrain_override = {
			8167
		}
	}
	# Ireland
	urban_waterford = {
		color = { 177 156 217 }
        type = forest
        sound_type = forest
        supply_limit = 4
        movement_cost = 1.10
        local_development_cost = -0.10
        allowed_num_of_buildings = 3
        nation_designer_cost_multiplier = 1.4
        defence = 1
        local_defensiveness = 0.1
        local_build_cost = -0.1
		terrain_override = {
			8164
		}
	}
	# Ireland
	urban_kildare = {
		color = { 177 156 217 }
        type = forest
        sound_type = forest
        supply_limit = 4
        movement_cost = 1.10
        local_development_cost = -0.10
        allowed_num_of_buildings = 3
        nation_designer_cost_multiplier = 1.4
        defence = 1
        local_defensiveness = 0.1
        local_build_cost = -0.1
		terrain_override = {
			4120
		}
	}
	# Ireland
	urban_meath = {
		color = { 177 156 217 }
        type = forest
        sound_type = forest
        supply_limit = 4
        movement_cost = 1.10
        local_development_cost = -0.10
        allowed_num_of_buildings = 3
        nation_designer_cost_multiplier = 1.4
        defence = 1
        local_defensiveness = 0.1
        local_build_cost = -0.1
		terrain_override = {
			8163
		}
	}
	# Ireland
	urban_sligo = {
		color = { 177 156 217 }
        type = forest
        sound_type = forest
        supply_limit = 4
        movement_cost = 1.10
        local_development_cost = -0.10
        allowed_num_of_buildings = 3
        nation_designer_cost_multiplier = 1.4
        defence = 1
        local_defensiveness = 0.1
        local_build_cost = -0.1
		terrain_override = {
			4119
		}
	}
    # France
	urban_calais = {
		color = { 177 156 217 }
		type = plains
		sound_type = plains
        supply_limit = 10
        movement_cost = 1.0
        local_development_cost = -0.20
        allowed_num_of_buildings = 4
        nation_designer_cost_multiplier = 1.50
        local_build_time = -0.30
        local_build_cost = -0.25
		terrain_override = {
			87
		}
	}
	# France
	urban_cherbourg = {
		color = { 177 156 217 }
        type = forest
        sound_type = forest
        supply_limit = 4
        movement_cost = 1.10
        local_development_cost = -0.10
        allowed_num_of_buildings = 3
        nation_designer_cost_multiplier = 1.4
        defence = 1
        local_defensiveness = 0.1
        local_build_cost = -0.1
		terrain_override = {
			4385
		}
	}
	# France
	urban_paris = {
		color = { 177 156 217 }
		type = plains
		sound_type = plains
        supply_limit = 10
        movement_cost = 1.0
        local_development_cost = -0.40
        trade_goods_size = 1
        allowed_num_of_buildings = 4
        nation_designer_cost_multiplier = 1.50
        local_build_time = -0.30
        local_build_cost = -0.25
		terrain_override = {
			183
		}
	}
	# France
	urban_versailles = {
		color = { 177 156 217 }
		type = plains
		sound_type = plains
        supply_limit = 10
        movement_cost = 1.0
        local_development_cost = -0.20
        allowed_num_of_buildings = 4
        nation_designer_cost_multiplier = 1.50
        local_build_time = -0.30
        local_build_cost = -0.25
		terrain_override = {
		    7981
		}
	}	
	# France
	urban_bordeaux = {
		color = { 177 156 217 }
		type = plains
		sound_type = plains
        supply_limit = 10
        movement_cost = 1.0
        local_development_cost = -0.20
        allowed_num_of_buildings = 4
        nation_designer_cost_multiplier = 1.50
        local_build_time = -0.30
        local_build_cost = -0.25
		terrain_override = {
			174
		}
	}
	# France
	urban_marseille = {
		color = { 177 156 217 }
        type = hills
        sound_type = mountains
        supply_limit = 2
        movement_cost = 1.80
        local_development_cost = 0.10
        allowed_num_of_buildings = 2
        nation_designer_cost_multiplier = 1.3
        defence = 2
        local_defensiveness = 0.2
        local_build_time = 0.25
		terrain_override = {
			201
		}
	}
	# France
	urban_orleans = {
		color = { 177 156 217 }
        type = plains
        sound_type = plains
        supply_limit = 10
        movement_cost = 1.0
        local_development_cost = -0.20
        allowed_num_of_buildings = 4
        nation_designer_cost_multiplier = 1.50
        local_build_time = -0.30
        local_build_cost = -0.25
		terrain_override = {
			184
		}
	}
	# France
	urban_sorbonne = {
		color = { 177 156 217 }
        type = plains
        sound_type = plains
        supply_limit = 10
        movement_cost = 1.0
        local_development_cost = -0.30
        allowed_num_of_buildings = 4
        nation_designer_cost_multiplier = 1.50
        local_build_time = -0.30
        local_build_cost = -0.25
		terrain_override = {
			7960
		}
	}
	# France
	urban_arsenal = {
		color = { 177 156 217 }
        type = plains
        sound_type = plains
        supply_limit = 10
        movement_cost = 1.0
        local_development_cost = -0.30
        allowed_num_of_buildings = 4
        nation_designer_cost_multiplier = 1.50
        local_build_time = -0.30
        local_build_cost = -0.25
		terrain_override = {
			6928
		}
	}
	# France
	urban_notre_dame = {
		color = { 177 156 217 }
        type = plains
        sound_type = plains
        supply_limit = 10
        movement_cost = 1.0
        local_development_cost = -0.30
        allowed_num_of_buildings = 4
        nation_designer_cost_multiplier = 1.50
        local_build_time = -0.30
        local_build_cost = -0.25
		terrain_override = {
			6927
		}
	}
	# France
	urban_ile_saint_louis = {
		color = { 177 156 217 }
        type = plains
        sound_type = plains
        supply_limit = 10
        movement_cost = 1.0
        local_development_cost = -0.30
        allowed_num_of_buildings = 4
        nation_designer_cost_multiplier = 1.50
        local_build_time = -0.30
        local_build_cost = -0.25
		terrain_override = {
			6924
		}
	}
	# France
	urban_brest = {
		color = { 177 156 217 }
        type = plains
        sound_type = plains
        supply_limit = 10
        movement_cost = 1.0
        local_development_cost = -0.20
        allowed_num_of_buildings = 4
        nation_designer_cost_multiplier = 1.50
        local_build_time = -0.30
        local_build_cost = -0.25
		terrain_override = {
			170
		}
	}
	# France
	urban_reims = {
		color = { 177 156 217 }
        type = plains
        sound_type = plains
        supply_limit = 10
        movement_cost = 1.0
        local_development_cost = -0.20
        allowed_num_of_buildings = 4
        nation_designer_cost_multiplier = 1.50
        local_build_time = -0.30
        local_build_cost = -0.25
		terrain_override = {
			186
		}
	}
	# France
	urban_lyon = {
		color = { 177 156 217 }
        type = hills
        sound_type = mountains
        supply_limit = 2
        movement_cost = 1.80
        local_development_cost = 0.10
        allowed_num_of_buildings = 2
        nation_designer_cost_multiplier = 1.3
        defence = 2
        local_defensiveness = 0.2
        local_build_time = 0.25
		terrain_override = {
			203
		}
	}
	# France
	urban_chalons = {
		color = { 177 156 217 }
        type = plains
        sound_type = plains
        supply_limit = 10
        movement_cost = 1.0
        local_development_cost = -0.20
        allowed_num_of_buildings = 4
        nation_designer_cost_multiplier = 1.50
        local_build_time = -0.30
        local_build_cost = -0.25
		terrain_override = {
			3071
		}
	}
	# France
	urban_nantes = {
		color = { 177 156 217 }
        type = plains
        sound_type = plains
        supply_limit = 10
        movement_cost = 1.0
        local_development_cost = -0.20
        allowed_num_of_buildings = 4
        nation_designer_cost_multiplier = 1.50
        local_build_time = -0.30
        local_build_cost = -0.25
		terrain_override = {
			172
		}
	}
	# France
	urban_caen = {
		color = { 177 156 217 }
        type = hills
        sound_type = mountains
        supply_limit = 2
        movement_cost = 1.80
        local_development_cost = 0.10
        allowed_num_of_buildings = 2
        nation_designer_cost_multiplier = 1.3
        defence = 2
        local_defensiveness = 0.2
        local_build_time = 0.25
		terrain_override = {
			168
		}
	}
	# France
	urban_montpellier = {
		color = { 177 156 217 }
        type = hills
        sound_type = mountains
        supply_limit = 2
        movement_cost = 1.80
        local_development_cost = 0.10
        allowed_num_of_buildings = 2
        nation_designer_cost_multiplier = 1.3
        defence = 2
        local_defensiveness = 0.2
        local_build_time = 0.25
		terrain_override = {
			200
		}
	}
	# France
	urban_tours = {
		color = { 177 156 217 }
        type = plains
        sound_type = plains
        supply_limit = 10
        movement_cost = 1.0
        local_development_cost = -0.20
        allowed_num_of_buildings = 4
        nation_designer_cost_multiplier = 1.50
        local_build_time = -0.30
        local_build_cost = -0.25
		terrain_override = {
			4389
		}
	}
	# France
	urban_nevers = {
		color = { 177 156 217 }
        type = forest
        sound_type = forest
        supply_limit = 4
        movement_cost = 1.10
        local_development_cost = -0.10
        allowed_num_of_buildings = 3
        nation_designer_cost_multiplier = 1.4
        defence = 1
        local_defensiveness = 0.1
        local_build_cost = -0.1
		terrain_override = {
			191
		}
	}
	# France
	urban_poitiers = {
		color = { 177 156 217 }
        type = forest
        sound_type = forest
        supply_limit = 4
        movement_cost = 1.10
        local_development_cost = -0.10
        allowed_num_of_buildings = 3
        nation_designer_cost_multiplier = 1.4
        defence = 1
        local_defensiveness = 0.1
        local_build_cost = -0.1
		terrain_override = {
			180
		}
	}
	# France
	urban_la_rochelle = {
		color = { 177 156 217 }
        type = plains
        sound_type = plains
        supply_limit = 10
        movement_cost = 1.0
        local_development_cost = -0.20
        allowed_num_of_buildings = 4
        nation_designer_cost_multiplier = 1.50
        local_build_time = -0.30
        local_build_cost = -0.25
		terrain_override = {
			4111
		}
	}
	# France
	urban_fontainebleau = {
		color = { 177 156 217 }
        type = forest
        sound_type = forest
        supply_limit = 4
        movement_cost = 1.10
        local_development_cost = -0.10
        allowed_num_of_buildings = 3
        nation_designer_cost_multiplier = 1.4
        defence = 1
        local_defensiveness = 0.1
        local_build_cost = -0.1
		terrain_override = {
			7957
		}
	}
	# France
	urban_dijon = {
		color = { 177 156 217 }
        type = hills
        sound_type = mountains
        supply_limit = 2
        movement_cost = 1.80
        local_development_cost = 0.10
        allowed_num_of_buildings = 2
        nation_designer_cost_multiplier = 1.3
        defence = 2
        local_defensiveness = 0.2
        local_build_time = 0.25
		terrain_override = {
			192
		}
	}
	# France
	urban_toulouse = {
		color = { 177 156 217 }
        type = hills
        sound_type = mountains
        supply_limit = 2
        movement_cost = 1.80
        local_development_cost = 0.10
        allowed_num_of_buildings = 2
        nation_designer_cost_multiplier = 1.3
        defence = 2
        local_defensiveness = 0.2
        local_build_time = 0.25
		terrain_override = {
			196
		}
	}
	# France
	urban_toulon = {
		color = { 177 156 217 }
        type = hills
        sound_type = mountains
        supply_limit = 2
        movement_cost = 1.80
        local_development_cost = 0.10
        allowed_num_of_buildings = 2
        nation_designer_cost_multiplier = 1.3
        defence = 2
        local_defensiveness = 0.2
        local_build_time = 0.25
		terrain_override = {
			4696
		}
	}
	# France
	urban_avignon = {
		color = { 177 156 217 }
        type = hills
        sound_type = mountains
        supply_limit = 2
        movement_cost = 1.80
        local_development_cost = 0.10
        allowed_num_of_buildings = 2
        nation_designer_cost_multiplier = 1.3
        defence = 2
        local_defensiveness = 0.2
        local_build_time = 0.25
		terrain_override = {
			202
		}
	}
	# France
	urban_carcassonne = {
		color = { 177 156 217 }
        type = hills
        sound_type = mountains
        supply_limit = 2
        movement_cost = 1.80
        local_development_cost = 0.10
        allowed_num_of_buildings = 2
        nation_designer_cost_multiplier = 1.3
        defence = 2
        local_defensiveness = 0.2
        local_build_time = 0.25
		terrain_override = {
			4695
		}
	}
	# France
	urban_pau = {
		color = { 177 156 217 }
        type = hills
        sound_type = mountains
        supply_limit = 2
        movement_cost = 1.80
        local_development_cost = 0.10
        allowed_num_of_buildings = 2
        nation_designer_cost_multiplier = 1.3
        defence = 2
        local_defensiveness = 0.2
        local_build_time = 0.25
		terrain_override = {
			176
		}
	}
	# France
	urban_bayonne = {
		color = { 177 156 217 }
        type = hills
        sound_type = mountains
        supply_limit = 2
        movement_cost = 1.80
        local_development_cost = 0.10
        allowed_num_of_buildings = 2
        nation_designer_cost_multiplier = 1.3
        defence = 2
        local_defensiveness = 0.2
        local_build_time = 0.25
		terrain_override = {
			173
		}
	}
	# France
	urban_limoges = {
		color = { 177 156 217 }
        type = hills
        sound_type = mountains
        supply_limit = 2
        movement_cost = 1.80
        local_development_cost = 0.10
        allowed_num_of_buildings = 2
        nation_designer_cost_multiplier = 1.3
        defence = 2
        local_defensiveness = 0.2
        local_build_time = 0.25
		terrain_override = {
			195
		}
	}
	# France
	urban_moulins = {
		color = { 177 156 217 }
        type = hills
        sound_type = mountains
        supply_limit = 2
        movement_cost = 1.80
        local_development_cost = 0.10
        allowed_num_of_buildings = 2
        nation_designer_cost_multiplier = 1.3
        defence = 2
        local_defensiveness = 0.2
        local_build_time = 0.25
		terrain_override = {
			190
		}
	}
	# France
	urban_angers = {
		color = { 177 156 217 }
        type = plains
        sound_type = plains
        supply_limit = 10
        movement_cost = 1.0
        local_development_cost = -0.20
        allowed_num_of_buildings = 4
        nation_designer_cost_multiplier = 1.50
        local_build_time = -0.30
        local_build_cost = -0.25
		terrain_override = {
			178
		}
	}
	# France
	urban_soissons = {
		color = { 177 156 217 }
        type = forest
        sound_type = forest
        supply_limit = 4
        movement_cost = 1.10
        local_development_cost = -0.10
        allowed_num_of_buildings = 3
        nation_designer_cost_multiplier = 1.4
        defence = 1
        local_defensiveness = 0.1
        local_build_cost = -0.1
		terrain_override = {
			7961
		}
	}
	# Holland
	urban_amsterdam = {
		color = { 177 156 217 }
        type = marsh
        sound_type = forest
        supply_limit = 10
        movement_cost = 1.50
        local_development_cost = -0.40
        trade_goods_size = 1
        allowed_num_of_buildings = 2
        nation_designer_cost_multiplier = 1.30
        defence = 2
        local_defensiveness = 0.2
        local_build_time = 0.25
        local_build_cost = 0.25
		terrain_override = {
			97
		}
	}
	# Holland
	urban_hoorn = {
		color = { 177 156 217 }
        type = marsh
        sound_type = forest
        supply_limit = 2
        movement_cost = 1.50
        local_development_cost = 0.10
        allowed_num_of_buildings = 2
        nation_designer_cost_multiplier = 1.30
        defence = 2
        local_defensiveness = 0.2
        local_build_time = 0.25
        local_build_cost = 0.25
		terrain_override = {
			6951
		}
	}
	# Holland
	urban_hague = {
		color = { 177 156 217 }
        type = marsh
        sound_type = forest
        supply_limit = 2
        movement_cost = 1.50
        local_development_cost = 0.10
        allowed_num_of_buildings = 2
        nation_designer_cost_multiplier = 1.30
        defence = 2
        local_defensiveness = 0.2
        local_build_time = 0.25
        local_build_cost = 0.25
		terrain_override = {
			4383
		}
	}
	# Holland
	urban_rotterdam = {
		color = { 177 156 217 }
        type = marsh
        sound_type = forest
        supply_limit = 2
        movement_cost = 1.50
        local_development_cost = 0.10
        allowed_num_of_buildings = 2
        nation_designer_cost_multiplier = 1.30
        defence = 2
        local_defensiveness = 0.2
        local_build_time = 0.25
        local_build_cost = 0.25
		terrain_override = {
			8112
		}
	}
	# Holland
	urban_utrecht = {
		color = { 177 156 217 }
        type = marsh
        sound_type = forest
        supply_limit = 2
        movement_cost = 1.50
        local_development_cost = 0.10
        allowed_num_of_buildings = 2
        nation_designer_cost_multiplier = 1.30
        defence = 2
        local_defensiveness = 0.2
        local_build_time = 0.25
        local_build_cost = 0.25
		terrain_override = {
			98
		}
	}
	# Holland
	urban_groningen = {
		color = { 177 156 217 }
        type = marsh
        sound_type = forest
        supply_limit = 2
        movement_cost = 1.50
        local_development_cost = 0.10
        allowed_num_of_buildings = 2
        nation_designer_cost_multiplier = 1.30
        defence = 2
        local_defensiveness = 0.2
        local_build_time = 0.25
        local_build_cost = 0.25
		terrain_override = {
			8118
		}
    }
    # Holland
	urban_maastricht = {
		color = { 177 156 217 }
        type = plains
        sound_type = plains
        supply_limit = 10
        movement_cost = 1.0
        local_development_cost = -0.20
        allowed_num_of_buildings = 4
        nation_designer_cost_multiplier = 1.50
        local_build_time = -0.30
        local_build_cost = -0.25
		terrain_override = {
			1742
		}
    }
    # Holland
	urban_nijmegen = {
		color = { 177 156 217 }
        type = forest
        sound_type = forest
        supply_limit = 4
        movement_cost = 1.10
        local_development_cost = -0.10
        allowed_num_of_buildings = 3
        nation_designer_cost_multiplier = 1.4
        defence = 1
        local_defensiveness = 0.1
        local_build_cost = -0.1
		terrain_override = {
			3060
		}
    }
	# Belgium
	urban_brussels = {
		color = { 177 156 217 }
        type = plains
        sound_type = plains
        supply_limit = 10
        movement_cost = 1.0
        local_development_cost = -0.20
        allowed_num_of_buildings = 4
        nation_designer_cost_multiplier = 1.50
        local_build_time = -0.30
        local_build_cost = -0.25
		terrain_override = {
			92
		}
    }
    # Belgium
	urban_antwerp = {
		color = { 177 156 217 }
        type = plains
        sound_type = plains
        supply_limit = 10
        movement_cost = 1.0
        local_development_cost = -0.40
        trade_goods_size = 1
        allowed_num_of_buildings = 4
        nation_designer_cost_multiplier = 1.50
        local_build_time = -0.30
        local_build_cost = -0.25
		terrain_override = {
			1744
		}
    }
    # Belgium
    urban_spa = {
        color = { 177 156 217 }
        type = hills
        sound_type = mountains
        supply_limit = 2
        movement_cost = 1.80
        local_development_cost = 0.10
        allowed_num_of_buildings = 2
        nation_designer_cost_multiplier = 1.3
        defence = 2
        local_defensiveness = 0.2
        local_build_time = 0.25
        terrain_override = {
            8498
        }
    }
    # Belgium
	urban_brugge = {
		color = { 177 156 217 }
        type = plains
        sound_type = plains
        supply_limit = 10
        movement_cost = 1.0
        local_development_cost = -0.30
        allowed_num_of_buildings = 4
        nation_designer_cost_multiplier = 1.50
        local_build_time = -0.30
        local_build_cost = -0.25
		terrain_override = {
			90
		}
    }
	# Belgium
	urban_tournai = {
		color = { 177 156 217 }
        type = plains
        sound_type = plains
        supply_limit = 10
        movement_cost = 1.0
        local_development_cost = -0.30
        allowed_num_of_buildings = 4
        nation_designer_cost_multiplier = 1.50
        local_build_time = -0.30
        local_build_cost = -0.25
		terrain_override = {
			8020
		}
    }
	# Belgium
	urban_lille = {
		color = { 177 156 217 }
        type = plains
        sound_type = plains
        supply_limit = 10
        movement_cost = 1.0
        local_development_cost = -0.30
        allowed_num_of_buildings = 4
        nation_designer_cost_multiplier = 1.50
        local_build_time = -0.30
        local_build_cost = -0.25
		terrain_override = {
			4769
		}
    }
	# Belgium
	urban_ypress = {
		color = { 177 156 217 }
        type = plains
        sound_type = plains
        supply_limit = 10
        movement_cost = 1.0
        local_development_cost = -0.30
        allowed_num_of_buildings = 4
        nation_designer_cost_multiplier = 1.50
        local_build_time = -0.30
        local_build_cost = -0.25
		terrain_override = {
			8015
		}
    }
	# Belgium
	urban_leuven = {
		color = { 177 156 217 }
        type = plains
        sound_type = plains
        supply_limit = 10
        movement_cost = 1.0
        local_development_cost = -0.30
        allowed_num_of_buildings = 4
        nation_designer_cost_multiplier = 1.50
        local_build_time = -0.30
        local_build_cost = -0.25
		terrain_override = {
			4347
		}
    }
    # Belgium
	urban_ghent = {
		color = { 177 156 217 }
        type = plains
        sound_type = plains
        supply_limit = 10
        movement_cost = 1.0
        local_development_cost = -0.20
        allowed_num_of_buildings = 4
        nation_designer_cost_multiplier = 1.50
        local_build_time = -0.30
        local_build_cost = -0.25
		terrain_override = {
			1865
		}
    }
    # Belgium
	urban_mons = {
		color = { 177 156 217 }
        type = plains
        sound_type = plains
        supply_limit = 10
        movement_cost = 1.0
        local_development_cost = -0.20
        allowed_num_of_buildings = 4
        nation_designer_cost_multiplier = 1.50
        local_build_time = -0.30
        local_build_cost = -0.25
		terrain_override = {
			91
		}
    }
    # Belgium
	urban_namur = {
		color = { 177 156 217 }
        type = hills
        sound_type = mountains
        supply_limit = 2
        movement_cost = 1.80
        local_development_cost = 0.10
        allowed_num_of_buildings = 2
        nation_designer_cost_multiplier = 1.3
        defence = 2
        local_defensiveness = 0.2
        local_build_time = 0.25
		terrain_override = {
			1866
		}
    }
    # Luxembourg
	urban_luxembourg = {
		color = { 177 156 217 }
        type = plains
        sound_type = plains
        supply_limit = 10
        movement_cost = 1.0
        local_development_cost = -0.20
        allowed_num_of_buildings = 4
        nation_designer_cost_multiplier = 1.50
        local_build_time = -0.30
        local_build_cost = -0.25
		terrain_override = {
			94
		}
    }
	# Spain
	urban_aviles = {
		color = { 177 156 217 }
        type = plains
        sound_type = plains
        supply_limit = 3
        movement_cost = 1.10
        local_development_cost = -0.10
        allowed_num_of_buildings = 3
        nation_designer_cost_multiplier = 1.4
        defence = 1
        local_defensiveness = 0.1
        local_build_cost = -0.1
		terrain_override = {
			8037
		}
	}
    # Spain
	urban_madrid = {
		color = { 177 156 217 }
        type = plains
        sound_type = plains
        supply_limit = 10
        movement_cost = 1.0
        local_development_cost = -0.40
        allowed_num_of_buildings = 4
        nation_designer_cost_multiplier = 1.50
        local_build_time = -0.30
        local_build_cost = -0.25
		terrain_override = {
			217
		}
    }
    # Spain
	urban_palacio_real = {
		color = { 177 156 217 }
        type = plains
        sound_type = plains
        supply_limit = 10
        movement_cost = 1.0
        local_development_cost = -0.30
        allowed_num_of_buildings = 4
        nation_designer_cost_multiplier = 1.50
        local_build_time = -0.30
        local_build_cost = -0.25
		terrain_override = {
			8505
		}
    }
    # Spain
	urban_toledo = {
		color = { 177 156 217 }
        type = hills
        sound_type = mountains
        supply_limit = 1
        movement_cost = 1.70
        local_development_cost = 0.15
        allowed_num_of_buildings = 2
        nation_designer_cost_multiplier = 1.25
        defence = 2
        local_defensiveness = 0.2
        local_build_time = 0.25
        local_build_cost = 0.1
		terrain_override = {
			219
		}
    }
    # Spain
	urban_jaen = {
		color = { 177 156 217 }
        type = plains
        sound_type = plains
        supply_limit = 10
        movement_cost = 1.0
        local_development_cost = -0.20
        allowed_num_of_buildings = 4
        nation_designer_cost_multiplier = 1.50
        local_build_time = -0.30
        local_build_cost = -0.25
		terrain_override = {
			1748
		}
    }
    # Spain
	urban_sevilla = {
		color = { 177 156 217 }
        type = marsh
        sound_type = forest
        supply_limit = 2
        movement_cost = 1.50
        local_development_cost = -0.30
        allowed_num_of_buildings = 2
        nation_designer_cost_multiplier = 1.30
        defence = 2
        local_defensiveness = 0.2
        local_build_time = 0.25
        local_build_cost = 0.25
		terrain_override = {
			224
		}
    }
    # Spain
	urban_barcelona = {
		color = { 177 156 217 }
        type = hills
        sound_type = mountains
        supply_limit = 2
        movement_cost = 1.80
        local_development_cost = -0.30
        allowed_num_of_buildings = 2
        nation_designer_cost_multiplier = 1.3
        defence = 2
        local_defensiveness = 0.2
        local_build_time = 0.25
		terrain_override = {
			213
		}
    }
    # Spain
	urban_burgos = {
		color = { 177 156 217 }
        type = hills
        sound_type = mountains
        supply_limit = 1
        movement_cost = 1.70
        local_development_cost = 0.15
        allowed_num_of_buildings = 2
        nation_designer_cost_multiplier = 1.25
        defence = 2
        local_defensiveness = 0.2
        local_build_time = 0.25
        local_build_cost = 0.1
		terrain_override = {
			1746
		}
    }
    # Spain
    urban_almeria = {
        color = { 177 156 217 }
        type = hills
        sound_type = mountains
        supply_limit = 1
        movement_cost = 1.70
        local_development_cost = 0.15
        allowed_num_of_buildings = 2
        nation_designer_cost_multiplier = 1.25
        defence = 2
        local_defensiveness = 0.2
        local_build_time = 0.25
        local_build_cost = 0.1
        terrain_override = {
            222
        }
    }
    # Spain
    urban_setenil = {
        color = { 177 156 217 }
        type = hills
        sound_type = mountains
        supply_limit = 1
        movement_cost = 1.70
        local_development_cost = 0.15
        allowed_num_of_buildings = 2
        nation_designer_cost_multiplier = 1.25
        defence = 2
        local_defensiveness = 0.2
        local_build_time = 0.25
        local_build_cost = 0.1
        terrain_override = {
            3749
        }
    }
    # Spain
    urban_cazorla = {
        color = { 177 156 217 }
        type = hills
        sound_type = mountains
        supply_limit = 1
        movement_cost = 1.70
        local_development_cost = 0.15
        allowed_num_of_buildings = 2
        nation_designer_cost_multiplier = 1.25
        defence = 2
        local_defensiveness = 0.2
        local_build_time = 0.25
        local_build_cost = 0.1
        terrain_override = {
            223
        }
    }
    # Spain
	urban_oviedo = {
		color = { 177 156 217 }
        type = mountains
        sound_type = mountains
        supply_limit = 1
        movement_cost = 2.5
        local_development_cost = 0.30
        allowed_num_of_buildings = 1
        nation_designer_cost_multiplier = 1.00
        defence = 4
        local_defensiveness = 0.50
        local_build_time = 0.5
        local_build_cost = 0.25
		terrain_override = {
			207
		}
    }

    # Spain
	urban_valencia = {
		color = { 177 156 217 }
        type = plains
        sound_type = plains
        supply_limit = 10
        movement_cost = 1.0
        local_development_cost = -0.30
        allowed_num_of_buildings = 4
        nation_designer_cost_multiplier = 1.50
        local_build_time = -0.30
        local_build_cost = -0.25
		terrain_override = {
			220
		}
    }
    # Spain
	urban_cartagena = {
		color = { 177 156 217 }
        type = plains
        sound_type = plains
        supply_limit = 10
        movement_cost = 1.0
        local_development_cost = -0.20
        allowed_num_of_buildings = 4
        nation_designer_cost_multiplier = 1.50
        local_build_time = -0.30
        local_build_cost = -0.25
		terrain_override = {
			8067
		}
    }
    # Spain
	urban_santiago_de_compostela = {
		color = { 177 156 217 }
        type = hills
        sound_type = mountains
        supply_limit = 2
        movement_cost = 1.80
        local_development_cost = 0.10
        allowed_num_of_buildings = 2
        nation_designer_cost_multiplier = 1.3
        defence = 2
        local_defensiveness = 0.2
        local_build_time = 0.25
		terrain_override = {
			8042
		}
    }
    # Spain
	urban_acoruna = {
		color = { 177 156 217 }
        type = hills
        sound_type = mountains
        supply_limit = 2
        movement_cost = 1.80
        local_development_cost = 0.10
        allowed_num_of_buildings = 2
        nation_designer_cost_multiplier = 1.3
        defence = 2
        local_defensiveness = 0.2
        local_build_time = 0.25
		terrain_override = {
			206
		}
    }
    # Spain
	urban_santander = {
		color = { 177 156 217 }
        type = hills
        sound_type = mountains
        supply_limit = 2
        movement_cost = 1.80
        local_development_cost = 0.10
        allowed_num_of_buildings = 2
        nation_designer_cost_multiplier = 1.3
        defence = 2
        local_defensiveness = 0.2
        local_build_time = 0.25
		terrain_override = {
			1745
		}
    }
    # Spain
	urban_miranda_de_ebro = {
		color = { 177 156 217 }
        type = hills
        sound_type = mountains
        supply_limit = 2
        movement_cost = 1.80
        local_development_cost = 0.10
        allowed_num_of_buildings = 2
        nation_designer_cost_multiplier = 1.3
        defence = 2
        local_defensiveness = 0.2
        local_build_time = 0.25
		terrain_override = {
			8048
		}
    }
    # Spain
	urban_pamplona = {
		color = { 177 156 217 }
        type = mountains
        sound_type = mountains
        supply_limit = 1
        movement_cost = 2.5
        local_development_cost = 0.30
        allowed_num_of_buildings = 1
        nation_designer_cost_multiplier = 1.00
        defence = 4
        local_defensiveness = 0.50
        local_build_time = 0.5
        local_build_cost = 0.25
		terrain_override = {
			210
		}
    }
    # Spain
	urban_andorra_la_vella = {
		color = { 177 156 217 }
        type = mountains
        sound_type = mountains
        supply_limit = 1
        movement_cost = 2.5
        local_development_cost = 0.30
        allowed_num_of_buildings = 1
        nation_designer_cost_multiplier = 1.00
        defence = 4
        local_defensiveness = 0.50
        local_build_time = 0.5
        local_build_cost = 0.25
		terrain_override = {
			7889
		}
    }
    # Spain
	urban_zaragoza = {
		color = { 177 156 217 }
        type = plains
        sound_type = plains
        supply_limit = 10
        movement_cost = 1.0
        local_development_cost = -0.20
        allowed_num_of_buildings = 4
        nation_designer_cost_multiplier = 1.50
        local_build_time = -0.30
        local_build_cost = -0.25
		terrain_override = {
			214
		}
    }
	# Latvia
	urban_tortosa = {
		color = { 177 156 217 }
        type = plains
        sound_type = plains
        supply_limit = 4
        movement_cost = 1.10
        local_development_cost = -0.10
        allowed_num_of_buildings = 3
        nation_designer_cost_multiplier = 1.4
        defence = 1
        local_defensiveness = 0.1
        local_build_cost = -0.1
		terrain_override = {
			5831
		}
    }
	# Spain
	urban_alicante = {
		color = { 177 156 217 }
        type = plains
        sound_type = plains
        supply_limit = 10
        movement_cost = 1.0
        local_development_cost = -0.20
        allowed_num_of_buildings = 4
        nation_designer_cost_multiplier = 1.50
        local_build_time = -0.30
        local_build_cost = -0.25
		terrain_override = {
			1750
		}
    }
	# Spain
	urban_barbastro = {
		color = { 177 156 217 }
        type = plains
        sound_type = plains
        supply_limit = 10
        movement_cost = 1.0
        local_development_cost = -0.20
        allowed_num_of_buildings = 4
        nation_designer_cost_multiplier = 1.50
        local_build_time = -0.30
        local_build_cost = -0.25
		terrain_override = {
			8111
		}
    }
	# Spain
	urban_zamora = {
		color = { 177 156 217 }
        type = plains
        sound_type = plains
        supply_limit = 6
        movement_cost = 1.0
        local_development_cost = -0.20
        allowed_num_of_buildings = 4
        nation_designer_cost_multiplier = 1.50
        local_build_time = -0.30
        local_build_cost = -0.25
		terrain_override = {
			4553
		}
    }
	# Spain
	urban_soria = {
		color = { 177 156 217 }
        type = plains
        sound_type = plains
        supply_limit = 6
        movement_cost = 1.0
        local_development_cost = -0.20
        allowed_num_of_buildings = 4
        nation_designer_cost_multiplier = 1.50
        local_build_time = -0.30
        local_build_cost = -0.25
		terrain_override = {
			2755
		}
    }
	# Spain
	urban_cuenca = {
		color = { 177 156 217 }
        type = plains
        sound_type = plains
        supply_limit = 6
        movement_cost = 1.0
        local_development_cost = -0.20
        allowed_num_of_buildings = 4
        nation_designer_cost_multiplier = 1.50
        local_build_time = -0.30
        local_build_cost = -0.25
		terrain_override = {
			2751
		}
    }
	# Spain
	urban_carmona = {
		color = { 177 156 217 }
        type = plains
        sound_type = plains
        supply_limit = 10
        movement_cost = 1.0
        local_development_cost = -0.20
        allowed_num_of_buildings = 4
        nation_designer_cost_multiplier = 1.50
        local_build_time = -0.30
        local_build_cost = -0.25
		terrain_override = {
			8075
		}
    }
    # Spain
	urban_granada = {
		color = { 177 156 217 }
        type = mountains
        sound_type = mountains
        supply_limit = 1
        movement_cost = 2.5
        local_development_cost = 0.30
        allowed_num_of_buildings = 1
        nation_designer_cost_multiplier = 1.00
        defence = 4
        local_defensiveness = 0.50
        local_build_time = 0.5
        local_build_cost = 0.25
		terrain_override = {
			8087
		}
    }
    # Spain
	urban_gibraltar = {
		color = { 177 156 217 }
        type = mountains
        sound_type = mountains
        supply_limit = 1
        movement_cost = 2.5
        local_development_cost = 0.30
        allowed_num_of_buildings = 1
        nation_designer_cost_multiplier = 1.00
        defence = 4
        local_defensiveness = 0.50
        local_build_time = 0.5
        local_build_cost = 0.25
		terrain_override = {
			226
		}
    }
    # Spain
	urban_palma = {
		color = { 177 156 217 }
        sound_type = sea
        supply_limit = 6
        movement_cost = 1.10
        local_development_cost = -0.10
        allowed_num_of_buildings = 2
        nation_designer_cost_multiplier = 1.4
        defence = 2
        local_build_time = 0.15
        local_build_cost = 0.10
		terrain_override = {
			333
		}
    }
    # Spain
	urban_salamanca = {
		color = { 177 156 217 }
        type = plains
        sound_type = plains
        supply_limit = 10
        movement_cost = 1.0
        local_development_cost = -0.20
        allowed_num_of_buildings = 4
        nation_designer_cost_multiplier = 1.50
        local_build_time = -0.30
        local_build_cost = -0.25
		terrain_override = {
			216
		}
    }
    # Spain
	urban_cordoba = {
		color = { 177 156 217 }
        type = plains
        sound_type = plains
        supply_limit = 10
        movement_cost = 1.0
        local_development_cost = -0.20
        allowed_num_of_buildings = 4
        nation_designer_cost_multiplier = 1.50
        local_build_time = -0.30
        local_build_cost = -0.25
		terrain_override = {
			225
		}
    }
    # Spain
	urban_valladolid = {
		color = { 177 156 217 }
        type = plains
        sound_type = plains
        supply_limit = 10
        movement_cost = 1.0
        local_development_cost = -0.20
        allowed_num_of_buildings = 4
        nation_designer_cost_multiplier = 1.50
        local_build_time = -0.30
        local_build_cost = -0.25
		terrain_override = {
			215
		}
    }
    # Spain
	urban_cadiz = {
		color = { 177 156 217 }
        type = hills
        sound_type = mountains
        supply_limit = 2
        movement_cost = 1.80
        local_development_cost = 0.10
        allowed_num_of_buildings = 2
        nation_designer_cost_multiplier = 1.3
        defence = 2
        local_defensiveness = 0.2
        local_build_time = 0.25
		terrain_override = {
			1749
		}
    }
    # Spain
	urban_malaga = {
		color = { 177 156 217 }
        type = mountains
        sound_type = mountains
        supply_limit = 1
        movement_cost = 2.5
        local_development_cost = 0.30
        allowed_num_of_buildings = 1
        nation_designer_cost_multiplier = 1.00
        defence = 4
        local_defensiveness = 0.50
        local_build_time = 0.5
        local_build_cost = 0.25
		terrain_override = {
			4546
		}
    }
    # Spain
	urban_real_de_las_palmas = {
		color = { 177 156 217 }
        sound_type = sea
        supply_limit = 6
        movement_cost = 1.10
        local_development_cost = -0.10
        allowed_num_of_buildings = 2
        nation_designer_cost_multiplier = 1.4
        defence = 2
        local_build_time = 0.15
        local_build_cost = 0.10
		terrain_override = {
			366
		}
    }
    # Spain
	urban_leon = {
		color = { 177 156 217 }
        type = plains
        sound_type = plains
        supply_limit = 10
        movement_cost = 1.0
        local_development_cost = -0.20
        allowed_num_of_buildings = 4
        nation_designer_cost_multiplier = 1.50
        local_build_time = -0.30
        local_build_cost = -0.25
		terrain_override = {
			208
		}
    }
    # Spain
	urban_segovia = {
		color = { 177 156 217 }
        type = mountains
        sound_type = mountains
        supply_limit = 1
        movement_cost = 2.5
        local_development_cost = 0.30
        allowed_num_of_buildings = 1
        nation_designer_cost_multiplier = 1.00
        defence = 4
        local_defensiveness = 0.50
        local_build_time = 0.5
        local_build_cost = 0.25
		terrain_override = {
			4789
		}
    }
    # Spain
	urban_badajoz = {
		color = { 177 156 217 }
        type = plains
        sound_type = plains
        supply_limit = 10
        movement_cost = 1.0
        local_development_cost = -0.20
        allowed_num_of_buildings = 4
        nation_designer_cost_multiplier = 1.50
        local_build_time = -0.30
        local_build_cost = -0.25
		terrain_override = {
			218
		}
    }
    # Spain
	urban_caceres = {
		color = { 177 156 217 }
        type = forest
        sound_type = forest
        supply_limit = 4
        movement_cost = 1.10
        local_development_cost = -0.10
        allowed_num_of_buildings = 3
        nation_designer_cost_multiplier = 1.4
        defence = 1
        local_defensiveness = 0.1
        local_build_cost = -0.1
		terrain_override = {
			1747
		}
    }
    # Spain
	urban_trujillo = {
		color = { 177 156 217 }
        type = hills
        sound_type = mountains
        supply_limit = 2
        movement_cost = 1.80
        local_development_cost = 0.10
        allowed_num_of_buildings = 2
        nation_designer_cost_multiplier = 1.3
        defence = 2
        local_defensiveness = 0.2
        local_build_time = 0.25
		terrain_override = {
			8060
		}
    }
    # Spain
	urban_palos = {
		color = { 177 156 217 }
        type = hills
        sound_type = mountains
        supply_limit = 2
        movement_cost = 1.80
        local_development_cost = 0.10
        allowed_num_of_buildings = 2
        nation_designer_cost_multiplier = 1.3
        defence = 2
        local_defensiveness = 0.2
        local_build_time = 0.25
		terrain_override = {
			4548
		}
    }
    # Portugal
	urban_lisboa = {
		color = { 177 156 217 }
        type = plains
        sound_type = plains
        supply_limit = 10
        movement_cost = 1.0
        local_development_cost = -0.40
        allowed_num_of_buildings = 4
        nation_designer_cost_multiplier = 1.50
		defence = 1
        local_build_time = -0.30
        local_build_cost = -0.25
		terrain_override = {
			227
		}
    }
	urban_silves = {
		color = { 177 156 217 }
        type = forest
        sound_type = forest
        supply_limit = 4
        movement_cost = 1.10
        local_development_cost = -0.30
        
        allowed_num_of_buildings = 3
        nation_designer_cost_multiplier = 1.4
        defence = 1
        local_defensiveness = 0.1
        local_build_cost = -0.1
		terrain_override = {
			3568
		}
    }
    # Portugal
	urban_porto = {
		color = { 177 156 217 }
        type = plains
        sound_type = plains
        supply_limit = 10
        movement_cost = 1.0
        local_development_cost = -0.20
        allowed_num_of_buildings = 4
        nation_designer_cost_multiplier = 1.50
        local_build_time = -0.30
        local_build_cost = -0.25
		terrain_override = {
			231
		}
    }
    # Portugal
	urban_evora = {
		color = { 177 156 217 }
        type = hills
        sound_type = mountains
        supply_limit = 2
        movement_cost = 1.80
        local_development_cost = 0.10
        allowed_num_of_buildings = 2
        nation_designer_cost_multiplier = 1.3
        defence = 2
        local_defensiveness = 0.2
        local_build_time = 0.25
		terrain_override = {
			4150
		}
    }
    # Portugal
	urban_coimbra = {
		color = { 177 156 217 }
        type = plains
        sound_type = plains
        supply_limit = 10
        movement_cost = 1.0
        local_development_cost = -0.20
        allowed_num_of_buildings = 4
        nation_designer_cost_multiplier = 1.50
        local_build_time = -0.30
        local_build_cost = -0.25
		terrain_override = {
			1851
		}
    }
	# Portugal
	urban_sintra = {
		color = { 177 156 217 }
        type = plains
        sound_type = plains
        supply_limit = 10
        movement_cost = 1.0
        local_development_cost = -0.20
        allowed_num_of_buildings = 4
        nation_designer_cost_multiplier = 1.50
        local_build_time = -0.30
        local_build_cost = -0.25
		terrain_override = {
			3776
		}
    }
    # Portugal
	urban_braganca = {
		color = { 177 156 217 }
        type = hills
        sound_type = mountains
        supply_limit = 2
        movement_cost = 1.80
        local_development_cost = 0.10
        allowed_num_of_buildings = 2
        nation_designer_cost_multiplier = 1.3
        defence = 2
        local_defensiveness = 0.2
        local_build_time = 0.25
		terrain_override = {
			232
		}
    }
    # Portugal
	urban_viseu = {
		color = { 177 156 217 }
        type = hills
        sound_type = mountains
        supply_limit = 2
        movement_cost = 1.80
        local_development_cost = 0.10
        allowed_num_of_buildings = 2
        nation_designer_cost_multiplier = 1.3
        defence = 2
        local_defensiveness = 0.2
        local_build_time = 0.25
		terrain_override = {
			228
		}
    }
	# Portugal
	urban_castello_branco = {
		color = { 177 156 217 }
        type = hills
        sound_type = mountains
        supply_limit = 2
        movement_cost = 1.80
        local_development_cost = 0.10
        allowed_num_of_buildings = 2
        nation_designer_cost_multiplier = 1.3
        defence = 2
        local_defensiveness = 0.2
        local_build_time = 0.25
		terrain_override = {
			3362
		}
    }
	# Portugal
	urban_abrantes = {
		color = { 177 156 217 }
        type = plains
        sound_type = plains
        supply_limit = 10
        movement_cost = 1.0
        local_development_cost = -0.20
        allowed_num_of_buildings = 4
        nation_designer_cost_multiplier = 1.50
        local_build_time = -0.30
        local_build_cost = -0.25
		terrain_override = {
			3364
		}
    }
    # Italy
	urban_roma = {
		color = { 177 156 217 }
        type = plains
        sound_type = plains
        supply_limit = 10
        movement_cost = 1.0
        local_development_cost = -0.40
        trade_goods_size = 1
        local_defensiveness = 0.30
        allowed_num_of_buildings = 4
        nation_designer_cost_multiplier = 1.50
        local_build_time = -0.30
        local_build_cost = -0.25
		terrain_override = {
			118
		}
    }
    # Italy
    urban_spoleto = {
        color = { 177 156 217 }
        type = hills
        sound_type = mountains
        supply_limit = 2
        movement_cost = 1.80
        local_development_cost = -0.30
        allowed_num_of_buildings = 2
        nation_designer_cost_multiplier = 1.3
        defence = 2
        local_defensiveness = 0.2
        local_build_time = 0.25
        terrain_override = {
            4731
        }
    }
    # Italy
	urban_citte_de_vaticano = {
		color = { 177 156 217 }
        type = plains
        sound_type = plains
        supply_limit = 1
        movement_cost = 1.0
        local_development_cost = 1
        allowed_num_of_buildings = 0
        nation_designer_cost_multiplier = 1.50
        local_defensiveness = 0.40
        defence = 2
        local_tax_modifier = 1
        local_build_time = -0.30
        local_build_cost = -0.25
		terrain_override = {
			6976
		}
    }
    # Italy
	urban_parma = {
		color = { 177 156 217 }
        type = plains
        sound_type = plains
        supply_limit = 10
        movement_cost = 1.0
        local_development_cost = -0.20
        allowed_num_of_buildings = 4
        nation_designer_cost_multiplier = 1.50
        local_build_time = -0.30
        local_build_cost = -0.25
		terrain_override = {
			105
		}
    }
    # Italy
	urban_firenze = {
		color = { 177 156 217 }
        type = hills
        sound_type = mountains
        supply_limit = 2
        movement_cost = 1.80
        local_development_cost = -0.30
        allowed_num_of_buildings = 2
        nation_designer_cost_multiplier = 1.3
        defence = 2
        local_defensiveness = 0.2
        local_build_time = 0.25
		terrain_override = {
			116
		}
    }
    # Italy
	urban_pisa = {
		color = { 177 156 217 }
        type = plains
        sound_type = plains
        supply_limit = 10
        movement_cost = 1.0
        local_development_cost = -0.20
        allowed_num_of_buildings = 4
        nation_designer_cost_multiplier = 1.50
        local_build_time = -0.30
        local_build_cost = -0.25
		terrain_override = {
			115
		}
    }
    # Italy
	urban_siena = {
		color = { 177 156 217 }
        type = hills
        sound_type = mountains
        supply_limit = 2
        movement_cost = 1.80
        local_development_cost = 0.10
        allowed_num_of_buildings = 2
        nation_designer_cost_multiplier = 1.3
        defence = 2
        local_defensiveness = 0.2
        local_build_time = 0.25
		terrain_override = {
			117
		}
    }
    # Italy
	urban_lucca = {
		color = { 177 156 217 }
        type = hills
        sound_type = mountains
        supply_limit = 2
        movement_cost = 1.80
        local_development_cost = 0.10
        allowed_num_of_buildings = 2
        nation_designer_cost_multiplier = 1.3
        defence = 2
        local_defensiveness = 0.2
        local_build_time = 0.25
		terrain_override = {
			2980
		}
    }
    # Italy
	urban_mantua = {
		color = { 177 156 217 }
        type = plains
        sound_type = plains
        supply_limit = 10
        movement_cost = 1.0
        local_development_cost = -0.20
        allowed_num_of_buildings = 4
        nation_designer_cost_multiplier = 1.50
        local_build_time = -0.30
        local_build_cost = -0.25
        local_attacker_dice_roll_bonus = -2
        attrition = 2
		terrain_override = {
			109
		}
    }
    # Italy
	urban_ferrara = {
		color = { 177 156 217 }
        type = marsh
        sound_type = forest
        supply_limit = 2
        movement_cost = 1.50
        local_development_cost = 0.10
        allowed_num_of_buildings = 2
        nation_designer_cost_multiplier = 1.30
        defence = 2
        local_defensiveness = 0.2
        local_build_time = 0.25
        local_build_cost = 0.25
		terrain_override = {
			113
		}
    }
    # Italy
	urban_padua = {
		color = { 177 156 217 }
        type = plains
        sound_type = plains
        supply_limit = 10
        movement_cost = 1.0
        local_development_cost = -0.20
        allowed_num_of_buildings = 4
        nation_designer_cost_multiplier = 1.50
        local_build_time = -0.30
        local_build_cost = -0.25
		terrain_override = {
			4729
		}
    }
    # Italy
	urban_genoa = {
		color = { 177 156 217 }
        type = hills
        sound_type = mountains
        supply_limit = 2
        movement_cost = 1.80
        local_development_cost = -0.30
        allowed_num_of_buildings = 2
        nation_designer_cost_multiplier = 1.3
        defence = 2
        local_defensiveness = 0.2
        local_build_time = 0.25
		terrain_override = {
			101
		}
    }
    # Italy
	urban_monte_carlo = {
		color = { 177 156 217 }
        type = hills
        sound_type = mountains
        supply_limit = 2
        movement_cost = 1.80
        local_development_cost = 0.10
        allowed_num_of_buildings = 2
        nation_designer_cost_multiplier = 1.3
        defence = 2
        local_defensiveness = 0.2
        local_build_time = 0.25
		terrain_override = {
			7056
		}
    }
    # Italy
	urban_napoli = {
		color = { 177 156 217 }
        type = plains
        sound_type = plains
        supply_limit = 10
        movement_cost = 1.0
        local_development_cost = -0.30
        allowed_num_of_buildings = 4
        nation_designer_cost_multiplier = 1.50
        local_build_time = -0.30
        local_build_cost = -0.25
		terrain_override = {
			121
		}
    }
    # Italy
	urban_milano = {
		color = { 177 156 217 }
        type = plains
        sound_type = plains
        supply_limit = 10
        movement_cost = 1.0
        local_development_cost = -0.30
        allowed_num_of_buildings = 4
        nation_designer_cost_multiplier = 1.50
        local_build_time = -0.30
        local_build_cost = -0.25
		terrain_override = {
			104
		}
    }
    # Italy
	urban_venezia = {
		color = { 177 156 217 }
        type = marsh
        sound_type = forest
        supply_limit = 2
        movement_cost = 1.50
        local_development_cost = -0.30
        allowed_num_of_buildings = 2
        nation_designer_cost_multiplier = 1.30
        defence = 2
        local_defensiveness = 0.2
        local_build_time = 0.25
        local_build_cost = 0.25
		terrain_override = {
			112
		}
    }
	# Italy
	urban_murano = {
		color = { 177 156 217 }
        type = marsh
        sound_type = forest
        supply_limit = 2
        movement_cost = 1.50
        local_development_cost = 0.10
        allowed_num_of_buildings = 2
        nation_designer_cost_multiplier = 1.30
        defence = 2
        local_defensiveness = 0.2
        local_build_time = 0.25
        local_build_cost = 0.25
		terrain_override = {
			6930
		}
    }
    # Italy
	urban_torino = {
		color = { 177 156 217 }
        type = hills
        sound_type = mountains
        supply_limit = 2
        movement_cost = 1.80
        local_development_cost = 0.10
        allowed_num_of_buildings = 2
        nation_designer_cost_multiplier = 1.3
        defence = 2
        local_defensiveness = 0.2
        local_build_time = 0.25
		terrain_override = {
			103
		}
    }
    # Italy
	urban_cuneo = {
		color = { 177 156 217 }
        type = hills
        sound_type = mountains
        supply_limit = 2
        movement_cost = 1.80
        local_development_cost = 0.10
        allowed_num_of_buildings = 2
        nation_designer_cost_multiplier = 1.3
        defence = 2
        local_defensiveness = 0.2
        local_build_time = 0.25
		terrain_override = {
			1875
		}
    }
    # Italy
	urban_verona = {
		color = { 177 156 217 }
        type = hills
        sound_type = mountains
        supply_limit = 2
        movement_cost = 1.80
        local_development_cost = 0.10
        allowed_num_of_buildings = 2
        nation_designer_cost_multiplier = 1.3
        defence = 2
        local_defensiveness = 0.2
        local_build_time = 0.25
		terrain_override = {
			108
		}
    }
    # Italy
	urban_bologna = {
		color = { 177 156 217 }
        type = hills
        sound_type = mountains
        supply_limit = 2
        movement_cost = 1.80
        local_development_cost = 0.10
        allowed_num_of_buildings = 2
        nation_designer_cost_multiplier = 1.3
        defence = 2
        local_defensiveness = 0.2
        local_build_time = 0.25
		terrain_override = {
			4730
		}
    }
    # Italy
	urban_taranto = {
		color = { 177 156 217 }
        type = hills
        sound_type = mountains
        supply_limit = 2
        movement_cost = 1.80
        local_development_cost = 0.10
        allowed_num_of_buildings = 2
        nation_designer_cost_multiplier = 1.3
        defence = 2
        local_defensiveness = 0.2
        local_build_time = 0.25
		terrain_override = {
			122
		}
    }
    # Italy
	urban_bari = {
		color = { 177 156 217 }
        type = plains
        sound_type = plains
        supply_limit = 10
        movement_cost = 1.0
        local_development_cost = -0.20
        allowed_num_of_buildings = 4
        nation_designer_cost_multiplier = 1.50
        local_build_time = -0.30
        local_build_cost = -0.25
		terrain_override = {
			1933
		}
    }
    # Italy
	urban_messina = {
		color = { 177 156 217 }
        type = mountains
        sound_type = mountains
        supply_limit = 1
        movement_cost = 2.5
        local_development_cost = 0.30
        allowed_num_of_buildings = 1
        nation_designer_cost_multiplier = 1.00
        defence = 4
        local_defensiveness = 0.50
        local_build_time = 0.5
        local_build_cost = 0.25
		terrain_override = {
			124
		}
    }
    # Italy
	urban_siracusa = {
		color = { 177 156 217 }
        type = hills
        sound_type = mountains
        supply_limit = 2
        movement_cost = 1.80
        local_development_cost = 0.10
        allowed_num_of_buildings = 2
        nation_designer_cost_multiplier = 1.3
        defence = 2
        local_defensiveness = 0.2
        local_build_time = 0.25
		terrain_override = {
			2982
		}
    }
    # Italy
	urban_palermo = {
		color = { 177 156 217 }
        type = hills
        sound_type = mountains
        supply_limit = 2
        movement_cost = 1.80
        local_development_cost = -0.30
        allowed_num_of_buildings = 2
        nation_designer_cost_multiplier = 1.3
        defence = 2
        local_defensiveness = 0.2
        local_build_time = 0.25
		terrain_override = {
			125
		}
    }
    # Italy
	urban_valletta = {
		color = { 177 156 217 }
        sound_type = sea
        supply_limit = 6
        movement_cost = 1.10
        local_development_cost = -0.10
        allowed_num_of_buildings = 2
        nation_designer_cost_multiplier = 1.4
        defence = 2
        local_build_time = 0.15
        local_build_cost = 0.10
		terrain_override = {
			126
		}
    }
    # Italy
	urban_cagliari = {
		color = { 177 156 217 }
        type = hills
        sound_type = mountains
        supply_limit = 2
        movement_cost = 1.80
        local_development_cost = 0.10
        allowed_num_of_buildings = 2
        nation_designer_cost_multiplier = 1.3
        defence = 2
        local_defensiveness = 0.2
        local_build_time = 0.2
		terrain_override = {
			2986
		}
    }
    # Italy
    urban_bergamo = {
        color = { 177 156 217 }
        type = mountains
        sound_type = mountains
        supply_limit = 2
        movement_cost = 1.80
        local_development_cost = 0.10
        allowed_num_of_buildings = 2
        nation_designer_cost_multiplier = 1.3
        defence = 2
        local_defensiveness = 0.2
        local_build_time = 0.2
        terrain_override = {
            4739
        }
    }
    # Switzerland
	urban_bern = {
		color = { 177 156 217 }
        type = hills
        sound_type = mountains
        supply_limit = 2
        movement_cost = 1.80
        local_development_cost = 0.10
        allowed_num_of_buildings = 2
        nation_designer_cost_multiplier = 1.3
        defence = 2
        local_defensiveness = 0.2
        local_build_time = 0.2
		terrain_override = {
			165
		}
    }
    # Switzerland
	urban_zurich = {
		color = { 177 156 217 }
        type = hills
        sound_type = mountains
        supply_limit = 2
        movement_cost = 1.80
        local_development_cost = 0.10
        allowed_num_of_buildings = 2
        nation_designer_cost_multiplier = 1.3
        defence = 2
        local_defensiveness = 0.2
        local_build_time = 0.2
		terrain_override = {
			1869
		}
    }
    # Switzerland
	urban_geneva = {
		color = { 177 156 217 }
        type = hills
        sound_type = mountains
        supply_limit = 2
        movement_cost = 1.80
        local_development_cost = 0.10
        allowed_num_of_buildings = 2
        nation_designer_cost_multiplier = 1.3
        defence = 2
        local_defensiveness = 0.2
        local_build_time = 0.2
		terrain_override = {
			4720
		}
    }
    # Germany
	urban_berlin = {
		color = { 177 156 217 }
        type = forest
        sound_type = forest
        supply_limit = 4
        movement_cost = 1.10
        local_development_cost = -0.30
        
        allowed_num_of_buildings = 3
        nation_designer_cost_multiplier = 1.4
        defence = 1
        local_defensiveness = 0.1
        local_build_cost = -0.1
		terrain_override = {
			50
		}
    }
	# Germany
	urban_brandenburg_an_der_havel = {
		color = { 177 156 217 }
        type = forest
        sound_type = forest
        supply_limit = 4
        movement_cost = 1.10
        local_development_cost = -0.30
        
        allowed_num_of_buildings = 3
        nation_designer_cost_multiplier = 1.4
        defence = 1
        local_defensiveness = 0.1
        local_build_cost = -0.1
		terrain_override = {
			4748
		}
    }
    # Germany
    urban_luneburg = {
        color = { 177 156 217 }
        type = forest
        sound_type = forest
        supply_limit = 4
        movement_cost = 1.10
        local_development_cost = -0.30

        allowed_num_of_buildings = 3
        nation_designer_cost_multiplier = 1.4
        defence = 1
        local_defensiveness = 0.1
        local_build_cost = -0.1
        terrain_override = {
            53
        }
    }
    # Germany
    urban_altmark = {
        color = { 177 156 217 }
        type = forest
        sound_type = forest
        supply_limit = 4
        movement_cost = 1.10
        local_development_cost = -0.30

        allowed_num_of_buildings = 3
        nation_designer_cost_multiplier = 1.4
        defence = 1
        local_defensiveness = 0.1
        local_build_cost = -0.1
        terrain_override = {
            2964
        }
    }
    # Germany
	urban_hamburg = {
		color = { 177 156 217 }
        type = marsh
        sound_type = forest
        supply_limit = 2
        movement_cost = 1.50
        local_development_cost = -0.30
        allowed_num_of_buildings = 2
        nation_designer_cost_multiplier = 1.30
        defence = 2
        local_defensiveness = 0.2
        local_build_time = 0.25
        local_build_cost = 0.25
		terrain_override = {
			44
		}
    }
	# Germany
	urban_schlesvig = {
		color = { 177 156 217 }
        type = marsh
        sound_type = forest
        supply_limit = 2
        movement_cost = 1.50
        local_development_cost = 0.10
        allowed_num_of_buildings = 2
        nation_designer_cost_multiplier = 1.30
        defence = 2
        local_defensiveness = 0.2
        local_build_time = 0.25
        local_build_cost = 0.25
		terrain_override = {
			13
		}
    }
    # Germany
	urban_frankfurt = {
		color = { 177 156 217 }
        type = plains
        sound_type = plains
        supply_limit = 10
        movement_cost = 1.0
        local_development_cost = -0.30
        allowed_num_of_buildings = 4
        nation_designer_cost_multiplier = 1.50
        local_build_time = -0.30
        local_build_cost = -0.25
		terrain_override = {
			1876
		}
    }
    # Germany
	urban_bremerhaven = {
		color = { 177 156 217 }
        type = marsh
        sound_type = forest
        supply_limit = 2
        movement_cost = 1.50
        local_development_cost = 0.10
        allowed_num_of_buildings = 2
        nation_designer_cost_multiplier = 1.30
        defence = 2
        local_defensiveness = 0.2
        local_build_time = 0.25
        local_build_cost = 0.25
		terrain_override = {
			7510
		}
    }
    # Germany
	urban_dresden = {
		color = { 177 156 217 }
        type = hills
        sound_type = mountains
        supply_limit = 2
        movement_cost = 1.80
        local_development_cost = -0.30
        allowed_num_of_buildings = 2
        nation_designer_cost_multiplier = 1.3
        defence = 2
        local_defensiveness = 0.2
        local_build_time = 0.25
		terrain_override = {
			61
		}
    }
    # Germany
	urban_lubeck = {
		color = { 177 156 217 }
        type = plains
        sound_type = plains
        supply_limit = 10
        movement_cost = 1.0
        local_development_cost = -0.30
        allowed_num_of_buildings = 4
        nation_designer_cost_multiplier = 1.50
        local_build_time = -0.30
        local_build_cost = -0.25
		terrain_override = {
			45
		}
    }
    # Germany
	urban_emden = {
		color = { 177 156 217 }
        type = marsh
        sound_type = forest
        supply_limit = 2
        movement_cost = 1.50
        local_development_cost = 0.10
        allowed_num_of_buildings = 2
        nation_designer_cost_multiplier = 1.30
        defence = 2
        local_defensiveness = 0.2
        local_build_time = 0.25
        local_build_cost = 0.25
		terrain_override = {
			1931
		}
    }
    # Germany
	urban_trier = {
		color = { 177 156 217 }
        type = hills
        sound_type = mountains
        supply_limit = 2
        movement_cost = 1.80
        local_development_cost = 0.10
        allowed_num_of_buildings = 2
        nation_designer_cost_multiplier = 1.3
        defence = 2
        local_defensiveness = 0.2
        local_build_time = 0.25
		terrain_override = {
			80
		}
    }
    # Germany
	urban_munich = {
		color = { 177 156 217 }
        sound_type = plains
        supply_limit = 10
        movement_cost = 1.0
        local_development_cost = -0.30
        allowed_num_of_buildings = 4
        nation_designer_cost_multiplier = 1.50
        local_build_time = -0.30
        local_build_cost = -0.25
		terrain_override = {
			65
		}
    }
    # Germany
	urban_nurnberg = {
		color = { 177 156 217 }
        sound_type = plains
        supply_limit = 10
        movement_cost = 1.0
        local_development_cost = -0.30
        allowed_num_of_buildings = 4
        nation_designer_cost_multiplier = 1.50
        local_build_time = -0.30
        local_build_cost = -0.25
		terrain_override = {
			67
		}
    }
    # Germany
	urban_kiel = {
		color = { 177 156 217 }
        sound_type = plains
        supply_limit = 10
        movement_cost = 1.0
        local_development_cost = -0.20
        allowed_num_of_buildings = 4
        nation_designer_cost_multiplier = 1.50
        local_build_time = -0.30
        local_build_cost = -0.25
		terrain_override = {
			1775
		}
    }
    # Germany
	urban_stettin = {
		color = { 177 156 217 }
        type = forest
        sound_type = forest
        supply_limit = 4
        movement_cost = 1.10
        local_development_cost = -0.10
        allowed_num_of_buildings = 3
        nation_designer_cost_multiplier = 1.4
        defence = 1
        local_defensiveness = 0.1
        local_build_cost = -0.1
		terrain_override = {
			1858
		}
    }
    # Germany
	urban_rostock = {
		color = { 177 156 217 }
        type = forest
        sound_type = forest
        supply_limit = 4
        movement_cost = 1.10
        local_development_cost = -0.10
        allowed_num_of_buildings = 3
        nation_designer_cost_multiplier = 1.4
        defence = 1
        local_defensiveness = 0.1
        local_build_cost = -0.1
		terrain_override = {
			46
		}
    }
    # Germany
	urban_breslau = {
		color = { 177 156 217 }
        type = plains
        sound_type = plains
        supply_limit = 10
        movement_cost = 1.0
        local_development_cost = -0.20
        allowed_num_of_buildings = 4
        nation_designer_cost_multiplier = 1.50
        local_build_time = -0.30
        local_build_cost = -0.25
		terrain_override = {
			264
		}
    }
    # Germany
	urban_wurzburg = {
		color = { 177 156 217 }
        type = hills
        sound_type = mountains
        supply_limit = 2
        movement_cost = 1.80
        local_development_cost = 0.10
        allowed_num_of_buildings = 2
        nation_designer_cost_multiplier = 1.3
        defence = 2
        local_defensiveness = 0.2
        local_build_time = 0.25
		terrain_override = {
			79
		}
    }
    # Germany
	urban_baden_baden = {
		color = { 177 156 217 }
        type = plains
        sound_type = plains
        supply_limit = 10
        movement_cost = 1.0
        local_development_cost = -0.20
        allowed_num_of_buildings = 4
        nation_designer_cost_multiplier = 1.50
        local_build_time = -0.30
        local_build_cost = -0.25
		terrain_override = {
			74
		}
    }
    # Germany
	urban_danzig = {
		color = { 177 156 217 }
        type = plains
        sound_type = plains
        supply_limit = 10
        movement_cost = 1.0
        local_development_cost = -0.30
        allowed_num_of_buildings = 4
        nation_designer_cost_multiplier = 1.50
        local_build_time = -0.30
        local_build_cost = -0.25
		terrain_override = {
			43
		}
    }
    # Germany
	urban_ratibor = {
		color = { 177 156 217 }
        type = plains
        sound_type = plains
        supply_limit = 10
        movement_cost = 1.0
        local_development_cost = -0.20
        allowed_num_of_buildings = 4
        nation_designer_cost_multiplier = 1.50
        local_build_time = -0.30
        local_build_cost = -0.25
		terrain_override = {
			263
		}
    }
	# East Prussia
	urban_memel = {
		color = { 177 156 217 }
        type = forest
        sound_type = forest
        supply_limit = 4
        movement_cost = 1.10
        local_development_cost = -0.10
        allowed_num_of_buildings = 3
        nation_designer_cost_multiplier = 1.4
        defence = 1
        local_defensiveness = 0.1
        local_build_cost = -0.1
		terrain_override = {
			40
		}
    }
	# East Prussia
	urban_tilsit = {
		color = { 177 156 217 }
        type = forest
        sound_type = forest
        supply_limit = 4
        movement_cost = 1.10
        local_development_cost = -0.10
        allowed_num_of_buildings = 3
        nation_designer_cost_multiplier = 1.4
        defence = 1
        local_defensiveness = 0.1
        local_build_cost = -0.1
		terrain_override = {
			7837
		}
    }
	# East Prussia
	urban_konigsberg = {
		color = { 177 156 217 }
        type = plains
        sound_type = plains
        supply_limit = 10
        movement_cost = 1.0
        local_development_cost = -0.20
        allowed_num_of_buildings = 4
        nation_designer_cost_multiplier = 1.50
        local_build_time = -0.30
        local_build_cost = -0.25
		terrain_override = {
			41
		}
    }
	# East Prussia
	urban_tapiau = {
		color = { 177 156 217 }
        type = forest
        sound_type = forest
        supply_limit = 4
        movement_cost = 1.10
        local_development_cost = -0.10
        allowed_num_of_buildings = 3
        nation_designer_cost_multiplier = 1.4
        defence = 1
        local_defensiveness = 0.1
        local_build_cost = -0.1
		terrain_override = {
			7834
		}
    }
	# East Prussia
	urban_insterburg = {
		color = { 177 156 217 }
        type = forest
        sound_type = forest
        supply_limit = 4
        movement_cost = 1.10
        local_development_cost = -0.10
        allowed_num_of_buildings = 3
        nation_designer_cost_multiplier = 1.4
        defence = 1
        local_defensiveness = 0.1
        local_build_cost = -0.1
		terrain_override = {
			3224
		}
    }
	# East Prussia
	urban_marienburg = {
		color = { 177 156 217 }
        type = plains
        sound_type = plains
        supply_limit = 10
        movement_cost = 1.0
        local_development_cost = -0.20
        allowed_num_of_buildings = 4
        defence = 1
        local_defensiveness = 0.30
        nation_designer_cost_multiplier = 1.50
        local_build_time = -0.30
        local_build_cost = -0.25
		terrain_override = {
			1841
		}
    }
	# East Prussia
	urban_kulm = {
		color = { 177 156 217 }
        type = forest
        sound_type = forest
        supply_limit = 4
        movement_cost = 1.10
        local_development_cost = -0.10
        allowed_num_of_buildings = 3
        nation_designer_cost_multiplier = 1.4
        defence = 1
        local_defensiveness = 0.1
        local_build_cost = -0.1
		terrain_override = {
			1859
		}
    }
	# East Prussia
	urban_marienwerder = {
		color = { 177 156 217 }
        type = forest
        sound_type = forest
        supply_limit = 4
        movement_cost = 1.10
        local_development_cost = -0.10
        allowed_num_of_buildings = 3
        nation_designer_cost_multiplier = 1.4
        defence = 1
        local_defensiveness = 0.1
        local_build_cost = -0.1
		terrain_override = {
			7829
		}
    }
	# East Prussia
	urban_rhein = {
		color = { 177 156 217 }
        type = forest
        sound_type = forest
        supply_limit = 4
        movement_cost = 1.10
        local_development_cost = -0.10
        allowed_num_of_buildings = 3
        nation_designer_cost_multiplier = 1.4
        defence = 1
        local_defensiveness = 0.1
        local_build_cost = -0.1
		terrain_override = {
			7832
		}
    }
    # Scandinavia
	urban_copenhagen = {
		color = { 177 156 217 }
        type = plains
        sound_type = plains
        supply_limit = 10
        movement_cost = 1.0
        local_development_cost = -0.30
        allowed_num_of_buildings = 4
        nation_designer_cost_multiplier = 1.50
        local_build_time = -0.30
        local_build_cost = -0.25
		terrain_override = {
			12
		}
    }
    # Scandinavia
	urban_oslo = {
		color = { 177 156 217 }
        type = hills
        sound_type = mountains
        supply_limit = 2
        movement_cost = 1.80
        local_development_cost = 0.10
        allowed_num_of_buildings = 2
        nation_designer_cost_multiplier = 1.3
        defence = 2
        local_defensiveness = 0.2
        local_build_time = 0.25
		terrain_override = {
			17
		}
    }
    # Scandinavia
	urban_stockholm = {
		color = { 177 156 217 }
        type = forest
        sound_type = forest
        supply_limit = 4
        movement_cost = 1.10
        local_development_cost = -0.20
        allowed_num_of_buildings = 3
        nation_designer_cost_multiplier = 1.4
        defence = 1
        local_defensiveness = 0.1
        local_build_cost = -0.1
		terrain_override = {
			1
		}
    }
    # Scandinavia
	urban_bergen = {
		color = { 177 156 217 }
        type = hills
        sound_type = mountains
        supply_limit = 2
        movement_cost = 1.80
        local_development_cost = 0.10
        allowed_num_of_buildings = 2
        nation_designer_cost_multiplier = 1.3
        defence = 2
        local_defensiveness = 0.2
        local_build_time = 0.25
		terrain_override = {
			23
		}
    }
    # Scandinavia
	urban_trondheim = {
        color = { 177 156 217 }
        type = mountains
        sound_type = mountains
        supply_limit = 1
        movement_cost = 2.5
        local_development_cost = 0.30
        allowed_num_of_buildings = 1
        nation_designer_cost_multiplier = 1.00
        defence = 4
        local_defensiveness = 0.50
        local_build_time = 0.5
        local_build_cost = 0.25
		terrain_override = {
			20
		}
    }
    # Scandinavia
	urban_orebro = {
		color = { 177 156 217 }
        type = forest
        sound_type = forest
        supply_limit = 4
        movement_cost = 1.10
        local_development_cost = -0.10
        allowed_num_of_buildings = 3
        nation_designer_cost_multiplier = 1.4
        defence = 1
        local_defensiveness = 0.1
        local_build_cost = -0.1
		terrain_override = {
			1985
		}
    }
    # Scandinavia
	urban_malmo = {
		color = { 177 156 217 }
        type = plains
        sound_type = plains
        supply_limit = 10
        movement_cost = 1.0
        local_development_cost = -0.20
        allowed_num_of_buildings = 4
        nation_designer_cost_multiplier = 1.50
        local_build_time = -0.30
        local_build_cost = -0.25
		terrain_override = {
			6
		}
    }
    # Scandinavia
	urban_helsinki = {
		color = { 177 156 217 }
        type = forest
        sound_type = forest
        supply_limit = 2
        movement_cost = 1.50
        local_development_cost = -0.10
        allowed_num_of_buildings = 2
        nation_designer_cost_multiplier = 1.3
        defence = 2
        local_defensiveness = 0.2
        local_build_time = 0.25
		terrain_override = {
			28
		}
    }
    # Scandinavia
	urban_turku = {
		color = { 177 156 217 }
        type = forest
        sound_type = forest
        supply_limit = 2
        movement_cost = 1.50
        local_development_cost = -0.10
        allowed_num_of_buildings = 2
        nation_designer_cost_multiplier = 1.3
        defence = 2
        local_defensiveness = 0.2
        local_build_time = 0.25
		terrain_override = {
			27
		}
    }
    # Scandinavia
	urban_oulu = {
		color = { 177 156 217 }
        type = forest
        sound_type = forest
        supply_limit = 2
        movement_cost = 1.50
        local_development_cost = -0.10
        allowed_num_of_buildings = 2
        nation_designer_cost_multiplier = 1.3
        defence = 2
        local_defensiveness = 0.2
        local_build_time = 0.25
		terrain_override = {
			4113
		}
    }
    # Estonia
	urban_tallinn = {
		color = { 177 156 217 }
        type = forest
        sound_type = forest
        supply_limit = 4
        movement_cost = 1.10
        local_development_cost = -0.10
        allowed_num_of_buildings = 3
        nation_designer_cost_multiplier = 1.4
        defence = 1
        local_defensiveness = 0.1
        local_build_cost = -0.1
		terrain_override = {
			36
		}
    }
	# Latvia
	urban_liepaja = {
		color = { 177 156 217 }
        type = forest
        sound_type = forest
        supply_limit = 4
        movement_cost = 1.10
        local_development_cost = -0.10
        allowed_num_of_buildings = 3
        nation_designer_cost_multiplier = 1.4
        defence = 1
        local_defensiveness = 0.1
        local_build_cost = -0.1
		terrain_override = {
			7838
		}
    }
	# Latvia
	urban_ventspils = {
		color = { 177 156 217 }
        type = plains
        sound_type = plains
        supply_limit = 4
        movement_cost = 1.10
        local_development_cost = -0.10
        allowed_num_of_buildings = 3
        nation_designer_cost_multiplier = 1.4
        defence = 1
        local_defensiveness = 0.1
        local_build_cost = -0.1
		terrain_override = {
			7839
		}
    }
    # Latvia
	urban_riga = {
		color = { 177 156 217 }
        type = plains
        sound_type = plains
        supply_limit = 10
        movement_cost = 1.0
        local_development_cost = -0.20
        allowed_num_of_buildings = 4
        nation_designer_cost_multiplier = 1.50
        local_build_time = -0.30
        local_build_cost = -0.25
		terrain_override = {
			38
		}
    }
    # Lithuania
	urban_vilnius = {
		color = { 177 156 217 }
        type = forest
        sound_type = forest
        supply_limit = 4
        movement_cost = 1.10
        local_development_cost = -0.30
        allowed_num_of_buildings = 3
        nation_designer_cost_multiplier = 1.4
        defence = 1
        local_defensiveness = 0.1
        local_build_cost = -0.1
		terrain_override = {
			272
		}
    }
    # Lithuania
    urban_plock = {
		color = { 177 156 217 }
        type = forest
        sound_type = forest
        supply_limit = 4
        movement_cost = 1.10
        local_development_cost = -0.10
        allowed_num_of_buildings = 3
        nation_designer_cost_multiplier = 1.4
        defence = 1
        local_defensiveness = 0.1
        local_build_cost = -0.1
		terrain_override = {
			256
		}
    }
    # Lithuania
    urban_kaunas = {
		color = { 177 156 217 }
        type = forest
        sound_type = forest
        supply_limit = 4
        movement_cost = 1.10
        local_development_cost = -0.10
        allowed_num_of_buildings = 3
        nation_designer_cost_multiplier = 1.4
        defence = 1
        local_defensiveness = 0.1
        local_build_cost = -0.1
		terrain_override = {
			1936
		}
    }
    # Belarus
    urban_lida = {
		color = { 177 156 217 }
		movement_cost = 1.10
        type = forest
        sound_type = forest
        supply_limit = 4
        local_development_cost = -0.10
        allowed_num_of_buildings = 3
        nation_designer_cost_multiplier = 1.4
        defence = 1
        local_defensiveness = 0.1
        local_build_cost = -0.1
		terrain_override = {
			4536
		}
    }
    # Belarus
    urban_pinsk = {
		color = { 177 156 217 }
        type = marsh
        sound_type = forest
        supply_limit = 2
        movement_cost = 1.50
        local_development_cost = 0.10
        allowed_num_of_buildings = 2
        nation_designer_cost_multiplier = 1.30
        defence = 2
        local_defensiveness = 0.2
        local_build_time = 0.25
        local_build_cost = 0.25
		terrain_override = {
			278
		}
    }
    # Russia
    urban_belgorod = {
		color = { 177 156 217 }
        type = plains
        sound_type = plains
        supply_limit = 2
        movement_cost = 1.50
        local_development_cost = -0.10
        allowed_num_of_buildings = 2
        nation_designer_cost_multiplier = 1.3
        defence = 2
        local_defensiveness = 0.2
        local_build_time = 0.25
		terrain_override = {
			3267
		}
    }
    # Belarus
	urban_grodno = {
		color = { 177 156 217 }
        type = forest
        sound_type = forest
        supply_limit = 4
        movement_cost = 1.10
        local_development_cost = -0.10
        allowed_num_of_buildings = 3
        nation_designer_cost_multiplier = 1.4
        defence = 1
        local_defensiveness = 0.1
        local_build_cost = -0.1
		terrain_override = {
			1937
		}
    }
    # Belarus
	urban_minsk = {
		color = { 177 156 217 }
        type = forest
        sound_type = forest
        supply_limit = 4
        movement_cost = 1.10
        local_development_cost = -0.10
        allowed_num_of_buildings = 3
        nation_designer_cost_multiplier = 1.4
        defence = 1
        local_defensiveness = 0.1
        local_build_cost = -0.1
		terrain_override = {
			276
		}
    }
    # Belarus
	urban_brasta = {
		color = { 177 156 217 }
        type = marsh
        sound_type = forest
        supply_limit = 2
        movement_cost = 1.50
        local_development_cost = 0.10
        allowed_num_of_buildings = 2
        nation_designer_cost_multiplier = 1.30
        defence = 2
        local_defensiveness = 0.2
        local_build_time = 0.25
        local_build_cost = 0.25
		terrain_override = {
			277
		}
    }
    # Belarus
	urban_polotsk = {
		color = { 177 156 217 }
        type = forest
        sound_type = forest
        supply_limit = 2
        movement_cost = 1.50
        local_development_cost = -0.10
        allowed_num_of_buildings = 2
        nation_designer_cost_multiplier = 1.3
        defence = 2
        local_defensiveness = 0.2
        local_build_time = 0.25
		terrain_override = {
			275
		}
    }
    # Belarus
	urban_smolensk = {
		color = { 177 156 217 }
        type = forest
        sound_type = forest
        supply_limit = 4
        movement_cost = 1.10
        local_development_cost = -0.10
        allowed_num_of_buildings = 3
        nation_designer_cost_multiplier = 1.4
        defence = 1
        local_defensiveness = 0.1
        local_build_cost = -0.1
		terrain_override = {
			293
		}
    }
    # Ukraine
	urban_chernigov = {
		color = { 177 156 217 }
        type = forest
        sound_type = forest
        supply_limit = 2
        movement_cost = 1.50
        local_development_cost = -0.10
        allowed_num_of_buildings = 2
        nation_designer_cost_multiplier = 1.3
        defence = 2
        local_defensiveness = 0.2
        local_build_time = 0.25
		terrain_override = {
			289
		}
    }
    # Ukraine
	urban_kyyiv = {
		color = { 177 156 217 }
        type = plains
        sound_type = plains
        supply_limit = 10
        movement_cost = 1.0
        local_development_cost = -0.40
        trade_goods_size = 1
        allowed_num_of_buildings = 4
        nation_designer_cost_multiplier = 1.50
        local_build_time = -0.30
        local_build_cost = -0.25
		terrain_override = {
			280
		}
    }
	# Ukraine
	urban_khotyn = {
		color = { 177 156 217 }
        type = plains
        sound_type = plains
        supply_limit = 10
        movement_cost = 1.0
        local_development_cost = -0.40
        trade_goods_size = 1
        allowed_num_of_buildings = 4
        nation_designer_cost_multiplier = 1.50
        local_build_time = -0.30
        local_build_cost = -0.25
		terrain_override = {
			7275
		}
    }
    # Ukraine
	urban_rivne = {
		color = { 177 156 217 }
        type = plains
        sound_type = plains
        supply_limit = 10
        movement_cost = 1.0
        local_development_cost = -0.20
        allowed_num_of_buildings = 4
        nation_designer_cost_multiplier = 1.50
        local_build_time = -0.30
        local_build_cost = -0.25
		terrain_override = {
			2962
		}
    }
    # Ukraine
	urban_kremenets = {
		color = { 177 156 217 }
        type = forest
        sound_type = forest
        supply_limit = 4
        movement_cost = 1.10
        local_development_cost = -0.10
        allowed_num_of_buildings = 3
        nation_designer_cost_multiplier = 1.4
        defence = 1
        local_defensiveness = 0.1
        local_build_cost = -0.1
		terrain_override = {
			4539
		}
    }
    # Ukraine
	urban_lutsk = {
		color = { 177 156 217 }
        type = plains
        sound_type = plains
        supply_limit = 10
        movement_cost = 1.0
        local_development_cost = -0.20
        allowed_num_of_buildings = 4
        nation_designer_cost_multiplier = 1.50
        local_build_time = -0.30
        local_build_cost = -0.25
		terrain_override = {
			3238
		}
    }
    # Ukraine
	urban_volyn = {
		color = { 177 156 217 }
        type = plains
        sound_type = plains
        supply_limit = 10
        movement_cost = 1.0
        local_development_cost = -0.20
        allowed_num_of_buildings = 4
        nation_designer_cost_multiplier = 1.50
        local_build_time = -0.30
        local_build_cost = -0.25
		terrain_override = {
			279
		}
    }
    # Ukraine
	urban_drohobych = {
		color = { 177 156 217 }
        type = mountains
        sound_type = mountains
        supply_limit = 1
        movement_cost = 2.5
        local_development_cost = 0.30
        allowed_num_of_buildings = 1
        nation_designer_cost_multiplier = 1.00
        defence = 4
        local_defensiveness = 0.50
        local_build_time = 0.5
        local_build_cost = 0.25
		terrain_override = {
			4541
		}
    }
    # Ukraine
	urban_odessa = {
		color = { 177 156 217 }
        type = plains
        sound_type = plains
        supply_limit = 10
        movement_cost = 1.0
        local_development_cost = -0.20
        allowed_num_of_buildings = 4
        nation_designer_cost_multiplier = 1.50
        local_build_time = -0.30
        local_build_cost = -0.25
		terrain_override = {
			282
		}
    }
    # Ukraine
	urban_kharkiv = {
		color = { 177 156 217 }
        type = plains
        sound_type = plains
        supply_limit = 10
        movement_cost = 1.0
        local_development_cost = -0.20
        allowed_num_of_buildings = 4
        nation_designer_cost_multiplier = 1.50
        local_build_time = -0.30
        local_build_cost = -0.25
		terrain_override = {
			291
		}
    }
    # Ukraine
	urban_kaffa = {
		color = { 177 156 217 }
        type = hills
        sound_type = mountains
        supply_limit = 2
        movement_cost = 1.80
        local_development_cost = 0.10
        allowed_num_of_buildings = 2
        nation_designer_cost_multiplier = 1.3
        defence = 2
        local_defensiveness = 0.2
        local_build_time = 0.25
		terrain_override = {
			285
		}
    }
    # Russia
	urban_samara = {
		color = { 177 156 217 }
        type = plains
        sound_type = plains
        supply_limit = 2
        movement_cost = 1.50
        local_development_cost = -0.10
        allowed_num_of_buildings = 2
        nation_designer_cost_multiplier = 1.3
        defence = 2
        local_defensiveness = 0.2
        local_build_time = 0.25
		terrain_override = {
			473
		}
    }
    # Poland
	urban_warsaw = {
		color = { 177 156 217 }
        type = plains
        sound_type = plains
        supply_limit = 10
        movement_cost = 1.0
        local_development_cost = -0.30
        
        allowed_num_of_buildings = 4
        nation_designer_cost_multiplier = 1.50
        local_build_time = -0.30
        local_build_cost = -0.25
		terrain_override = {
			257
		}
    }
    # Poland
	urban_zlotow = {
		color = { 177 156 217 }
        type = forest
        sound_type = forest
        supply_limit = 4
        movement_cost = 1.10
        local_development_cost = -0.10
        allowed_num_of_buildings = 3
        nation_designer_cost_multiplier = 1.4
        defence = 1
        local_defensiveness = 0.1
        local_build_cost = -0.1
		terrain_override = {
			2963
		}
    }
    # Poland
    urban_tarnow = {
		color = { 177 156 217 }
        type = plains
        sound_type = plains
        supply_limit = 10
        movement_cost = 1.0
        local_development_cost = -0.20
        allowed_num_of_buildings = 4
        nation_designer_cost_multiplier = 1.50
        local_build_time = -0.30
        local_build_cost = -0.25
		terrain_override = {
			2959
		}
    }
    # Poland
	urban_krakow = {
		color = { 177 156 217 }
        type = plains
        sound_type = plains
        supply_limit = 10
        movement_cost = 1.0
        local_development_cost = -0.30
        
        allowed_num_of_buildings = 4
        nation_designer_cost_multiplier = 1.50
        local_build_time = -0.30
        local_build_cost = -0.25
		terrain_override = {
			262
		}
    }
    # Poland
	urban_lublin = {
		color = { 177 156 217 }
        type = plains
        sound_type = plains
        supply_limit = 10
        movement_cost = 1.0
        local_development_cost = -0.20
        allowed_num_of_buildings = 4
        nation_designer_cost_multiplier = 1.50
        local_build_time = -0.30
        local_build_cost = -0.25
		terrain_override = {
			260
		}
    }
	# Poland
	urban_chelm = {
		color = { 177 156 217 }
        type = plains
        sound_type = plains
        supply_limit = 10
        movement_cost = 1.0
        local_development_cost = -0.20
        allowed_num_of_buildings = 4
        nation_designer_cost_multiplier = 1.50
        local_build_time = -0.30
        local_build_cost = -0.25
		terrain_override = {
			4538
		}
    }
    # Poland
	urban_lwow = {
		color = { 177 156 217 }
        type = plains
        sound_type = plains
        supply_limit = 10
        movement_cost = 1.0
        local_development_cost = -0.20
        allowed_num_of_buildings = 4
        nation_designer_cost_multiplier = 1.50
        local_build_time = -0.30
        local_build_cost = -0.25
		terrain_override = {
			2961
		}
    }
    # Poland
	urban_poznan = {
		color = { 177 156 217 }
        type = plains
        sound_type = plains
        supply_limit = 10
        movement_cost = 1.0
        local_development_cost = -0.20
        allowed_num_of_buildings = 4
        nation_designer_cost_multiplier = 1.50
        local_build_time = -0.30
        local_build_cost = -0.25
		terrain_override = {
			254
		}
    }
    # Poland
	urban_podole = {
		color = { 177 156 217 }
        type = plains
        sound_type = plains
        supply_limit = 4
        movement_cost = 1.10
        local_development_cost = -0.10
        allowed_num_of_buildings = 3
        nation_designer_cost_multiplier = 1.4
        defence = 1
        local_defensiveness = 0.1
        local_build_cost = -0.1
		terrain_override = {
			281
		}
    }
    # Russia
	urban_azov = {
		color = { 177 156 217 }
        type = marsh
        sound_type = forest
        supply_limit = 10
        movement_cost = 1.0
        local_development_cost = -0.20
        allowed_num_of_buildings = 4
        nation_designer_cost_multiplier = 1.50
        local_build_time = -0.30
        local_build_cost = -0.25
		terrain_override = {
			286
		}
    }
    # Russia
	urban_kerch = {
		color = { 177 156 217 }
        type = marsh
        sound_type = forest
        supply_limit = 2
        movement_cost = 1.50
        local_development_cost = 0.10
        allowed_num_of_buildings = 2
        nation_designer_cost_multiplier = 1.30
        defence = 2
        local_defensiveness = 0.2
        local_build_time = 0.25
        local_build_cost = 0.25
		terrain_override = {
			3245
		}
    }
	# Russia
	urban_kohlm = {
		color = { 177 156 217 }
        type = plains
        sound_type = plains
        supply_limit = 10
        movement_cost = 1.0
        local_development_cost = -0.30
        allowed_num_of_buildings = 4
        nation_designer_cost_multiplier = 1.50
        local_build_time = -0.30
        local_build_cost = -0.25
		terrain_override = {
			311
		}
    }
    # Russia
	urban_astrakhan = {
		color = { 177 156 217 }
        type = plains
        sound_type = plains
        supply_limit = 10
        movement_cost = 1.0
        local_development_cost = -0.20
        allowed_num_of_buildings = 4
        nation_designer_cost_multiplier = 1.50
        local_build_time = -0.30
        local_build_cost = -0.25
		terrain_override = {
			464
		}
    }
    # Russia
	urban_tsaritsyn = {
		color = { 177 156 217 }
        type = plains
        sound_type = plains
        supply_limit = 4
        movement_cost = 1.10
        local_development_cost = -0.10
        allowed_num_of_buildings = 3
        nation_designer_cost_multiplier = 1.4
        defence = 1
        local_defensiveness = 0.1
        local_build_cost = -0.1

		terrain_override = {
			1971
		}
    }
    # Russia
	urban_voronezh = {
		color = { 177 156 217 }
        type = plains
        sound_type = plains
        supply_limit = 10
        movement_cost = 1.0
        local_development_cost = -0.20
        allowed_num_of_buildings = 4
        nation_designer_cost_multiplier = 1.50
        local_build_time = -0.30
        local_build_cost = -0.25
		terrain_override = {
			299
		}
    }
    # Russia
	urban_saratov = {
		color = { 177 156 217 }
        type = plains
        sound_type = plains
        supply_limit = 10
        movement_cost = 1.0
        local_development_cost = -0.20
        allowed_num_of_buildings = 4
        nation_designer_cost_multiplier = 1.50
        local_build_time = -0.30
        local_build_cost = -0.25
		terrain_override = {
			303
		}
    }
    # Russia
	urban_moscow = {
		color = { 177 156 217 }
        type = plains
        sound_type = plains
        supply_limit = 10
        movement_cost = 1.0
        local_development_cost = -0.40
        trade_goods_size = 1
        allowed_num_of_buildings = 4
        nation_designer_cost_multiplier = 1.50
        local_build_time = -0.30
        local_build_cost = -0.25
		terrain_override = {
			295
		}
    }
    # Russia
	urban_neva = {
		color = { 177 156 217 }
        type = forest
        sound_type = forest
        supply_limit = 4
        movement_cost = 1.10
        local_development_cost = -0.40
        trade_goods_size = 1
        allowed_num_of_buildings = 3
        nation_designer_cost_multiplier = 1.4
        defence = 1
        local_defensiveness = 0.1
        local_build_cost = -0.1
		terrain_override = {
			33
		}
    }
    # Russia
	urban_pskov = {
		color = { 177 156 217 }
        type = forest
        sound_type = forest
        supply_limit = 2
        movement_cost = 1.50
        local_development_cost = -0.10
        allowed_num_of_buildings = 2
        nation_designer_cost_multiplier = 1.3
        defence = 2
        local_defensiveness = 0.2
        local_build_time = 0.25
		terrain_override = {
			274
		}
    }
    # Russia
	urban_kremlin = {
		color = { 177 156 217 }
        type = plains
        sound_type = plains
        supply_limit = 10
        movement_cost = 1.0
        local_development_cost = -0.30
        allowed_num_of_buildings = 4
        defence = 2
        nation_designer_cost_multiplier = 1.50
        local_build_time = -0.30
        local_build_cost = -0.25
		terrain_override = {
			6975
		}
    }
    # Russia
	urban_kazan = {
		color = { 177 156 217 }
        type = plains
        sound_type = plains
        supply_limit = 10
        movement_cost = 1.0
        local_development_cost = -0.20
        allowed_num_of_buildings = 4
        nation_designer_cost_multiplier = 1.50
        local_build_time = -0.30
        local_build_cost = -0.25
		terrain_override = {
			1082
		}
    }
    # Russia
	urban_perm = {
		color = { 177 156 217 }
        type = forest
        sound_type = forest
        supply_limit = 2
        movement_cost = 1.50
        local_development_cost = -0.10
        allowed_num_of_buildings = 2
        nation_designer_cost_multiplier = 1.3
        defence = 2
        local_defensiveness = 0.2
        local_build_time = 0.25


		terrain_override = {
			305
		}
    }
    # Russia
    urban_murom = {
		color = { 177 156 217 }
        type = forest
        sound_type = forest
        supply_limit = 2
        movement_cost = 1.50
        local_development_cost = -0.10
        allowed_num_of_buildings = 2
        nation_designer_cost_multiplier = 1.3
        defence = 2
        local_defensiveness = 0.2
        local_build_time = 0.25
		terrain_override = {
			1754
		}
    }
    # Russia
    urban_vladimir = {
		color = { 177 156 217 }
        type = forest
        sound_type = forest
        supply_limit = 4
        movement_cost = 1.10
        local_development_cost = -0.10
        allowed_num_of_buildings = 3
        nation_designer_cost_multiplier = 1.4
        defence = 1
        local_defensiveness = 0.1
        local_build_cost = -0.1
		terrain_override = {
			307
		}
    }
    urban_kaluga = {
		color = { 177 156 217 }
        type = plains
        sound_type = plains
        supply_limit = 10
        movement_cost = 1.0
        local_development_cost = -0.20
        allowed_num_of_buildings = 4
        nation_designer_cost_multiplier = 1.50
        local_build_time = -0.30
        local_build_cost = -0.25
		terrain_override = {
			296
		}
    }
    urban_penza = {
		color = { 177 156 217 }
        type = forest
        sound_type = forest
        supply_limit = 4
        movement_cost = 1.10
        local_development_cost = -0.10
        allowed_num_of_buildings = 3
        nation_designer_cost_multiplier = 1.4
        defence = 1
        local_defensiveness = 0.1
        local_build_cost = -0.1
		terrain_override = {
			304
		}
    }
    urban_mtsensk = {
		color = { 177 156 217 }
        type = plains
        sound_type = plains
        supply_limit = 10
        movement_cost = 1.0
        local_development_cost = -0.20
        allowed_num_of_buildings = 4
        nation_designer_cost_multiplier = 1.50
        local_build_time = -0.30
        local_build_cost = -0.25
		terrain_override = {
			5666
		}
    }
    urban_yelets = {
		color = { 177 156 217 }
        type = plains
        sound_type = plains
        supply_limit = 10
        movement_cost = 1.0
        local_development_cost = -0.20
        allowed_num_of_buildings = 4
        nation_designer_cost_multiplier = 1.50
        local_build_time = -0.30
        local_build_cost = -0.25
		terrain_override = {
			3268
		}
    }
    urban_ustyug = {
		color = { 177 156 217 }
        type = forest
        sound_type = forest
        supply_limit = 2
        movement_cost = 1.50
        local_development_cost = -0.10
        allowed_num_of_buildings = 2
        nation_designer_cost_multiplier = 1.3
        defence = 2
        local_defensiveness = 0.2
        local_build_time = 0.25
		terrain_override = {
			1755
		}
    }
    urban_tyn = {
		color = { 177 156 217 }
        type = plains
        sound_type = plains
        supply_limit = 4
        movement_cost = 1.10
        local_development_cost = -0.10
        allowed_num_of_buildings = 3
        nation_designer_cost_multiplier = 1.4
        defence = 1
        local_defensiveness = 0.1
        local_build_cost = -0.1
		terrain_override = {
			2413
		}
    }
    urban_bobrujsk = {
		color = { 177 156 217 }
        type = forest
        sound_type = forest
        supply_limit = 4
        movement_cost = 1.10
        local_development_cost = -0.10
        allowed_num_of_buildings = 3
        nation_designer_cost_multiplier = 1.4
        defence = 1
        local_defensiveness = 0.1
        local_build_cost = -0.1
		terrain_override = {
			4544
		}
    }
    urban_kremenchuk = {
		color = { 177 156 217 }
        type = plains
        sound_type = plains
        supply_limit = 4
        movement_cost = 1.10
        local_development_cost = -0.10
        allowed_num_of_buildings = 3
        nation_designer_cost_multiplier = 1.4
        defence = 1
        local_defensiveness = 0.1
        local_build_cost = -0.1
		terrain_override = {
			7256
		}
    }
    urban_tambov = {
		color = { 177 156 217 }
        type = forest
        sound_type = forest
        supply_limit = 4
        movement_cost = 1.10
        local_development_cost = -0.10
        allowed_num_of_buildings = 3
        nation_designer_cost_multiplier = 1.4
        defence = 1
        local_defensiveness = 0.1
        local_build_cost = -0.1
		terrain_override = {
			302
		}
    }
    urban_torzhok = {
		color = { 177 156 217 }
        type = forest
        sound_type = forest
        supply_limit = 2
        movement_cost = 1.50
        local_development_cost = -0.10
        allowed_num_of_buildings = 2
        nation_designer_cost_multiplier = 1.3
        defence = 2
        local_defensiveness = 0.2
        local_build_time = 0.25
		terrain_override = {
			1959
		}
    }
    urban_ostashkov = {
		color = { 177 156 217 }
        type = forest
        sound_type = forest
        supply_limit = 2
        movement_cost = 1.50
        local_development_cost = -0.10
        allowed_num_of_buildings = 2
        nation_designer_cost_multiplier = 1.3
        defence = 2
        local_defensiveness = 0.2
        local_build_time = 0.25
		terrain_override = {
			7878
		}
    }
    urban_tobolsk = {
		color = { 177 156 217 }
        type = forest
        sound_type = forest
        supply_limit = 4
        movement_cost = 1.10
        local_development_cost = -0.10
        allowed_num_of_buildings = 3
        nation_designer_cost_multiplier = 1.4
        defence = 1
        local_defensiveness = 0.1
        local_build_cost = -0.1
		terrain_override = {
			1074
		}
    }
    urban_tomsk = {
		color = { 177 156 217 }
        type = forest
        sound_type = forest
        supply_limit = 2
        movement_cost = 1.50
        local_development_cost = -0.10
        allowed_num_of_buildings = 2
        nation_designer_cost_multiplier = 1.3
        defence = 2
        local_defensiveness = 0.2
        local_build_time = 0.25
		terrain_override = {
			1064
		}
    }
    urban_hadyach = {
		color = { 177 156 217 }
        type = forest
        sound_type = forest
        supply_limit = 4
        movement_cost = 1.10
        local_development_cost = -0.10
        allowed_num_of_buildings = 3
        nation_designer_cost_multiplier = 1.4
        defence = 1
        local_defensiveness = 0.1
        local_build_cost = -0.1
		terrain_override = {
			7252
		}
    }
    urban_kherson = {
		color = { 177 156 217 }
        type = plains
        sound_type = plains
        supply_limit = 4
        movement_cost = 1.10
        local_development_cost = -0.10
        allowed_num_of_buildings = 3
        nation_designer_cost_multiplier = 1.4
        defence = 1
        local_defensiveness = 0.1
        local_build_cost = -0.1
		terrain_override = {
			1974
		}
    }
    urban_taganrog = {
		color = { 177 156 217 }
        type = plains
        sound_type = plains
        supply_limit = 2
        movement_cost = 1.50
        local_development_cost = -0.10
        allowed_num_of_buildings = 2
        nation_designer_cost_multiplier = 1.3
        defence = 2
        local_defensiveness = 0.2
        local_build_time = 0.25
		terrain_override = {
			7203
		}
    }
    urban_orenburg = {
		color = { 177 156 217 }
        type = plains
        sound_type = plains
        supply_limit = 2
        movement_cost = 1.50
        local_development_cost = -0.10
        allowed_num_of_buildings = 2
        nation_designer_cost_multiplier = 1.3
        defence = 2
        local_defensiveness = 0.2
        local_build_time = 0.25
		terrain_override = {
			2420
		}
    }
    urban_tyumen = {
		color = { 177 156 217 }
        type = forest
        sound_type = forest
        supply_limit = 2
        movement_cost = 1.50
        local_development_cost = -0.10
        allowed_num_of_buildings = 2
        nation_designer_cost_multiplier = 1.3
        defence = 2
        local_defensiveness = 0.2
        local_build_time = 0.25
		terrain_override = {
			1075
		}
    }
    urban_suzdal = {
		color = { 177 156 217 }
        type = plains
        sound_type = plains
        supply_limit = 2
        movement_cost = 1.50
        local_development_cost = -0.10
        allowed_num_of_buildings = 2
        nation_designer_cost_multiplier = 1.3
        defence = 2
        local_defensiveness = 0.2
        local_build_time = 0.25
		terrain_override = {
			1956
		}
    }
    # Russia
    urban_ryazan = {
		color = { 177 156 217 }
        type = forest
        sound_type = forest
        supply_limit = 4
        movement_cost = 1.10
        local_development_cost = -0.10
        allowed_num_of_buildings = 3
        nation_designer_cost_multiplier = 1.4
        defence = 1
        local_defensiveness = 0.1
        local_build_cost = -0.1
		terrain_override = {
			301
		}
    }
    # Russia
    urban_rzhev = {
		color = { 177 156 217 }
        type = forest
        sound_type = forest
        supply_limit = 4
        movement_cost = 1.10
        local_development_cost = -0.10
        allowed_num_of_buildings = 3
        nation_designer_cost_multiplier = 1.4
        defence = 1
        local_defensiveness = 0.1
        local_build_cost = -0.1
		terrain_override = {
			1752
		}
    }
    # Russia
    urban_rostov = {
		color = { 177 156 217 }
        type = forest
        sound_type = forest
        supply_limit = 2
        movement_cost = 1.50
        local_development_cost = -0.10
        allowed_num_of_buildings = 2
        nation_designer_cost_multiplier = 1.3
        defence = 2
        local_defensiveness = 0.2
        local_build_time = 0.25
		terrain_override = {
			4147
		}
    }
    # Russia
    urban_yaroslavl = {
		color = { 177 156 217 }
        type = plains
        sound_type = plains
        supply_limit = 10
        movement_cost = 1.0
        local_development_cost = -0.20
        allowed_num_of_buildings = 4
        nation_designer_cost_multiplier = 1.50
        local_build_time = -0.30
        local_build_cost = -0.25
		terrain_override = {
			308
		}
    }
    # Russia
    urban_kostroma = {
		color = { 177 156 217 }
        type = forest
        sound_type = forest
        supply_limit = 4
        movement_cost = 1.10
        local_development_cost = -0.10
        allowed_num_of_buildings = 3
        nation_designer_cost_multiplier = 1.4
        defence = 1
        local_defensiveness = 0.1
        local_build_cost = -0.1
		terrain_override = {
			1753
		}
    }
    # Russia
    urban_nizhny_novgorod = {
		color = { 177 156 217 }
        type = plains
        sound_type = plains
        supply_limit = 10
        movement_cost = 1.0
        local_development_cost = -0.20
        allowed_num_of_buildings = 4
        nation_designer_cost_multiplier = 1.50
        local_build_time = -0.30
        local_build_cost = -0.25
		terrain_override = {
			306
		}
    }
    # Russia
    urban_veliky_novgorod = {
		color = { 177 156 217 }
        type = forest
        sound_type = forest
        supply_limit = 10
        movement_cost = 1.0
        local_development_cost = -0.20
        allowed_num_of_buildings = 4
        nation_designer_cost_multiplier = 1.50
        local_build_time = -0.30
        local_build_cost = -0.25
		terrain_override = {
			310
		}
    }
    # Russia
    urban_vologda = {
		color = { 177 156 217 }
        type = forest
        sound_type = forest
        supply_limit = 4
        movement_cost = 1.10
        local_development_cost = -0.10
        allowed_num_of_buildings = 3
        nation_designer_cost_multiplier = 1.4
        defence = 1
        local_defensiveness = 0.1
        local_build_cost = -0.1
		terrain_override = {
			314
		}
    }
    # Russia
	urban_ufa = {
		color = { 177 156 217 }
        type = forest
        sound_type = forest
        supply_limit = 4
        movement_cost = 1.10
        local_development_cost = -0.10
        allowed_num_of_buildings = 3
        nation_designer_cost_multiplier = 1.4
        defence = 1
        local_defensiveness = 0.1
        local_build_cost = -0.1
		terrain_override = {
			475
		}
    }
    # Russia
	urban_omsk = {
		color = { 177 156 217 }
        type = forest
        sound_type = forest
        supply_limit = 2
        movement_cost = 1.50
        local_development_cost = -0.10
        allowed_num_of_buildings = 2
        nation_designer_cost_multiplier = 1.3
        defence = 2
        local_defensiveness = 0.2
        local_build_time = 0.25
		terrain_override = {
			4689
		}
    }
    # Russia
	urban_irkutsk = {
		color = { 177 156 217 }
        type = forest
        sound_type = forest
        supply_limit = 4
        movement_cost = 1.10
        local_development_cost = -0.10
        allowed_num_of_buildings = 3
        nation_designer_cost_multiplier = 1.4
        defence = 1
        local_defensiveness = 0.1
        local_build_cost = -0.1
		terrain_override = {
			1060
		}
    }
    # Austria
	urban_wien = {
		color = { 177 156 217 }
        type = plains
        sound_type = plains
        supply_limit = 10
        movement_cost = 1.0
        local_development_cost = -0.40
        trade_goods_size = 1
        local_defensiveness = 0.20
        allowed_num_of_buildings = 4
        nation_designer_cost_multiplier = 1.50
        local_build_time = -0.30
        local_build_cost = -0.25
		terrain_override = {
			134
		}
    }
    # Austria
	urban_schonbrunn = {
		color = { 177 156 217 }
        type = plains
        sound_type = plains
        supply_limit = 10
        movement_cost = 1.0
        local_development_cost = -0.30
        allowed_num_of_buildings = 4
        nation_designer_cost_multiplier = 1.50
        local_build_time = -0.30
        local_build_cost = -0.25

		terrain_override = {
			7672
		}
    }
    # Austria
	urban_graz = {
		color = { 177 156 217 }
        type = hills
        sound_type = mountains
        supply_limit = 2
        movement_cost = 1.80
        local_development_cost = 0.10
        allowed_num_of_buildings = 2
        nation_designer_cost_multiplier = 1.3
        defence = 2
        local_defensiveness = 0.2
        local_build_time = 0.25
		terrain_override = {
			1863
		}
    }
    # Austria
	urban_innsbruck = {
		color = { 177 156 217 }
        type = mountains
        sound_type = mountains
        supply_limit = 1
        movement_cost = 2.5
        local_development_cost = 0.30
        allowed_num_of_buildings = 1
        nation_designer_cost_multiplier = 1.00
        defence = 4
        local_defensiveness = 0.50
        local_build_time = 0.5
        local_build_cost = 0.25
		terrain_override = {
			73
		}
    }
    # Austria
	urban_linz = {
		color = { 177 156 217 }
        type = hills
        sound_type = mountains
        supply_limit = 2
        movement_cost = 1.80
        local_development_cost = 0.10
        allowed_num_of_buildings = 2
        nation_designer_cost_multiplier = 1.3
        defence = 2
        local_defensiveness = 0.2
        local_build_time = 0.25
		terrain_override = {
			133
		}
    }
    # Bohemia
	urban_praha = {
		color = { 177 156 217 }
        type = plains
        sound_type = plains
        supply_limit = 10
        movement_cost = 1.0
        local_development_cost = -0.40
        allowed_num_of_buildings = 4
        nation_designer_cost_multiplier = 1.50
        local_build_time = -0.30
        local_build_cost = -0.25
		terrain_override = {
			266
		}
    }
    # Bohemia
	urban_ceske_budejovice = {
		color = { 177 156 217 }
        type = hills
        sound_type = mountains
        supply_limit = 2
        movement_cost = 1.80
        local_development_cost = 0.10
        allowed_num_of_buildings = 2
        nation_designer_cost_multiplier = 1.3
        defence = 2
        local_defensiveness = 0.2
        local_build_time = 0.25
		terrain_override = {
			2968
		}
    }
    # Hungary
	urban_buda_castle = {
		color = { 177 156 217 }
        type = plains
        sound_type = plains
        supply_limit = 10
        movement_cost = 1.0
        local_development_cost = -0.30
        local_defensiveness = 0.20
        allowed_num_of_buildings = 4
        nation_designer_cost_multiplier = 1.50
        local_build_time = -0.30
        local_build_cost = -0.25
		terrain_override = {
			6974
		}
    }
    # Hungary
	urban_pest = {
		color = { 177 156 217 }
        type = plains
        sound_type = plains
        supply_limit = 10
        movement_cost = 1.0
        local_development_cost = -0.30
        allowed_num_of_buildings = 4
        nation_designer_cost_multiplier = 1.50
        local_build_time = -0.30
        local_build_cost = -0.25
		terrain_override = {
			153
		}
    }
    # Hungary
	urban_pressburg = {
		color = { 177 156 217 }
        type = plains
        sound_type = plains
        supply_limit = 10
        movement_cost = 1.0
        local_development_cost = -0.20
        allowed_num_of_buildings = 4
        nation_designer_cost_multiplier = 1.50
        local_build_time = -0.30
        local_build_cost = -0.25
		terrain_override = {
			1772
		}
    }
    # Hungary
	urban_zagreb = {
		color = { 177 156 217 }
        type = hills
        sound_type = mountains
        supply_limit = 2
        movement_cost = 1.80
        local_development_cost = 0.10
        allowed_num_of_buildings = 2
        nation_designer_cost_multiplier = 1.3
        defence = 2
        local_defensiveness = 0.2
        local_build_time = 0.25
		terrain_override = {
			131
		}
    }
    # Hungary
	urban_split = {
		color = { 177 156 217 }
        type = hills
        sound_type = mountains
        supply_limit = 2
        movement_cost = 1.80
        local_development_cost = 0.10
        allowed_num_of_buildings = 2
        nation_designer_cost_multiplier = 1.3
        defence = 2
        local_defensiveness = 0.2
        local_build_time = 0.25
		terrain_override = {
			136
		}
    }
    # Serbia
	urban_beograd = {
		color = { 177 156 217 }
        type = hills
        sound_type = mountains
        supply_limit = 2
        movement_cost = 1.80
        local_development_cost = -0.30
        allowed_num_of_buildings = 2
        nation_designer_cost_multiplier = 1.3
        defence = 2
        local_defensiveness = 0.2
        local_build_time = 0.25
		terrain_override = {
			4239
		}
    }
    # Serbia
	urban_smederevo = {
		color = { 177 156 217 }
        type = hills
        sound_type = mountains
        supply_limit = 2
        movement_cost = 1.80
        local_development_cost = 0.10
        allowed_num_of_buildings = 2
        nation_designer_cost_multiplier = 1.3
        defence = 2
        local_defensiveness = 0.2
        local_build_time = 0.25
		terrain_override = {
			4176
		}
    }
    # Bosnia
	urban_mostar = {
		color = { 177 156 217 }
        type = hills
        sound_type = mountains
        supply_limit = 2
        movement_cost = 1.80
        local_development_cost = 0.10
        allowed_num_of_buildings = 2
        nation_designer_cost_multiplier = 1.3
        defence = 2
        local_defensiveness = 0.2
        local_build_time = 0.25
		terrain_override = {
			139
		}
    }
    # Montenegro
	urban_ragusa = {
		color = { 177 156 217 }
        type = hills
        sound_type = mountains
        supply_limit = 2
        movement_cost = 1.80
        local_development_cost = 0.10
        allowed_num_of_buildings = 2
        nation_designer_cost_multiplier = 1.3
        defence = 2
        local_defensiveness = 0.2
        local_build_time = 0.25
		terrain_override = {
			137
		}
    }
    # Montenegro
	urban_podgorica = {
		color = { 177 156 217 }
        type = hills
        sound_type = mountains
        supply_limit = 2
        movement_cost = 1.80
        local_development_cost = 0.10
        allowed_num_of_buildings = 2
        nation_designer_cost_multiplier = 1.3
        defence = 2
        local_defensiveness = 0.2
        local_build_time = 0.25
		terrain_override = {
			138
		}
    }
    # Montenegro
	urban_castelnuovo = {
		color = { 177 156 217 }
        type = hills
        sound_type = mountains
        supply_limit = 2
        movement_cost = 1.80
        local_development_cost = 0.10
        allowed_num_of_buildings = 2
        nation_designer_cost_multiplier = 1.3
        defence = 2
        local_defensiveness = 0.2
        local_build_time = 0.25
		terrain_override = {
			4754
		}
    }
    # Bulgaria
	urban_sofia = {
		color = { 177 156 217 }
        type = hills
        sound_type = mountains
        supply_limit = 2
        movement_cost = 1.80
        local_development_cost = -0.30
        allowed_num_of_buildings = 2
        nation_designer_cost_multiplier = 1.3
        defence = 2
        local_defensiveness = 0.2
        local_build_time = 0.25
		terrain_override = {
			1765
		}
    }
    # Bulgaria
	urban_plovdiv = {
		color = { 177 156 217 }
        type = plains
        sound_type = plains
        supply_limit = 10
        movement_cost = 1.0
        local_development_cost = -0.20
        allowed_num_of_buildings = 4
        nation_designer_cost_multiplier = 1.50
        local_build_time = -0.30
        local_build_cost = -0.25
		terrain_override = {
			2750
		}
    }
    # Bulgaria
	urban_varna = {
		color = { 177 156 217 }
        type = hills
        sound_type = mountains
        supply_limit = 2
        movement_cost = 1.80
        local_development_cost = 0.10
        allowed_num_of_buildings = 2
        nation_designer_cost_multiplier = 1.3
        defence = 2
        local_defensiveness = 0.2
        local_build_time = 0.25
		terrain_override = {
			3165
		}
    }
    # Bulgaria
	urban_burgas = {
		color = { 177 156 217 }
        type = hills
        sound_type = mountains
        supply_limit = 2
        movement_cost = 1.80
        local_development_cost = 0.10
        allowed_num_of_buildings = 2
        nation_designer_cost_multiplier = 1.3
        defence = 2
        local_defensiveness = 0.2
        local_build_time = 0.25
		terrain_override = {
			1764
		}
    }
    # Bulgaria
	urban_silistra = {
		color = { 177 156 217 }
        type = hills
        sound_type = mountains
        supply_limit = 2
        movement_cost = 1.80
        local_development_cost = 0.10
        allowed_num_of_buildings = 2
        nation_designer_cost_multiplier = 1.3
        defence = 2
        local_defensiveness = 0.2
        local_build_time = 0.25
		terrain_override = {
			159
		}
    }
    # Albania
	urban_durres = {
		color = { 177 156 217 }
        type = plains
        sound_type = plains
        supply_limit = 10
        movement_cost = 1.0
        local_development_cost = -0.20
        allowed_num_of_buildings = 4
        nation_designer_cost_multiplier = 1.50
        local_build_time = -0.30
        local_build_cost = -0.25
		terrain_override = {
			4174
		}
    }
    # Albania
	urban_tirana = {
		color = { 177 156 217 }
        type = hills
        sound_type = mountains
        supply_limit = 2
        movement_cost = 1.80
        local_development_cost = 0.10
        allowed_num_of_buildings = 2
        nation_designer_cost_multiplier = 1.3
        defence = 2
        local_defensiveness = 0.2
        local_build_time = 0.25
		terrain_override = {
			4750
		}
    }
    # Macedonia
	urban_skopje = {
		color = { 177 156 217 }
        type = hills
        sound_type = mountains
        supply_limit = 2
        movement_cost = 1.80
        local_development_cost = 0.10
        allowed_num_of_buildings = 2
        nation_designer_cost_multiplier = 1.3
        defence = 2
        local_defensiveness = 0.2
        local_build_time = 0.25
		terrain_override = {
			3001
		}
    }
    # Romania
	urban_bucharest = {
		color = { 177 156 217 }
        type = plains
        sound_type = plains
        supply_limit = 10
        movement_cost = 1.0
        local_development_cost = -0.30
        allowed_num_of_buildings = 4
        nation_designer_cost_multiplier = 1.50
        local_build_time = -0.30
        local_build_cost = -0.25
		terrain_override = {
			3160
		}
    }
    # Romania
	urban_hunedoara = {
		color = { 177 156 217 }
        type = mountains
        sound_type = mountains
        supply_limit = 1
        movement_cost = 2.5
        local_development_cost = 0.30
        allowed_num_of_buildings = 1
        nation_designer_cost_multiplier = 1.00
        defence = 4
        local_defensiveness = 0.50
        local_build_time = 0.5
        local_build_cost = 0.25
		terrain_override = {
			1951
		}
    }
    # Romania
	urban_sibiu = {
		color = { 177 156 217 }
        type = hills
        sound_type = mountains
        supply_limit = 2
        movement_cost = 1.80
        local_development_cost = 0.10
        
        allowed_num_of_buildings = 2
        nation_designer_cost_multiplier = 1.3
        defence = 2
        local_defensiveness = 0.2
        local_build_time = 0.25
		terrain_override = {
			8208
		}
    }
    # Romania
	urban_timisoara = {
		color = { 177 156 217 }
        type = plains
        sound_type = plains
        supply_limit = 10
        movement_cost = 1.0
        local_development_cost = -0.20
        allowed_num_of_buildings = 4
        nation_designer_cost_multiplier = 1.50
        local_build_time = -0.30
        local_build_cost = -0.25
		terrain_override = {
			156
		}
    }
    # Romania
	urban_constanta = {
		color = { 177 156 217 }
        type = plains
        sound_type = plains
        supply_limit = 10
        movement_cost = 1.0
        local_development_cost = -0.20
        allowed_num_of_buildings = 4
        nation_designer_cost_multiplier = 1.50
        local_build_time = -0.30
        local_build_cost = -0.25
		terrain_override = {
			3164
		}
    }
    # Romania
	urban_iasi = {
		color = { 177 156 217 }
        type = hills
        sound_type = mountains
        supply_limit = 2
        movement_cost = 1.80
        local_development_cost = 0.10
        allowed_num_of_buildings = 2
        nation_designer_cost_multiplier = 1.3
        defence = 2
        local_defensiveness = 0.2
        local_build_time = 0.25
		terrain_override = {
			4529
		}
    }
    # Romania
	urban_chisinau = {
		color = { 177 156 217 }
        type = plains
        sound_type = plains
        supply_limit = 10
        movement_cost = 1.0
        local_development_cost = -0.20
        allowed_num_of_buildings = 4
        nation_designer_cost_multiplier = 1.50
        local_build_time = -0.30
        local_build_cost = -0.25
		terrain_override = {
			8220
		}
    }
    # Romania
	urban_suceava = {
		color = { 177 156 217 }
        type = hills
        sound_type = mountains
        supply_limit = 2
        movement_cost = 1.80
        local_development_cost = 0.10
        allowed_num_of_buildings = 2
        nation_designer_cost_multiplier = 1.3
        defence = 2
        local_defensiveness = 0.2
        local_build_time = 0.25
		terrain_override = {
			3156
		}
    }
    # Romania
	urban_bessarabia = {
		color = { 177 156 217 }
        type = marsh
        sound_type = forest
        supply_limit = 4
        movement_cost = 1.10
        local_development_cost = -0.10
        allowed_num_of_buildings = 3
        nation_designer_cost_multiplier = 1.4
        defence = 1
        local_defensiveness = 0.1
        local_build_cost = -0.1
		terrain_override = {
			1756
		}
    }
    # Romania
	urban_cetatea_alba = {
		color = { 177 156 217 }
        type = plains
        sound_type = plains
        supply_limit = 10
        movement_cost = 1.0
        local_development_cost = -0.20
        allowed_num_of_buildings = 4
        nation_designer_cost_multiplier = 1.50
        local_build_time = -0.30
        local_build_cost = -0.25
		terrain_override = {
			7278
		}
    }
    # Romania
	urban_bran = {
		color = { 177 156 217 }
        type = plains
        sound_type = plains
        supply_limit = 10
        movement_cost = 1.0
        local_development_cost = -0.20
        allowed_num_of_buildings = 4
        local_defensiveness = 0.30
        defence = 2
        nation_designer_cost_multiplier = 1.50
        local_build_time = -0.30
        local_build_cost = -0.25
		terrain_override = {
			4128 
		}
    }
	# Romania
	urban_tirgoviste = {
		color = { 177 156 217 }
        type = plains
        sound_type = plains
        supply_limit = 10
        movement_cost = 1.0
        local_development_cost = -0.20
        allowed_num_of_buildings = 4
        local_defensiveness = 0.30
        defence = 2
        nation_designer_cost_multiplier = 1.50
        local_build_time = -0.30
        local_build_cost = -0.25
		terrain_override = {
			161
		}
    }
    # Greece
	urban_thessaloniki = {
		color = { 177 156 217 }
        type = plains
        sound_type = plains
        supply_limit = 10
        movement_cost = 1.0
        local_development_cost = -0.20
        allowed_num_of_buildings = 4
        nation_designer_cost_multiplier = 1.50
        local_build_time = -0.30
        local_build_cost = -0.25
		terrain_override = {
			148
		}
    }
    # Greece
	urban_xanthi = {
		color = { 177 156 217 }
        type = hills
        sound_type = mountains
        supply_limit = 2
        movement_cost = 1.80
        local_development_cost = 0.10
        allowed_num_of_buildings = 2
        nation_designer_cost_multiplier = 1.3
        defence = 2
        local_defensiveness = 0.2
        local_build_time = 0.25
		terrain_override = {
			7129
		}
    }
    # Greece
	urban_patras = {
		color = { 177 156 217 }
        type = mountains
        sound_type = mountains
        supply_limit = 1
        movement_cost = 2.5
        local_development_cost = 0.30
        allowed_num_of_buildings = 1
        nation_designer_cost_multiplier = 1.00
        defence = 4
        local_defensiveness = 0.50
        local_build_time = 0.5
        local_build_cost = 0.25
		terrain_override = {
			3178
		}
    }
    # Greece
	urban_athens = {
		color = { 177 156 217 }
        type = hills
        sound_type = mountains
        supply_limit = 2
        movement_cost = 1.80
        local_development_cost = -0.30
        allowed_num_of_buildings = 2
        nation_designer_cost_multiplier = 1.3
        defence = 2
        local_defensiveness = 0.2
        local_build_time = 0.25
		terrain_override = {
			146
		}
    }
    # Greece
	urban_heraklion = {
		color = { 177 156 217 }
        type = hills
        sound_type = mountains
        supply_limit = 2
        movement_cost = 1.80
        local_development_cost = 0.10
        allowed_num_of_buildings = 2
        nation_designer_cost_multiplier = 1.3
        defence = 2
        local_defensiveness = 0.2
        local_build_time = 0.25
		terrain_override = {
			163
		}
    }
    # Greece
	urban_chania = {
		color = { 177 156 217 }
        type = hills
        sound_type = mountains
        supply_limit = 2
        movement_cost = 1.80
        local_development_cost = 0.10
        allowed_num_of_buildings = 2
        nation_designer_cost_multiplier = 1.3
        defence = 2
        local_defensiveness = 0.2
        local_build_time = 0.25
		terrain_override = {
			3180
		}
    }
    # Greece
	urban_rhodos = {
		color = { 177 156 217 }
        sound_type = sea
        supply_limit = 6
        movement_cost = 1.10
        local_development_cost = -0.10
        allowed_num_of_buildings = 2
        nation_designer_cost_multiplier = 1.4
        defence = 2
        local_build_time = 0.15
        local_build_cost = 0.10
		terrain_override = {
			320
		}
    }
    # Greece
	urban_famagusta = {
		color = { 177 156 217 }
        type = plains
        sound_type = plains
        supply_limit = 10
        movement_cost = 1.0
        local_development_cost = -0.20
        allowed_num_of_buildings = 4
        nation_designer_cost_multiplier = 1.50
        local_build_time = -0.30
        local_build_cost = -0.25
		terrain_override = {
			5145
		}
    }
    # Greece
	urban_nicosia = {
		color = { 177 156 217 }
        type = plains
        sound_type = plains
        supply_limit = 10
        movement_cost = 1.0
        local_development_cost = -0.20
        allowed_num_of_buildings = 4
        nation_designer_cost_multiplier = 1.50
        local_build_time = -0.30
        local_build_cost = -0.25
		terrain_override = {
			5139
		}
    }
    # Greece
	urban_corinth = {
		color = { 177 156 217 }
        type = hills
        sound_type = mountains
        supply_limit = 2
        movement_cost = 1.80
        local_development_cost = 0.10
        allowed_num_of_buildings = 2
        nation_designer_cost_multiplier = 1.3
        defence = 2
        local_defensiveness = 0.2
        local_build_time = 0.25
		terrain_override = {
			4701
		}
    }
    # Greece
	urban_thebes = {
		color = { 177 156 217 }
        type = hills
        sound_type = mountains
        supply_limit = 2
        movement_cost = 1.80
        local_development_cost = 0.10
        allowed_num_of_buildings = 2
        nation_designer_cost_multiplier = 1.3
        defence = 2
        local_defensiveness = 0.2
        local_build_time = 0.25
		terrain_override = {
			3177
		}
    }
    # Greece
	urban_mount_olympus = {
		color = { 177 156 217 }
        type = mountains
        sound_type = mountains
        supply_limit = 1
        movement_cost = 2.5
        local_development_cost = 0.30
        allowed_num_of_buildings = 1
        nation_designer_cost_multiplier = 1.00
        defence = 4
        local_defensiveness = 0.50
        local_build_time = 0.5
        local_build_cost = 0.25
		terrain_override = {
			147
		}
    }
    # Greece
	urban_portaria = {
		color = { 177 156 217 }
        type = hills
        sound_type = mountains
        supply_limit = 2
        movement_cost = 1.80
        local_development_cost = 0.10
        allowed_num_of_buildings = 2
        nation_designer_cost_multiplier = 1.3
        defence = 2
        local_defensiveness = 0.2
        local_build_time = 0.25
		terrain_override = {
			7117
		}
    }
    # Greece
	urban_karaferye = {
		color = { 177 156 217 }
        type = hills
        sound_type = mountains
        supply_limit = 2
        movement_cost = 1.80
        local_development_cost = 0.10
        allowed_num_of_buildings = 2
        nation_designer_cost_multiplier = 1.3
        defence = 2
        local_defensiveness = 0.2
        local_build_time = 0.25
		terrain_override = {
			7122
		}
    }
    # Greece
	urban_phocis = {
		color = { 177 156 217 }
        type = mountains
        sound_type = mountains
        supply_limit = 1
        movement_cost = 2.5
        local_development_cost = 0.30
        allowed_num_of_buildings = 1
        nation_designer_cost_multiplier = 1.00
        defence = 4
        local_defensiveness = 0.50
        local_build_time = 0.5
        local_build_cost = 0.25
		terrain_override = {
			7114
		}
    }
    # Greece
	urban_lepanto = {
		color = { 177 156 217 }
        type = mountains
        sound_type = mountains
        supply_limit = 1
        movement_cost = 2.5
        local_development_cost = 0.30
        allowed_num_of_buildings = 1
        nation_designer_cost_multiplier = 1.00
        defence = 4
        local_defensiveness = 0.50
        local_build_time = 0.5
        local_build_cost = 0.25
		terrain_override = {
			7112
		}
    }
    # Greece
	urban_nafplio = {
		color = { 177 156 217 }
        type = hills
        sound_type = mountains
        supply_limit = 2
        movement_cost = 1.80
        local_development_cost = 0.10
        allowed_num_of_buildings = 2
        nation_designer_cost_multiplier = 1.3
        defence = 2
        local_defensiveness = 0.2
        local_build_time = 0.25
		terrain_override = {
			3179
		}
    }
    # Greece
	urban_corfu = { 
		color = { 177 156 217 }
        sound_type = sea
        supply_limit = 6
        movement_cost = 1.10
        local_development_cost = -0.10
        allowed_num_of_buildings = 2
        nation_designer_cost_multiplier = 1.4
        defence = 2
        local_build_time = 0.15
        local_build_cost = 0.10
		terrain_override = {
			142
		}
    }
    # Ottomans
	urban_troy = {
		color = { 177 156 217 }
        type = hills
        sound_type = mountains
        supply_limit = 2
        movement_cost = 1.80
        local_development_cost = -0.05
        allowed_num_of_buildings = 2
        nation_designer_cost_multiplier = 1.3
        defence = 2
        local_defensiveness = 0.2
        local_build_time = 0.25
		terrain_override = {
			5156
		}
    }
    # Ottomans
	urban_galipoli = {
		color = { 177 156 217 }
        type = hills
        sound_type = mountains
        supply_limit = 2
        movement_cost = 1.80
        local_development_cost = 0.10
        allowed_num_of_buildings = 1
        nation_designer_cost_multiplier = 1.3
        defence = 2
        local_defensiveness = 0.2
        local_build_time = 0.25
		terrain_override = {
			4779
		}
    }
    # Ottomans
	urban_bodrum = {
		color = { 177 156 217 }
        type = hills
        sound_type = mountains
        supply_limit = 2
        movement_cost = 1.80
        local_development_cost = 0.10
        allowed_num_of_buildings = 2
        nation_designer_cost_multiplier = 1.3
        defence = 2
        local_defensiveness = 0.2
        local_build_time = 0.25
		terrain_override = {
			5134
		}
    }
    # Ottomans
	urban_karaman = {
		color = { 177 156 217 }
        type = plains
        sound_type = plains
        supply_limit = 10
        movement_cost = 1.0
        local_development_cost = -0.05
        allowed_num_of_buildings = 1
        nation_designer_cost_multiplier = 1.50
        local_build_time = -0.30
        local_build_cost = -0.25
		terrain_override = {
			324
		}
    }
    # Ottomans
	urban_afyon = {
		color = { 177 156 217 }
        type = hills
        sound_type = mountains
        supply_limit = 1
        movement_cost = 1.70
        local_development_cost = 0.15
        nation_designer_cost_multiplier = 1.25
        defence = 2
        local_defensiveness = 0.2
        local_build_time = 0.25
        local_build_cost = 0.1
		terrain_override = {
			1848
		}
    }
    # Ottomans
	urban_trabzon = {
		color = { 177 156 217 }
        type = mountains
        sound_type = mountains
        supply_limit = 1
        movement_cost = 2.5
        local_development_cost = 0.10
        allowed_num_of_buildings = 1
        nation_designer_cost_multiplier = 1.00
        defence = 4
        local_defensiveness = 0.50
        local_build_time = 0.25
        local_build_cost = 0.25
		terrain_override = {
			330
		}
    }
    # Ottomans
	urban_kars = {
		color = { 177 156 217 }
        type = hills
        sound_type = mountains
        supply_limit = 2
        movement_cost = 1.80
        local_development_cost = 0.30
        allowed_num_of_buildings = 2
        nation_designer_cost_multiplier = 1.3
        defence = 4
        local_defensiveness = 0.2
        local_build_time = 0.25
		terrain_override = {
			2204
		}
    }
    # Ottomans
	urban_susha = {
		color = { 177 156 217 }
        type = mountains
        sound_type = mountains
        supply_limit = 1
        movement_cost = 2.5
        local_development_cost = 0.30
        allowed_num_of_buildings = 1
        nation_designer_cost_multiplier = 1.00
        defence = 4
        local_defensiveness = 0.50
        local_build_time = 0.5
        local_build_cost = 0.25
		terrain_override = {
			2202
		}
    }
    # Ottomans
	urban_mosul = {
		color = { 177 156 217 }
        type = plains
        sound_type = plains
        supply_limit = 10
        movement_cost = 1.0
        local_development_cost = -0.30
        allowed_num_of_buildings = 4
        nation_designer_cost_multiplier = 1.50
        local_build_time = -0.30
        local_build_cost = -0.25
		terrain_override = {
			411
		}
    }
    # Ottomans
	urban_basrah = {
		color = { 177 156 217 }
        type = marsh
        sound_type = forest
        supply_limit = 2
        movement_cost = 1.50
        local_development_cost = -0.30
        allowed_num_of_buildings = 2
        nation_designer_cost_multiplier = 1.30
        defence = 2
        local_defensiveness = 0.2
        local_build_time = 0.25
        local_build_cost = 0.25
		terrain_override = {
			408
		}
    }
    # Ottomans
	urban_aleppo = {
		color = { 177 156 217 }
        type = plains
        sound_type = plains
        supply_limit = 10
        movement_cost = 1.0
        local_development_cost = -0.20
        allowed_num_of_buildings = 4
        nation_designer_cost_multiplier = 1.50
        local_build_time = -0.30
        local_build_cost = -0.25
		terrain_override = {
			377
		}
    }
    # Ottomans
	urban_homs = {
		color = { 177 156 217 }
        type = plains
        sound_type = plains
        supply_limit = 10
        movement_cost = 1.0
        local_development_cost = -0.20
        allowed_num_of_buildings = 4
        nation_designer_cost_multiplier = 1.50
        local_build_time = -0.30
        local_build_cost = -0.25
		terrain_override = {
			1849
		}
    }
    # Ottomans
	urban_antioch = {
		color = { 177 156 217 }
        type = hills
        sound_type = mountains
        supply_limit = 2
        movement_cost = 1.80
        local_development_cost = 0.10
        allowed_num_of_buildings = 2
        nation_designer_cost_multiplier = 1.3
        defence = 2
        local_defensiveness = 0.2
        local_build_time = 0.25
		terrain_override = {
			2313
		}
    }
    # Ottomans
	urban_cirmen = {
		color = { 177 156 217 }
        type = plains
        sound_type = plains
        supply_limit = 10
        movement_cost = 1.0
        local_development_cost = -0.20
        allowed_num_of_buildings = 4
        nation_designer_cost_multiplier = 1.50
        local_build_time = -0.30
        local_build_cost = -0.25
		terrain_override = {
			7152
		}
    }
    # Ottomans
	urban_constantinople = {
		color = { 177 156 217 }
        type = plains
        sound_type = plains
        supply_limit = 15
        movement_cost = 1.0
        local_development_cost = -0.40
        allowed_num_of_buildings = 5
        trade_goods_size = 1
        nation_designer_cost_multiplier = 2.0
        local_build_time = -0.30
        local_build_cost = -0.25
		terrain_override = {
			151
		}
    }
	# Ottomans
	urban_galata = {
		color = { 177 156 217 }
        type = plains
        sound_type = plains
        supply_limit = 10
        movement_cost = 1.0
        local_development_cost = -0.30
        allowed_num_of_buildings = 4
        nation_designer_cost_multiplier = 1.50
        local_build_time = -0.30
        local_build_cost = -0.25
		terrain_override = {
			6932
		}
    }
    # Ottomans
	urban_theodosian_walls = {
		color = { 177 156 217 }
        type = plains
        sound_type = plains
        supply_limit = 1
        movement_cost = 1.0
        local_development_cost = 0.1
        allowed_num_of_buildings = 0
        nation_designer_cost_multiplier = 1.50
        local_defensiveness = 0.50
        defence = 2
        attrition = 2
        local_build_time = -0.30
        local_build_cost = -0.25
		terrain_override = {
			7137
		}
    }
	# Ottomans
	urban_cephalonia = {
		color = { 177 156 217 }
        type = hills
        sound_type = mountains
        supply_limit = 2
        movement_cost = 1.80
        local_development_cost = 0.10
        allowed_num_of_buildings = 2
        nation_designer_cost_multiplier = 1.3
        defence = 2
        local_defensiveness = 0.2
        local_build_time = 0.25
		terrain_override = {
			4698
		}
    }
	# Ottomans
	urban_vidin = {
		color = { 177 156 217 }
        type = forest
        sound_type = forest
        supply_limit = 3
        movement_cost = 1.10
        local_development_cost = -0.10
        allowed_num_of_buildings = 3
        nation_designer_cost_multiplier = 1.4
        defence = 1
        local_defensiveness = 0.1
        local_build_cost = -0.1
		terrain_override = {
			2746
		}
	}
	# Ottomans
	urban_shkodra = {
		color = { 177 156 217 }
        type = forest
        sound_type = forest
        supply_limit = 3
        movement_cost = 1.10
        local_development_cost = -0.10
        allowed_num_of_buildings = 3
        nation_designer_cost_multiplier = 1.4
        defence = 1
        local_defensiveness = 0.1
        local_build_cost = -0.1
		terrain_override = {
			3182
		}
	}
	# Ottomans
	urban_zadar = {
		color = { 177 156 217 }
        type = plains
        sound_type = plains
        supply_limit = 3
        movement_cost = 1.10
        local_development_cost = -0.10
        allowed_num_of_buildings = 3
        nation_designer_cost_multiplier = 1.4
        defence = 1
        local_defensiveness = 0.1
        local_build_cost = -0.1
		terrain_override = {
			4753
		}
	}
    # Ottomans
	urban_bursa = {
		color = { 177 156 217 }
        type = hills
        sound_type = mountains
        supply_limit = 2
        movement_cost = 1.80
        local_development_cost = -0.20
        allowed_num_of_buildings = 2
        nation_designer_cost_multiplier = 1.3
        defence = 2
        local_defensiveness = 0.2
        local_build_time = 0.25
		terrain_override = {
			317
		}
    }
    # Ottomans
	urban_iznik = {
		color = { 177 156 217 }
        type = hills
        sound_type = mountains
        supply_limit = 2
        movement_cost = 1.80
        local_development_cost = -0.10
        allowed_num_of_buildings = 2
        nation_designer_cost_multiplier = 1.3
        defence = 2
        local_defensiveness = 0.2
        local_build_time = 0.25
		terrain_override = {
			5157
		}
    }
    # Ottomans
	urban_izmit = {
		color = { 177 156 217 }
        type = hills
        sound_type = mountains
        supply_limit = 2
        movement_cost = 1.80
        local_development_cost = -0.30
        allowed_num_of_buildings = 2
        nation_designer_cost_multiplier = 1.3
        defence = 2
        local_defensiveness = 0.2
        local_build_time = 0.25
		terrain_override = {
			316
		}
    }
    # Ottomans
	urban_edirne = {
		color = { 177 156 217 }
        type = plains
        sound_type = plains
        supply_limit = 10
        movement_cost = 1.0
        local_development_cost = -0.30
        allowed_num_of_buildings = 4
        nation_designer_cost_multiplier = 1.50
        local_build_time = -0.30
        local_build_cost = -0.25
		terrain_override = {
			149
		}
    }
    # Ottomans
	urban_izmir = {
		color = { 177 156 217 }
        type = hills
        sound_type = mountains
        supply_limit = 2
        movement_cost = 1.80
        local_development_cost = -0.30
        allowed_num_of_buildings = 3
        nation_designer_cost_multiplier = 1.3
        defence = 2
        local_defensiveness = 0.2
        local_build_time = 0.25
		terrain_override = {
			318
		}
    }
    # Ottomans
	urban_sinop = {
		color = { 177 156 217 }
        type = hills
        sound_type = mountains
        supply_limit = 2
        movement_cost = 1.80
        local_development_cost = 0.10
        allowed_num_of_buildings = 1
        nation_designer_cost_multiplier = 1.3
        defence = 2
        local_defensiveness = 0.2
        local_build_time = 0.25
		terrain_override = {
			328
		}
    }
    # Ottomans
	urban_ankara = {
		color = { 177 156 217 }
        type = hills
        sound_type = mountains
        supply_limit = 1
        movement_cost = 1.70
        local_development_cost = 0.15
        allowed_num_of_buildings = 2
        nation_designer_cost_multiplier = 1.25
        defence = 2
        local_defensiveness = 0.2
        local_build_time = 0.25
        local_build_cost = 0.1
		terrain_override = {
			326
		}
    }
    # Ottomans
	urban_sivas = {
		color = { 177 156 217 }
        type = hills
        sound_type = mountains
        supply_limit = 1
        movement_cost = 1.70
        local_development_cost = -0.10
        allowed_num_of_buildings = 2
        nation_designer_cost_multiplier = 1.25
        defence = 2
        local_defensiveness = 0.2
        local_build_time = 0.25
        local_build_cost = 0.1
		terrain_override = {
			329
		}
    }
    # Ottomans
	urban_manastir = {
		color = { 177 156 217 }
        type = hills
        sound_type = mountains
        supply_limit = 2
        movement_cost = 1.80
        local_development_cost = 0.10
        allowed_num_of_buildings = 2
        nation_designer_cost_multiplier = 1.3
        defence = 2
        local_defensiveness = 0.2
        local_build_time = 0.25
		terrain_override = {
			3183
		}
    }
    # Ottomans
	urban_tarnovo = {
		color = { 177 156 217 }
        type = hills
        sound_type = mountains
        supply_limit = 2
        movement_cost = 1.80
        local_development_cost = 0.10
        allowed_num_of_buildings = 2
        nation_designer_cost_multiplier = 1.3
        defence = 2
        local_defensiveness = 0.2
        local_build_time = 0.25
		terrain_override = {
			4704
		}
    }
    # Ottomans
	urban_antalya = {
		color = { 177 156 217 }
        type = plains
        sound_type = plains
        supply_limit = 10
        movement_cost = 1.0
        local_development_cost = -0.15
        allowed_num_of_buildings = 2
        nation_designer_cost_multiplier = 1.50
        local_build_time = -0.30
        local_build_cost = -0.25
		terrain_override = {
			2298
		}
    }
    # Ottomans
	urban_adana = {
		color = { 177 156 217 }
        type = plains
        sound_type = plains
        supply_limit = 10
        movement_cost = 1.0
        local_development_cost = -0.15
        allowed_num_of_buildings = 3
        nation_designer_cost_multiplier = 1.50
        local_build_time = -0.30
        local_build_cost = -0.25
		terrain_override = {
			327
		}
    }
	urban_hakkari = {
		color = { 177 156 217 }
        type = hills
        sound_type = mountains
        supply_limit = 2
        movement_cost = 1.80
        local_development_cost = 0.40
        allowed_num_of_buildings = 1
        nation_designer_cost_multiplier = 1.3
        defence = 4
        local_defensiveness = 0.5
        local_build_time = 0.5
        local_build_cost = 0.5
		terrain_override = {
			8413
		}
    }
    # Georgia
	urban_tblisi = {
		color = { 177 156 217 }
        type = hills
        sound_type = mountains
        supply_limit = 2
        movement_cost = 1.80
        local_development_cost = 0.10
        allowed_num_of_buildings = 2
        nation_designer_cost_multiplier = 1.3
        defence = 2
        local_defensiveness = 0.2
        local_build_time = 0.25
		terrain_override = {
			423
		}
    }
    # Armenia
	urban_yerevan = {
		color = { 177 156 217 }
        type = hills
        sound_type = mountains
        supply_limit = 2
        movement_cost = 1.80
        local_development_cost = 0.10
        allowed_num_of_buildings = 2
        nation_designer_cost_multiplier = 1.3
        defence = 2
        local_defensiveness = 0.2
        local_build_time = 0.25
		terrain_override = {
			419
		}
    }
    # Caucasus
	urban_baku = {
		color = { 177 156 217 }
        type = hills
        sound_type = mountains
        supply_limit = 1
        movement_cost = 1.70
        local_development_cost = 0.15
        allowed_num_of_buildings = 2
        nation_designer_cost_multiplier = 1.25
        defence = 2
        local_defensiveness = 0.2
        local_build_time = 0.25
        local_build_cost = 0.1
		terrain_override = {
			421
		}
    }
    # Caucasus
	urban_derbent = {
		color = { 177 156 217 }
        type = hills
        sound_type = mountains
        supply_limit = 2
        movement_cost = 1.80
        local_development_cost = 0.10
        allowed_num_of_buildings = 2
        nation_designer_cost_multiplier = 1.3
        defence = 2
        local_defensiveness = 0.2
        local_build_time = 0.25
		terrain_override = {
			3261
		}
    }
    # Levant
	urban_damascus = {
		color = { 177 156 217 }
        type = hills
        sound_type = mountains
        supply_limit = 1
        movement_cost = 1.70
        local_development_cost = -0.40
        trade_goods_size = 1
        allowed_num_of_buildings = 2
        nation_designer_cost_multiplier = 1.25
        defence = 2
        local_defensiveness = 0.2
        local_build_time = 0.25
        local_build_cost = 0.1
		terrain_override = {
			382
		}
    }
    # Levant
	urban_beirut = {
		color = { 177 156 217 }
        type = hills
        sound_type = mountains
        supply_limit = 2
        movement_cost = 1.80
        local_development_cost = 0.10
        allowed_num_of_buildings = 2
        nation_designer_cost_multiplier = 1.3
        defence = 2
        local_defensiveness = 0.2
        local_build_time = 0.25
		terrain_override = {
			5205
		}
    }
    # Mesapotamia
	urban_baghdad = {
		color = { 177 156 217 }
        type = plains
        sound_type = plains
        supply_limit = 10
        movement_cost = 1.0
        local_development_cost = -0.40
        trade_goods_size = 1
        allowed_num_of_buildings = 4
        nation_designer_cost_multiplier = 1.50
        local_build_time = -0.30
        local_build_cost = -0.25
		terrain_override = {
			410
		}
    }
    # Palestine
	urban_jerusalem = {
		color = { 177 156 217 }
        type = hills
        sound_type = mountains
        supply_limit = 2
        movement_cost = 1.80
        local_development_cost = -0.40
        trade_goods_size = 1
        allowed_num_of_buildings = 2
        nation_designer_cost_multiplier = 1.3
        defence = 2
        local_defensiveness = 0.2
        local_build_time = 0.25
		terrain_override = {
			379
		}
    }
    # Palestine
	urban_acre = {
		color = { 177 156 217 }
        type = hills
        sound_type = mountains
        supply_limit = 2
        movement_cost = 1.80
        local_development_cost = 0.10
        allowed_num_of_buildings = 2
        nation_designer_cost_multiplier = 1.3
        defence = 2
        local_defensiveness = 0.2
        local_build_time = 0.25
		terrain_override = {
			1855
		}
    }
    # Palestine
	urban_jaffa = {
		color = { 177 156 217 }
        type = plains
        sound_type = plains
        supply_limit = 10
        movement_cost = 1.0
        local_development_cost = -0.30
        
        allowed_num_of_buildings = 4
        nation_designer_cost_multiplier = 1.50
        local_build_time = -0.30
        local_build_cost = -0.25
		terrain_override = {
			1854
		}
    }
    # Palestine
	urban_nazareth = {
		color = { 177 156 217 }
        type = hills
        sound_type = mountains
        supply_limit = 2
        movement_cost = 1.80
        local_development_cost = 0.10
        allowed_num_of_buildings = 2
        nation_designer_cost_multiplier = 1.3
        defence = 2
        local_defensiveness = 0.2
        local_build_time = 0.25
		terrain_override = {
			7445
		}
    }
    # Palestine
	urban_tiberias = {
		color = { 177 156 217 }
        type = hills
        sound_type = mountains
        supply_limit = 2
        movement_cost = 1.80
        local_development_cost = 0.10
        allowed_num_of_buildings = 2
        nation_designer_cost_multiplier = 1.3
        defence = 2
        local_defensiveness = 0.2
        local_build_time = 0.25
		terrain_override = {
			7444
		}
    }
    # Palestine
	urban_ramla = {
		color = { 177 156 217 }
        type = plains
        sound_type = plains
        supply_limit = 10
        movement_cost = 1.0
        local_development_cost = -0.20
        allowed_num_of_buildings = 4
        nation_designer_cost_multiplier = 1.50
        local_build_time = -0.30
        local_build_cost = -0.25

		terrain_override = {
			7447
		}
    }
    # Palestine
	urban_bethlehem = {
		color = { 177 156 217 }
        type = hills
        sound_type = mountains
        supply_limit = 2
        movement_cost = 1.80
        local_development_cost = 0.10
        allowed_num_of_buildings = 2
        nation_designer_cost_multiplier = 1.3
        defence = 2
        local_defensiveness = 0.2
        local_build_time = 0.25


		terrain_override = {
			7448
		}
    }
    # Palestine
	urban_haifa = {
		color = { 177 156 217 }
        type = hills
        sound_type = mountains
        supply_limit = 2
        movement_cost = 1.80
        local_development_cost = 0.10
        allowed_num_of_buildings = 2
        nation_designer_cost_multiplier = 1.3
        defence = 2
        local_defensiveness = 0.2
        local_build_time = 0.25


		terrain_override = {
			7446
		}
    }
    # Egypt
	urban_alexandria = {
		color = { 177 156 217 }
        type = plains
        sound_type = plains
        supply_limit = 10
        movement_cost = 1.0
        local_development_cost = -0.40
        trade_goods_size = 1
        allowed_num_of_buildings = 4
        nation_designer_cost_multiplier = 1.50
        local_build_time = -0.30
        local_build_cost = -0.25
		terrain_override = {
			358
		}
    }
    # Egypt
	urban_cairo = {
		color = { 177 156 217 }
        type = plains
        sound_type = plains
        supply_limit = 10
        movement_cost = 1.0
        local_development_cost = -0.40
        trade_goods_size = 1
        allowed_num_of_buildings = 4
        nation_designer_cost_multiplier = 1.50
        local_build_time = -0.30
        local_build_cost = -0.25
		terrain_override = {
			361
		}
    }
    # Egypt
	urban_port_said = {
		color = { 177 156 217 }
        type = plains
        sound_type = plains
        supply_limit = 10
        movement_cost = 1.0
        local_development_cost = -0.20
        allowed_num_of_buildings = 4
        nation_designer_cost_multiplier = 1.50
        local_build_time = -0.30
        local_build_cost = -0.25
		terrain_override = {
			363
		}
    }
    # Egypt
	urban_giza = {
		color = { 177 156 217 }
        type = plains
        sound_type = plains
        supply_limit = 10
        movement_cost = 1.0
        local_development_cost = -0.20
        allowed_num_of_buildings = 4
        nation_designer_cost_multiplier = 1.50
        local_build_time = -0.30
        local_build_cost = -0.25
		terrain_override = {
			5264
		}
    }
    # Egypt
	urban_asyut = {
		color = { 177 156 217 }
        type = plains
        sound_type = plains
        supply_limit = 10
        movement_cost = 1.0
        local_development_cost = -0.20
        allowed_num_of_buildings = 4
        nation_designer_cost_multiplier = 1.50
        local_build_time = -0.30
        local_build_cost = -0.25
		terrain_override = {
			2319
		}
    }
    # Egypt
	urban_karnak = {
		color = { 177 156 217 }
        type = plains
        sound_type = plains
        supply_limit = 10
        movement_cost = 1.0
        local_development_cost = -0.20
        allowed_num_of_buildings = 4
        nation_designer_cost_multiplier = 1.50
        local_build_time = -0.30
        local_build_cost = -0.25
		terrain_override = {
			4319
		}
    }
    # Egypt
	urban_tanta = {
		color = { 177 156 217 }
        type = plains
        sound_type = plains
        supply_limit = 10
        movement_cost = 1.0
        local_development_cost = -0.20
        allowed_num_of_buildings = 4
        nation_designer_cost_multiplier = 1.50
        local_build_time = -0.30
        local_build_cost = -0.25
		terrain_override = {
			2316
		}
    }
    # Egypt
	urban_aswan = {
		color = { 177 156 217 }
        type = plains
        sound_type = plains
        supply_limit = 10
        movement_cost = 1.0
        local_development_cost = -0.20
        allowed_num_of_buildings = 4
        nation_designer_cost_multiplier = 1.50
        local_build_time = -0.30
        local_build_cost = -0.25
		terrain_override = {
			1231
		}
    }
    # Egypt
	urban_abu_simbel = {
		color = { 177 156 217 }
        type = plains
        sound_type = plains
        supply_limit = 10
        movement_cost = 1.0
        local_development_cost = -0.20
        allowed_num_of_buildings = 4
        nation_designer_cost_multiplier = 1.50
        local_build_time = -0.30
        local_build_cost = -0.25
		terrain_override = {
			1234
		}
    }
    # Arabia
	urban_kerak = {
		color = { 177 156 217 }
        type = mountains
        sound_type = mountains
        supply_limit = 1
        movement_cost = 2.5
        local_development_cost = 0.30
        allowed_num_of_buildings = 1
        nation_designer_cost_multiplier = 1.00
        defence = 4
        local_defensiveness = 0.50
        local_build_time = 0.5
        local_build_cost = 0.25
		terrain_override = {
			380
		}
    }
    # Arabia
	urban_petra = {
		color = { 177 156 217 }
        type = hills
        sound_type = mountains
        supply_limit = 1
        movement_cost = 1.70
        local_development_cost = 0.15
        allowed_num_of_buildings = 2
        nation_designer_cost_multiplier = 1.25
        defence = 2
        local_defensiveness = 0.2
        local_build_time = 0.25
        local_build_cost = 0.1
		terrain_override = {
			4270
		}
    }
    # Arabia
	urban_riyadh = {
		color = { 177 156 217 }
        type = desert
        sound_type = desert
        supply_limit = 0
        movement_cost = 1.40
        local_development_cost = 0.30
        allowed_num_of_buildings = 0
        nation_designer_cost_multiplier = 1.00
        defence = 2
        attrition = 3
        local_build_time = 0.50
        local_build_cost = 0.25
		terrain_override = {
			392
		}
    }
    # Arabia
	urban_al_madinah = {
		color = { 177 156 217 }
        type = hills
        sound_type = mountains
        supply_limit = 1
        movement_cost = 1.70
        local_development_cost = -0.30
        
        allowed_num_of_buildings = 2
        nation_designer_cost_multiplier = 1.25
        defence = 2
        local_defensiveness = 0.2
        local_build_time = 0.25
        local_build_cost = 0.1
		terrain_override = {
			384
		}
    }
    # Arabia
	urban_mecca = {
		color = { 177 156 217 }
        type = hills
        sound_type = mountains
        supply_limit = 1
        movement_cost = 1.70
        local_development_cost = -0.30
        
        allowed_num_of_buildings = 2
        nation_designer_cost_multiplier = 1.25
        defence = 2
        local_defensiveness = 0.2
        local_build_time = 0.25
        local_build_cost = 0.1
		terrain_override = {
			385
		}
    }
    # Arabia
	urban_abha = {
		color = { 177 156 217 }
        type = mountains
        sound_type = mountains
        supply_limit = 1
        movement_cost = 2.5
        local_development_cost = 0.30
        allowed_num_of_buildings = 1
        nation_designer_cost_multiplier = 1.00
        defence = 4
        local_defensiveness = 0.50
        local_build_time = 0.5
        local_build_cost = 0.25
		terrain_override = {
			386
		}
    }
    # Arabia
	urban_aden = {
		color = { 177 156 217 }
        type = desert
        sound_type = desert
        supply_limit = 0
        movement_cost = 1.20
        local_development_cost = -0.30
        allowed_num_of_buildings = 0
        nation_designer_cost_multiplier = 1.25
        defence = 2
        attrition = 2
        local_build_time = 0.50
        local_build_cost = 0.25
		terrain_override = {
			388
		}
    }
    # Arabia
	urban_aqaba = {
		color = { 177 156 217 }
        type = hills
        sound_type = mountains
        supply_limit = 1
        movement_cost = 1.70
        local_development_cost = 0.15
        allowed_num_of_buildings = 2
        nation_designer_cost_multiplier = 1.25
        defence = 2
        local_defensiveness = 0.2
        local_build_time = 0.25
        local_build_cost = 0.1
		terrain_override = {
			4268
		}
    }
    # Arabia
	urban_doha = {
		color = { 177 156 217 }
        type = desert
        sound_type = desert
        supply_limit = 0
        movement_cost = 1.20
        local_development_cost = 0.30
        allowed_num_of_buildings = 0
        nation_designer_cost_multiplier = 1.25
        defence = 2
        attrition = 2
        local_build_time = 0.50
        local_build_cost = 0.25
		terrain_override = {
			395
		}
    }
    # Arabia
	urban_manama = {
		color = { 177 156 217 }
        type = desert
        sound_type = desert
        supply_limit = 0
        movement_cost = 1.20
        local_development_cost = 0.30
        allowed_num_of_buildings = 0
        nation_designer_cost_multiplier = 1.25
        defence = 2
        attrition = 2
        local_build_time = 0.50
        local_build_cost = 0.25
		terrain_override = {
			396
		}
    }
    # Arabia
	urban_abu_dhabi = {
		color = { 177 156 217 }
        type = desert
        sound_type = desert
        supply_limit = 0
        movement_cost = 1.20
        local_development_cost = -0.30
        allowed_num_of_buildings = 0
        nation_designer_cost_multiplier = 1.25
        defence = 2
        attrition = 2
        local_build_time = 0.50
        local_build_cost = 0.25
		terrain_override = {
			397
		}
    }
    # Arabia
	urban_dubai = {
		color = { 177 156 217 }
        type = desert
        sound_type = desert
        supply_limit = 0
        movement_cost = 1.20
        local_development_cost = -0.30
        allowed_num_of_buildings = 0
        nation_designer_cost_multiplier = 1.25
        defence = 2
        attrition = 2
        local_build_time = 0.50
        local_build_cost = 0.25
		terrain_override = {
			398
		}
    }
    # Arabia
	urban_muscat = {
		color = { 177 156 217 }
        type = hills
        sound_type = mountains
        supply_limit = 1
        movement_cost = 1.70
        local_development_cost = 0.15
        allowed_num_of_buildings = 2
        nation_designer_cost_multiplier = 1.25
        defence = 2
        local_defensiveness = 0.2
        local_build_time = 0.25
        local_build_cost = 0.1
		terrain_override = {
			400
		}
    }
    # Arabia
	urban_sanaa = {
		color = { 177 156 217 }
        type = mountains
        sound_type = mountains
        supply_limit = 1
        movement_cost = 2.5
        local_development_cost = 0.30
        allowed_num_of_buildings = 1
        nation_designer_cost_multiplier = 1.00
        defence = 4
        local_defensiveness = 0.50
        local_build_time = 0.5
        local_build_cost = 0.25
		terrain_override = {
			390
		}
    }
    # Africa
	urban_tripoli = {
		color = { 177 156 217 }
        type = desert
        sound_type = desert
        supply_limit = 0
        movement_cost = 1.20
        local_development_cost = 0.30
        allowed_num_of_buildings = 0
        nation_designer_cost_multiplier = 1.25
        defence = 2
        attrition = 2
        local_build_time = 0.50
        local_build_cost = 0.25
		terrain_override = {
			354
		}
    }
    # Africa
	urban_benghazi = {
		color = { 177 156 217 }
        type = desert
        sound_type = desert
        supply_limit = 0
        movement_cost = 1.20
        local_development_cost = 0.30
        allowed_num_of_buildings = 0
        nation_designer_cost_multiplier = 1.25
        defence = 2
        attrition = 2
        local_build_time = 0.50
        local_build_cost = 0.25
		terrain_override = {
			356
		}
    }
    # Africa
	urban_tunis = {
		color = { 177 156 217 }
        type = plains
        sound_type = plains
        supply_limit = 10
        movement_cost = 1.0
        local_development_cost = -0.30
        
        allowed_num_of_buildings = 4
        nation_designer_cost_multiplier = 1.50
        local_build_time = -0.30
        local_build_cost = -0.25
		terrain_override = {
			341
		}
    }
    # Africa
	urban_el_kaf = {
		color = { 177 156 217 }
        type = hills
        sound_type = mountains
        supply_limit = 2
        movement_cost = 1.80
        local_development_cost = 0.10
        allowed_num_of_buildings = 2
        nation_designer_cost_multiplier = 1.3
        defence = 2
        local_defensiveness = 0.2
        local_build_time = 0.25
		terrain_override = {
			5315
		}
    }
    # Africa
	urban_bejaia = {
		color = { 177 156 217 }
        type = hills
        sound_type = mountains
        supply_limit = 2
        movement_cost = 1.80
        local_development_cost = 0.10
        allowed_num_of_buildings = 2
        nation_designer_cost_multiplier = 1.3
        defence = 2
        local_defensiveness = 0.2
        local_build_time = 0.25
		terrain_override = {
			339
		}
    }
    # Africa
	urban_algiers = {
		color = { 177 156 217 }
        type = plains
        sound_type = plains
        supply_limit = 10
        movement_cost = 1.0
        local_development_cost = -0.20
        allowed_num_of_buildings = 4
        nation_designer_cost_multiplier = 1.50
        local_build_time = -0.30
        local_build_cost = -0.25
		terrain_override = {
			338
		}
    }
    # Africa
	urban_tlemcen = {
		color = { 177 156 217 }
        type = hills
        sound_type = mountains
        supply_limit = 1
        movement_cost = 1.70
        local_development_cost = 0.15
        allowed_num_of_buildings = 2
        nation_designer_cost_multiplier = 1.25
        defence = 2
        local_defensiveness = 0.2
        local_build_time = 0.25
        local_build_cost = 0.1
		terrain_override = {
			336
		}
    }
    # Africa
	urban_oran = {
		color = { 177 156 217 }
        type = hills
        sound_type = mountains
        supply_limit = 2
        movement_cost = 1.80
        local_development_cost = 0.10
        allowed_num_of_buildings = 2
        nation_designer_cost_multiplier = 1.3
        defence = 2
        local_defensiveness = 0.2
        local_build_time = 0.25
		terrain_override = {
			337
		}
    }
    # Africa
	urban_constantine = {
		color = { 177 156 217 }
        type = hills
        sound_type = mountains
        supply_limit = 2
        movement_cost = 1.80
        local_development_cost = 0.10
        allowed_num_of_buildings = 2
        nation_designer_cost_multiplier = 1.3
        defence = 2
        local_defensiveness = 0.2
        local_build_time = 0.25
		terrain_override = {
			340
		}
    }
    # Africa
	urban_melilla = {
		color = { 177 156 217 }
        type = hills
        sound_type = mountains
        supply_limit = 2
        movement_cost = 1.80
        local_development_cost = 0.10
        allowed_num_of_buildings = 2
        nation_designer_cost_multiplier = 1.3
        defence = 2
        local_defensiveness = 0.2
        local_build_time = 0.25
		terrain_override = {
			335
		}
    }
    # Africa
	urban_ceuta = {
		color = { 177 156 217 }
        type = hills
        sound_type = mountains
        supply_limit = 2
        movement_cost = 1.80
        local_development_cost = 0.10
        allowed_num_of_buildings = 2
        nation_designer_cost_multiplier = 1.3
        defence = 2
        local_defensiveness = 0.2
        local_build_time = 0.25
		terrain_override = {
			1751
		}
    }
    # Africa
	urban_tangier = {
		color = { 177 156 217 }
        type = hills
        sound_type = mountains
        supply_limit = 2
        movement_cost = 1.80
        local_development_cost = 0.10
        allowed_num_of_buildings = 2
        nation_designer_cost_multiplier = 1.3
        defence = 2
        local_defensiveness = 0.2
        local_build_time = 0.25
		terrain_override = {
			334
		}
    }
    # Africa
	urban_fez = {
		color = { 177 156 217 }
        type = hills
        sound_type = mountains
        supply_limit = 2
        movement_cost = 1.80
        local_development_cost = 0.10
        allowed_num_of_buildings = 2
        nation_designer_cost_multiplier = 1.3
        defence = 2
        local_defensiveness = 0.2
        local_build_time = 0.25
		terrain_override = {
			343
		}
    }
    # Africa
	urban_casablanca = {
		color = { 177 156 217 }
        type = plains
        sound_type = plains
        supply_limit = 10
        movement_cost = 1.0
        local_development_cost = -0.20
        allowed_num_of_buildings = 4
        nation_designer_cost_multiplier = 1.50
        local_build_time = -0.30
        local_build_cost = -0.25
		terrain_override = {
			4564
		}
    }
    # Africa
	urban_mohammedia = {
		color = { 177 156 217 }
        type = plains
        sound_type = plains
        supply_limit = 10
        movement_cost = 1.0
        local_development_cost = -0.20
        allowed_num_of_buildings = 4
        nation_designer_cost_multiplier = 1.50
        local_build_time = -0.30
        local_build_cost = -0.25
		terrain_override = {
			4563
		}
    }
    # Africa
	urban_marrakesh = {
		color = { 177 156 217 }
        type = plains
        sound_type = plains
        supply_limit = 10
        movement_cost = 1.0
        local_development_cost = -0.20
        allowed_num_of_buildings = 4
        nation_designer_cost_multiplier = 1.50
        local_build_time = -0.30
        local_build_cost = -0.25
		terrain_override = {
			344
		}
    }
    # Africa
	urban_safi = {
		color = { 177 156 217 }
        type = plains
        sound_type = plains
        supply_limit = 10
        movement_cost = 1.0
        local_development_cost = -0.20
        allowed_num_of_buildings = 4
        nation_designer_cost_multiplier = 1.50
        local_build_time = -0.30
        local_build_cost = -0.25
		terrain_override = {
			345
		}
    }
    # Africa
	urban_rabat = {
		color = { 177 156 217 }
        type = plains
        sound_type = plains
        supply_limit = 10
        movement_cost = 1.0
        local_development_cost = -0.20
        allowed_num_of_buildings = 4
        nation_designer_cost_multiplier = 1.50
        local_build_time = -0.30
        local_build_cost = -0.25
		terrain_override = {
			342
		}
    }
    # Africa
	urban_tafilalt = {
		color = { 177 156 217 }
        type = hills
        sound_type = mountains
        supply_limit = 1
        movement_cost = 1.70
        local_development_cost = 0.15
        allowed_num_of_buildings = 2
        nation_designer_cost_multiplier = 1.25
        defence = 2
        local_defensiveness = 0.2
        local_build_time = 0.25
        local_build_cost = 0.1
		terrain_override = {
			346
		}
    }
    # Africa
	urban_nouakchott = {
		color = { 177 156 217 }
        type = desert
        sound_type = desert
        supply_limit = 0
        movement_cost = 1.20
        local_development_cost = 0.30
        allowed_num_of_buildings = 0
        nation_designer_cost_multiplier = 1.25
        defence = 2
        attrition = 2
        local_build_time = 0.50
        local_build_cost = 0.25
		terrain_override = {
			1112
		}
    }
    # Africa
	urban_bamako = {
		color = { 177 156 217 }
        type = plains
        sound_type = plains
        supply_limit = 10
        movement_cost = 1.0
        local_development_cost = -0.20
        allowed_num_of_buildings = 4
        nation_designer_cost_multiplier = 1.50
        local_build_time = -0.30
        local_build_cost = -0.25
		terrain_override = {
			2249
		}
    }
    # Africa
	urban_niani = {
		color = { 177 156 217 }
        type = hills
        sound_type = mountains
        supply_limit = 2
        movement_cost = 1.80
        local_development_cost = -0.40
        trade_goods_size = 1
        allowed_num_of_buildings = 2
        nation_designer_cost_multiplier = 1.3
        defence = 2
        local_defensiveness = 0.2
        local_build_time = 0.25


		terrain_override = {
			1124
		}
    }
    # Africa
	urban_jenne = {
		color = { 177 156 217 }
        type = plains
        sound_type = plains
        supply_limit = 10
        movement_cost = 1.0
        local_development_cost = -0.40
        trade_goods_size = 1
        allowed_num_of_buildings = 4
        nation_designer_cost_multiplier = 1.50
        local_build_time = -0.30
        local_build_cost = -0.25

		terrain_override = {
			1134
		}
    }
    # Africa
	urban_timbuktu = {
		color = { 177 156 217 }
        type = desert
        sound_type = desert
        supply_limit = 0
        movement_cost = 1.40
        local_development_cost = 0.30
        allowed_num_of_buildings = 0
        nation_designer_cost_multiplier = 1.00
        defence = 2
        attrition = 3
        local_build_time = 0.50
        local_build_cost = 0.25
		terrain_override = {
			1132
		}
    }
    # Africa
	urban_dakar = {
		color = { 177 156 217 }
        type = plains
        sound_type = plains
        supply_limit = 10
        movement_cost = 1.0
        local_development_cost = -0.20
        allowed_num_of_buildings = 4
        nation_designer_cost_multiplier = 1.50
        local_build_time = -0.30
        local_build_cost = -0.25

		terrain_override = {
			7357
		}
    }
    # Africa
	urban_banjul = {
		color = { 177 156 217 }
        type = plains
        sound_type = plains
        supply_limit = 10
        movement_cost = 1.0
        local_development_cost = -0.20
        allowed_num_of_buildings = 4
        nation_designer_cost_multiplier = 1.50
        local_build_time = -0.30
        local_build_cost = -0.25

		terrain_override = {
			7364
		}
    }
    # Africa
	urban_bissau = {
		color = { 177 156 217 }
        type = plains
        sound_type = plains
        supply_limit = 10
        movement_cost = 1.0
        local_development_cost = -0.20
        allowed_num_of_buildings = 4
        nation_designer_cost_multiplier = 1.50
        local_build_time = -0.30
        local_build_cost = -0.25

		terrain_override = {
			7369
		}
    }
    # Africa
	urban_conakry = {
		color = { 177 156 217 }
        type = hills
        sound_type = mountains
        supply_limit = 2
        movement_cost = 1.80
        local_development_cost = 0.10
        allowed_num_of_buildings = 2
        nation_designer_cost_multiplier = 1.3
        defence = 2
        local_defensiveness = 0.2
        local_build_time = 0.25
		terrain_override = {
			5716
		}
    }
    # Africa
	urban_freetown = {
		color = { 177 156 217 }
        type = hills
        sound_type = mountains
        supply_limit = 2
        movement_cost = 1.80
        local_development_cost = 0.10
        allowed_num_of_buildings = 2
        nation_designer_cost_multiplier = 1.3
        defence = 2
        local_defensiveness = 0.2
        local_build_time = 0.25
		terrain_override = {
			7379
		}
    }
    # Africa
	urban_monrovia = {
		color = { 177 156 217 }
        type = jungle
        sound_type = jungle
        supply_limit = 1
        movement_cost = 2.0
        local_development_cost = 0.20
        allowed_num_of_buildings = 1
        nation_designer_cost_multiplier = 1.25
        defence = 3
        local_build_time = 0.5
        local_build_cost = 0.1
		terrain_override = {
			2242
		}
    }
    # Africa
	urban_abidjan = {
		color = { 177 156 217 }
        type = jungle
        sound_type = jungle
        supply_limit = 1
        movement_cost = 2.0
        local_development_cost = 0.20
        allowed_num_of_buildings = 1
        nation_designer_cost_multiplier = 1.25
        defence = 3
        local_build_time = 0.5
        local_build_cost = 0.1
		terrain_override = {
			1126
		}
    }
    # Africa
	urban_accra = {
		color = { 177 156 217 }
        type = plains
        sound_type = plains
        supply_limit = 10
        movement_cost = 1.0
        local_development_cost = -0.20
        allowed_num_of_buildings = 4
        nation_designer_cost_multiplier = 1.50
        local_build_time = -0.30
        local_build_cost = -0.25
		terrain_override = {
			1139
		}
    }
    # Africa
	urban_kumasi = {
		color = { 177 156 217 }
        type = hills
        sound_type = mountains
        supply_limit = 2
        movement_cost = 1.80
        local_development_cost = 0.10
        allowed_num_of_buildings = 2
        nation_designer_cost_multiplier = 1.3
        defence = 2
        local_defensiveness = 0.2
        local_build_time = 0.25
		terrain_override = {
			1138
		}
    }
    # Africa
	urban_lome = {
		color = { 177 156 217 }
        type = jungle
        sound_type = jungle
        supply_limit = 1
        movement_cost = 2.0
        local_development_cost = 0.20
        allowed_num_of_buildings = 1
        nation_designer_cost_multiplier = 1.25
        defence = 3
        local_build_time = 0.5
        local_build_cost = 0.1
		terrain_override = {
			1140
		}
    }
    # Africa
	urban_porto_novo = {
		color = { 177 156 217 }
        type = jungle
        sound_type = jungle
        supply_limit = 1
        movement_cost = 2.0
        local_development_cost = 0.20
        allowed_num_of_buildings = 1
        nation_designer_cost_multiplier = 1.25
        defence = 3
        local_build_time = 0.5
        local_build_cost = 0.1
		terrain_override = {
			7103
		}
    }
    # Africa
	urban_niamey = {
		color = { 177 156 217 }
        type = plains
        sound_type = plains
        supply_limit = 10
        movement_cost = 1.0
        local_development_cost = -0.20
        allowed_num_of_buildings = 4
        nation_designer_cost_multiplier = 1.50
        local_build_time = -0.30
        local_build_cost = -0.25

		terrain_override = {
			1142
		}
    }
    # Africa
	urban_lagos = {
		color = { 177 156 217 }
        type = plains
        sound_type = plains
        supply_limit = 10
        movement_cost = 1.0
        local_development_cost = -0.20
        allowed_num_of_buildings = 4
        nation_designer_cost_multiplier = 1.50
        local_build_time = -0.30
        local_build_cost = -0.25

		terrain_override = {
			2290
		}
    }
    # Africa
	urban_abuja = {
		color = { 177 156 217 }
        type = jungle
        sound_type = jungle
        supply_limit = 1
        movement_cost = 2.0
        local_development_cost = 0.20
        allowed_num_of_buildings = 1
        nation_designer_cost_multiplier = 1.25
        defence = 3
        local_build_time = 0.5
        local_build_cost = 0.1
		terrain_override = {
			1145
		}
    }
    # Africa
	urban_kano = {
		color = { 177 156 217 }
        type = plains
        sound_type = plains
        supply_limit = 10
        movement_cost = 1.0
        local_development_cost = -0.40
        trade_goods_size = 1
        allowed_num_of_buildings = 4
        nation_designer_cost_multiplier = 1.50
        local_build_time = -0.30
        local_build_cost = -0.25

		terrain_override = {
			1155
		}
    }
    # Africa
	urban_port_harcourt = {
		color = { 177 156 217 }
        type = jungle
        sound_type = jungle
        supply_limit = 1
        movement_cost = 2.0
        local_development_cost = 0.20
        allowed_num_of_buildings = 1
        nation_designer_cost_multiplier = 1.25
        defence = 3
        local_build_time = 0.5
        local_build_cost = 0.1
		terrain_override = {
			1151
		}
    }
    # Africa
	urban_n_djamena = {
		color = { 177 156 217 }
        type = plains
        sound_type = plains
        supply_limit = 10
        movement_cost = 1.0
        local_development_cost = -0.20
        allowed_num_of_buildings = 4
        nation_designer_cost_multiplier = 1.50
        local_build_time = -0.30
        local_build_cost = -0.25

		terrain_override = {
			1159
		}
    }
    # Africa
	urban_khartoum = {
		color = { 177 156 217 }
        type = plains
        sound_type = plains
        supply_limit = 10
        movement_cost = 1.0
        local_development_cost = -0.20
        allowed_num_of_buildings = 4
        nation_designer_cost_multiplier = 1.50
        local_build_time = -0.30
        local_build_cost = -0.25

		terrain_override = {
			6973
		}
    }
    # Africa
	urban_juba = {
		color = { 177 156 217 }
        type = jungle
        sound_type = jungle
        supply_limit = 1
        movement_cost = 2.0
        local_development_cost = 0.20
        allowed_num_of_buildings = 1
        nation_designer_cost_multiplier = 1.25
        defence = 3
        local_build_time = 0.5
        local_build_cost = 0.1
		terrain_override = {
			6972
		}
    }
    # Africa
	urban_bangui = {
		color = { 177 156 217 }
        type = jungle
        sound_type = jungle
        supply_limit = 1
        movement_cost = 2.0
        local_development_cost = 0.20
        allowed_num_of_buildings = 1
        nation_designer_cost_multiplier = 1.25
        defence = 3
        local_build_time = 0.5
        local_build_cost = 0.1
		terrain_override = {
			7477
		}
    }
    # Africa
	urban_yaounde = {
		color = { 177 156 217 }
        type = jungle
        sound_type = jungle
        supply_limit = 1
        movement_cost = 2.0
        local_development_cost = 0.20
        allowed_num_of_buildings = 1
        nation_designer_cost_multiplier = 1.25
        defence = 3
        local_build_time = 0.5
        local_build_cost = 0.1
		terrain_override = {
			7475
		}
    }
    # Africa
	urban_bata = {
		color = { 177 156 217 }
        type = jungle
        sound_type = jungle
        supply_limit = 1
        movement_cost = 2.0
        local_development_cost = 0.20
        allowed_num_of_buildings = 1
        nation_designer_cost_multiplier = 1.25
        defence = 3
        local_build_time = 0.5
        local_build_cost = 0.1
		terrain_override = {
			1165
		}
    }
    # Africa
	urban_libreville = {
		color = { 177 156 217 }
        type = jungle
        sound_type = jungle
        supply_limit = 1
        movement_cost = 2.0
        local_development_cost = 0.20
        allowed_num_of_buildings = 1
        nation_designer_cost_multiplier = 1.25
        defence = 3
        local_build_time = 0.5
        local_build_cost = 0.1
		terrain_override = {
			7484
		}
    }
    # Africa
	urban_pointe_noire = {
		color = { 177 156 217 }
        type = jungle
        sound_type = jungle
        supply_limit = 1
        movement_cost = 2.0
        local_development_cost = 0.20
        allowed_num_of_buildings = 1
        nation_designer_cost_multiplier = 1.25
        defence = 3
        local_build_time = 0.5
        local_build_cost = 0.1
		terrain_override = {
			1166
		}
    }
    # Africa
	urban_kinshasa = {
		color = { 177 156 217 }
        type = jungle
        sound_type = jungle
        supply_limit = 1
        movement_cost = 2.0
        local_development_cost = 0.20
        allowed_num_of_buildings = 1
        nation_designer_cost_multiplier = 1.25
        defence = 3
        local_build_time = 0.5
        local_build_cost = 0.1
		terrain_override = {
			4081
		}
    }
	# Africa
	urban_luanda = {
		color = { 177 156 217 }
        supply_limit = 6
        movement_cost = 1.10
        local_development_cost = -0.10
        allowed_num_of_buildings = 2
        nation_designer_cost_multiplier = 1.4
        defence = 2
        local_build_time = 0.15
        local_build_cost = 0.10
		terrain_override = {
			1167
		}
    }
    # Africa
	urban_lusaka = {
		color = { 177 156 217 }
        type = plains
        sound_type = plains
        supply_limit = 10
        movement_cost = 1.0
        local_development_cost = -0.20
        allowed_num_of_buildings = 4
        nation_designer_cost_multiplier = 1.50
        local_build_time = -0.30
        local_build_cost = -0.25

		terrain_override = {
			1190
		}
    }
    # Africa
    urban_harare = {
		color = { 177 156 217 }
        type = plains
        sound_type = plains
        supply_limit = 10
        movement_cost = 1.0
        local_development_cost = -0.20
        allowed_num_of_buildings = 4
        nation_designer_cost_multiplier = 1.50
        local_build_time = -0.30
        local_build_cost = -0.25

		terrain_override = {
			1188
		}
	}
    # Africa
	urban_zimbabwe = {
		color = { 177 156 217 }
        type = hills
        sound_type = mountains
        supply_limit = 2
        movement_cost = 1.80
        local_development_cost = -0.30
        
        allowed_num_of_buildings = 2
        nation_designer_cost_multiplier = 1.3
        defence = 2
        local_defensiveness = 0.2
        local_build_time = 0.25
		terrain_override = {
			1184
		}
    }
    # Africa
	urban_gaborone = {
		color = { 177 156 217 }
        type = plains
        sound_type = plains
        supply_limit = 10
        movement_cost = 1.0
        local_development_cost = -0.20
        allowed_num_of_buildings = 4
        nation_designer_cost_multiplier = 1.50
        local_build_time = -0.30
        local_build_cost = -0.25

		terrain_override = {
			5419
		}
    }
    # Africa
	urban_mbabane = {
		color = { 177 156 217 }
        type = mountains
        sound_type = mountains
        supply_limit = 1
        movement_cost = 2.5
        local_development_cost = 0.30
        allowed_num_of_buildings = 1
        nation_designer_cost_multiplier = 1.00
        defence = 4
        local_defensiveness = 0.50
        local_build_time = 0.5
        local_build_cost = 0.25
		terrain_override = {
			4783
		}
    }
    # Africa
	urban_lilongwe = {
		color = { 177 156 217 }
        type = hills
        sound_type = mountains
        supply_limit = 2
        movement_cost = 1.80
        local_development_cost = 0.10
        allowed_num_of_buildings = 2
        nation_designer_cost_multiplier = 1.3
        defence = 2
        local_defensiveness = 0.2
        local_build_time = 0.25
		terrain_override = {
			4040
		}
    }
    # Africa
	urban_bujumbura = {
		color = { 177 156 217 }
        type = hills
        sound_type = mountains
        supply_limit = 2
        movement_cost = 1.80
        local_development_cost = 0.10
        allowed_num_of_buildings = 2
        nation_designer_cost_multiplier = 1.3
        defence = 2
        local_defensiveness = 0.2
        local_build_time = 0.25
		terrain_override = {
			4070
		}
    }
    # Africa
	urban_butare = {
		color = { 177 156 217 }
        type = hills
        sound_type = mountains
        supply_limit = 2
        movement_cost = 1.80
        local_development_cost = 0.10
        allowed_num_of_buildings = 2
        nation_designer_cost_multiplier = 1.3
        defence = 2
        local_defensiveness = 0.2
        local_build_time = 0.25
		terrain_override = {
			4067
		}
    }
    # Africa
	urban_kampala = {
		color = { 177 156 217 }
        type = plains
        sound_type = plains
        supply_limit = 10
        movement_cost = 1.0
        local_development_cost = -0.20
        allowed_num_of_buildings = 4
        nation_designer_cost_multiplier = 1.50
        local_build_time = -0.30
        local_build_cost = -0.25
		terrain_override = {
			4064
		}
    }
    # Africa
	urban_sofala = {
		color = { 177 156 217 }
        type = marsh
        sound_type = forest
        supply_limit = 2
        movement_cost = 1.50
        local_development_cost = 0.10
        allowed_num_of_buildings = 2
        nation_designer_cost_multiplier = 1.30
        defence = 2
        local_defensiveness = 0.2
        local_build_time = 0.25
        local_build_cost = 0.25
		terrain_override = {
			1186
		}
    }
    # Africa
	urban_djibouti = {
		color = { 177 156 217 }
        type = hills
        sound_type = mountains
        supply_limit = 1
        movement_cost = 1.70
        local_development_cost = 0.15
        allowed_num_of_buildings = 2
        nation_designer_cost_multiplier = 1.25
        defence = 2
        local_defensiveness = 0.2
        local_build_time = 0.25
        local_build_cost = 0.1
		terrain_override = {
			1215
		}
    }
    # Africa
	urban_zanzibar = {
		color = { 177 156 217 }
        supply_limit = 6
        movement_cost = 1.10
        local_development_cost = -0.10
        allowed_num_of_buildings = 2
        nation_designer_cost_multiplier = 1.4
        defence = 2
        local_build_time = 0.15
        local_build_cost = 0.10
		terrain_override = {
			1201
		}
    }
    # Africa
	urban_dar_es_salaam = {
		color = { 177 156 217 }
        type = plains
        sound_type = plains
        supply_limit = 10
        movement_cost = 1.0
        local_development_cost = -0.20
        allowed_num_of_buildings = 4
        nation_designer_cost_multiplier = 1.50
        local_build_time = -0.30
        local_build_cost = -0.25

		terrain_override = {
			1197
		}
    }
    # Africa
	urban_mombasa = {
		color = { 177 156 217 }
        type = plains
        sound_type = plains
        supply_limit = 10
        movement_cost = 1.0
        local_development_cost = -0.20
        allowed_num_of_buildings = 4
        nation_designer_cost_multiplier = 1.50
        local_build_time = -0.30
        local_build_cost = -0.25

		terrain_override = {
			1202
		}
    }
    # Africa
	urban_nairobi = {
		color = { 177 156 217 }
        type = hills
        sound_type = mountains
        supply_limit = 2
        movement_cost = 1.80
        local_development_cost = 0.10
        allowed_num_of_buildings = 2
        nation_designer_cost_multiplier = 1.3
        defence = 2
        local_defensiveness = 0.2
        local_build_time = 0.25
		terrain_override = {
			1925
		}
    }
    # Africa
	urban_mogadishu = {
		color = { 177 156 217 }
        type = plains
        sound_type = plains
        supply_limit = 10
        movement_cost = 1.0
        local_development_cost = -0.20
        allowed_num_of_buildings = 4
        nation_designer_cost_multiplier = 1.50
        local_build_time = -0.30
        local_build_cost = -0.25

		terrain_override = {
			1205
		}
    }
    # Africa
	urban_addis_ababa = {
		color = { 177 156 217 }
        type = hills
        sound_type = mountains
        supply_limit = 2
        movement_cost = 1.80
        local_development_cost = 0.10
        allowed_num_of_buildings = 2
        nation_designer_cost_multiplier = 1.3
        defence = 2
        local_defensiveness = 0.2
        local_build_time = 0.25
		terrain_override = {
			1213
		}
    }
    # Africa
	urban_asmara = {
		color = { 177 156 217 }
        type = hills
        sound_type = mountains
        supply_limit = 1
        movement_cost = 1.70
        local_development_cost = 0.15
        allowed_num_of_buildings = 2
        nation_designer_cost_multiplier = 1.25
        defence = 2
        local_defensiveness = 0.2
        local_build_time = 0.25
        local_build_cost = 0.1
		terrain_override = {
			2787
		}
    }
    # Africa
	urban_antananarivo = {
		color = { 177 156 217 }
        type = hills
        sound_type = mountains
        supply_limit = 2
        movement_cost = 1.80
        local_development_cost = 0.10
        allowed_num_of_buildings = 2
        nation_designer_cost_multiplier = 1.3
        defence = 2
        local_defensiveness = 0.2
        local_build_time = 0.25
		terrain_override = {
			1792
		}
    }
    # Africa
	urban_anse_royale = {
		color = { 177 156 217 }
        sound_type = sea
        supply_limit = 6
        movement_cost = 1.10
        local_development_cost = -0.10
        allowed_num_of_buildings = 2
        nation_designer_cost_multiplier = 1.4
        defence = 2
        local_build_time = 0.15
        local_build_cost = 0.10
		terrain_override = {
			1100
		}
    }
    # Persia
	urban_tehran = {
		color = { 177 156 217 }
        type = plains
        sound_type = plains
        supply_limit = 10
        movement_cost = 1.0
        local_development_cost = -0.40
        trade_goods_size = 1
        allowed_num_of_buildings = 4
        nation_designer_cost_multiplier = 1.50
        local_build_time = -0.30
        local_build_cost = -0.25

		terrain_override = {
			428
		}
    }
    # Persia
	urban_isfahan = {
		color = { 177 156 217 }
        type = plains
        sound_type = plains
        supply_limit = 10
        movement_cost = 1.0
        local_development_cost = -0.20
        allowed_num_of_buildings = 4
        nation_designer_cost_multiplier = 1.50
        local_build_time = -0.30
        local_build_cost = -0.25

		terrain_override = {
			429
		}
    }
    # Persia
	urban_tabriz = {
		color = { 177 156 217 }
        type = hills
        sound_type = mountains
        supply_limit = 1
        movement_cost = 1.70
        local_development_cost = 0.15
        allowed_num_of_buildings = 2
        nation_designer_cost_multiplier = 1.25
        defence = 2
        local_defensiveness = 0.2
        local_build_time = 0.25
        local_build_cost = 0.1
		terrain_override = {
			416
		}
    }
    # Persia
	urban_ilam = {
		color = { 177 156 217 }
        type = mountains
        sound_type = mountains
        supply_limit = 1
        movement_cost = 2.5
        local_development_cost = 0.30
        allowed_num_of_buildings = 1
        nation_designer_cost_multiplier = 1.00
        defence = 4
        local_defensiveness = 0.50
        local_build_time = 0.5
        local_build_cost = 0.25
		terrain_override = {
			2209
		}
    }
    # Persia
	urban_bam = {
		color = { 177 156 217 }
        type = hills
        sound_type = mountains
        supply_limit = 1
        movement_cost = 1.70
        local_development_cost = 0.15
        allowed_num_of_buildings = 2
        nation_designer_cost_multiplier = 1.25
        defence = 2
        local_defensiveness = 0.2
        local_build_time = 0.25
        local_build_cost = 0.1
		terrain_override = {
			2220
		}
    }
    # Persia
	urban_hormuz = {
		color = { 177 156 217 }
        type = desert
        sound_type = desert
        supply_limit = 0
        movement_cost = 1.20
        local_development_cost = 0.30
        allowed_num_of_buildings = 0
        nation_designer_cost_multiplier = 1.25
        defence = 2
        attrition = 2
        local_build_time = 0.50
        local_build_cost = 0.25
		terrain_override = {
			2999
		}
    }
    # Persia
	urban_shiraz = {
		color = { 177 156 217 }
        type = mountains
        sound_type = mountains
        supply_limit = 1
        movement_cost = 2.5
        local_development_cost = -0.30
        
        allowed_num_of_buildings = 1
        nation_designer_cost_multiplier = 1.00
        defence = 4
        local_defensiveness = 0.50
        local_build_time = 0.5
        local_build_cost = 0.25
		terrain_override = {
			2218
		}
    }
    # Central Asia
	urban_almaty = {
		color = { 177 156 217 }
        type = hills
        sound_type = mountains
        supply_limit = 2
        movement_cost = 1.80
        local_development_cost = 0.10
        allowed_num_of_buildings = 2
        nation_designer_cost_multiplier = 1.3
        defence = 2
        local_defensiveness = 0.2
        local_build_time = 0.25
		terrain_override = {
			461
		}
    }
    # Central Asia
	urban_tashkent = {
		color = { 177 156 217 }
        type = plains
        sound_type = plains
        supply_limit = 10
        movement_cost = 1.0
        local_development_cost = -0.20
        allowed_num_of_buildings = 4
        nation_designer_cost_multiplier = 1.50
        local_build_time = -0.30
        local_build_cost = -0.25

		terrain_override = {
			457
		}
    }
    # Central Asia
	urban_samarkand = {
		color = { 177 156 217 }
        type = plains
        sound_type = plains
        supply_limit = 10
        movement_cost = 1.0
        local_development_cost = -0.40
        trade_goods_size = 1
        allowed_num_of_buildings = 4
        nation_designer_cost_multiplier = 1.50
        local_build_time = -0.30
        local_build_cost = -0.25

		terrain_override = {
			454
		}
    }
    # Central Asia
	urban_bukhara = {
		color = { 177 156 217 }
        type = plains
        sound_type = plains
        supply_limit = 10
        movement_cost = 1.0
        local_development_cost = -0.30
        
        allowed_num_of_buildings = 4
        nation_designer_cost_multiplier = 1.50
        local_build_time = -0.30
        local_build_cost = -0.25

		terrain_override = {
			442
		}
    }
    # Central Asia
	urban_ashgabat = {
		color = { 177 156 217 }
        type = desert
        sound_type = desert
        supply_limit = 0
        movement_cost = 1.40
        local_development_cost = 0.50
        allowed_num_of_buildings = 0
        nation_designer_cost_multiplier = 1.00
        defence = 2
        attrition = 3
        local_build_time = 0.50
        local_build_cost = 0.25
		terrain_override = {
			2350
		}
    }
    # Central Asia
	urban_merv = {
		color = { 177 156 217 }
        type = desert
        sound_type = desert
        supply_limit = 0
        movement_cost = 1.40
        local_development_cost = 0.50
        allowed_num_of_buildings = 0
        nation_designer_cost_multiplier = 1.00
        defence = 2
        attrition = 3
        local_build_time = 0.50
        local_build_cost = 0.25
		terrain_override = {
			445
		}
    }
    # Central Asia
	urban_khiva = {
		color = { 177 156 217 }
        type = plains
        sound_type = plains
        supply_limit = 10
        movement_cost = 1.0
        local_development_cost = -0.20
        allowed_num_of_buildings = 4
        nation_designer_cost_multiplier = 1.50
        local_build_time = -0.30
        local_build_cost = -0.25

		terrain_override = {
			441
		}
    }
    # Central Asia
	urban_kashgar = {
		color = { 177 156 217 }
        type = mountains
        sound_type = mountains
        supply_limit = 1
        movement_cost = 2.5
        local_development_cost = 0.30
        allowed_num_of_buildings = 1
        nation_designer_cost_multiplier = 1.00
        defence = 4
        local_defensiveness = 0.50
        local_build_time = 0.5
        local_build_cost = 0.25
		terrain_override = {
			739
		}
    }
    # India
	urban_kabul = {
		color = { 177 156 217 }
        type = hills
        sound_type = mountains
        supply_limit = 1
        movement_cost = 1.70
        local_development_cost = 0.15
        allowed_num_of_buildings = 2
        nation_designer_cost_multiplier = 1.25
        defence = 2
        local_defensiveness = 0.2
        local_build_time = 0.25
        local_build_cost = 0.1
		terrain_override = {
			451
		}
    }
    # India
	urban_kandahar = {
		color = { 177 156 217 }
        type = desert
        sound_type = desert
        supply_limit = 0
        movement_cost = 1.40
        local_development_cost = 0.50
        allowed_num_of_buildings = 0
        nation_designer_cost_multiplier = 1.00
        defence = 2
        attrition = 3
        local_build_time = 0.50
        local_build_cost = 0.25
		terrain_override = {
			447
		}
    }
    # India
	urban_herat = {
		color = { 177 156 217 }
        type = hills
        sound_type = mountains
        supply_limit = 1
        movement_cost = 1.70
        local_development_cost = -0.30
        
        allowed_num_of_buildings = 2
        nation_designer_cost_multiplier = 1.25
        defence = 2
        local_defensiveness = 0.2
        local_build_time = 0.25
        local_build_cost = 0.1
		terrain_override = {
			446
		}
    }
    # India
	urban_quetta = {
		color = { 177 156 217 }
        type = mountains
        sound_type = mountains
        supply_limit = 1
        movement_cost = 2.5
        local_development_cost = 0.30
        allowed_num_of_buildings = 1
        nation_designer_cost_multiplier = 1.00
        defence = 4
        local_defensiveness = 0.50
        local_build_time = 0.5
        local_build_cost = 0.25
		terrain_override = {
			577
		}
    }
    # India
	urban_jalalabad = {
		color = { 177 156 217 }
        type = hills
        sound_type = mountains
        supply_limit = 1
        movement_cost = 1.70
        local_development_cost = 0.15
        allowed_num_of_buildings = 2
        nation_designer_cost_multiplier = 1.25
        defence = 2
        local_defensiveness = 0.2
        local_build_time = 0.25
        local_build_cost = 0.1
		terrain_override = {
			2226
		}
    }
    # India
	urban_thatta = {
		color = { 177 156 217 }
        type = plains
        sound_type = plains
        supply_limit = 10
        movement_cost = 1.0
        local_development_cost = -0.20
        allowed_num_of_buildings = 4
        nation_designer_cost_multiplier = 1.50
        local_build_time = -0.30
        local_build_cost = -0.25

		terrain_override = {
			504
		}
    }
    # India
	urban_lahore = {
		color = { 177 156 217 }
        type = plains
        sound_type = plains
        supply_limit = 10
        movement_cost = 1.0
        local_development_cost = -0.40
        trade_goods_size = 1
        allowed_num_of_buildings = 4
        nation_designer_cost_multiplier = 1.50
        local_build_time = -0.30
        local_build_cost = -0.25

		terrain_override = {
			507
		}
    }
    # India
	urban_multan = {
		color = { 177 156 217 }
        type = plains
        sound_type = plains
        supply_limit = 10
        movement_cost = 1.0
        local_development_cost = -0.20
        allowed_num_of_buildings = 4
        nation_designer_cost_multiplier = 1.50
        local_build_time = -0.30
        local_build_cost = -0.25

		terrain_override = {
			506
		}
    }
    # India
	urban_dehli = {
		color = { 177 156 217 }
        type = plains
        sound_type = plains
        supply_limit = 10
        movement_cost = 1.0
        local_development_cost = -0.40
        trade_goods_size = 1
        allowed_num_of_buildings = 4
        nation_designer_cost_multiplier = 1.50
        local_build_time = -0.30
        local_build_cost = -0.25

		terrain_override = {
			522
		}
    }
    # India
	urban_jaipur = {
		color = { 177 156 217 }
        type = hills
        sound_type = mountains
        supply_limit = 1
        movement_cost = 1.70
        local_development_cost = 0.15
        allowed_num_of_buildings = 2
        nation_designer_cost_multiplier = 1.25
        defence = 2
        local_defensiveness = 0.2
        local_build_time = 0.25
        local_build_cost = 0.1
		terrain_override = {
			519
		}
    }
    # India
	urban_lucknow = {
		color = { 177 156 217 }
        type = plains
        sound_type = plains
        supply_limit = 10
        movement_cost = 1.0
        local_development_cost = -0.20
        allowed_num_of_buildings = 4
        nation_designer_cost_multiplier = 1.50
        local_build_time = -0.30
        local_build_cost = -0.25
		terrain_override = {
			523
		}
    }
    # India
	urban_kolkata = {
		color = { 177 156 217 }
        type = plains
        sound_type = plains
        supply_limit = 10
        movement_cost = 1.0
        local_development_cost = -0.30
        
        allowed_num_of_buildings = 4
        nation_designer_cost_multiplier = 1.50
        local_build_time = -0.30
        local_build_cost = -0.25
		terrain_override = {
			4477
		}
    }
    # India
	urban_bombay = {
		color = { 177 156 217 }
        type = hills
        sound_type = mountains
        supply_limit = 2
        movement_cost = 1.80
        local_development_cost = 0.10
        allowed_num_of_buildings = 2
        nation_designer_cost_multiplier = 1.3
        defence = 2
        local_defensiveness = 0.2
        local_build_time = 0.25


		terrain_override = {
			529
		}
    }
    # India
	urban_ahmedabad = {
		color = { 177 156 217 }
        type = plains
        sound_type = plains
        supply_limit = 10
        movement_cost = 1.0
        local_development_cost = -0.20
        allowed_num_of_buildings = 4
        nation_designer_cost_multiplier = 1.50
        local_build_time = -0.30
        local_build_cost = -0.25

		terrain_override = {
			2054
		}
    }
    # India
	urban_surat = {
		color = { 177 156 217 }
        type = plains
        sound_type = plains
        supply_limit = 10
        movement_cost = 1.0
        local_development_cost = -0.20
        allowed_num_of_buildings = 4
        nation_designer_cost_multiplier = 1.50
        local_build_time = -0.30
        local_build_cost = -0.25

		terrain_override = {
			517
		}
    }
    # India
	urban_hyderabad = {
		color = { 177 156 217 }
        type = plains
        sound_type = plains
        supply_limit = 10
        movement_cost = 1.0
        local_development_cost = -0.20
        allowed_num_of_buildings = 4
        nation_designer_cost_multiplier = 1.50
        local_build_time = -0.30
        local_build_cost = -0.25

		terrain_override = {
			1948
		}
    }
    # India
	urban_chennai = {
		color = { 177 156 217 }
        type = plains
        sound_type = plains
        supply_limit = 10
        movement_cost = 1.0
        local_development_cost = -0.20
        allowed_num_of_buildings = 4
        nation_designer_cost_multiplier = 1.50
        local_build_time = -0.30
        local_build_cost = -0.25

		terrain_override = {
			539
		}
    }
    # India
	urban_mysore = {
		color = { 177 156 217 }
        type = plains
        sound_type = plains
        supply_limit = 10
        movement_cost = 1.0
        local_development_cost = -0.20
        allowed_num_of_buildings = 4
        nation_designer_cost_multiplier = 1.50
        local_build_time = -0.30
        local_build_cost = -0.25

		terrain_override = {
			533
		}
    }
    # India
	urban_kochin = {
		color = { 177 156 217 }
        type = jungle
        sound_type = jungle
        supply_limit = 1
        movement_cost = 2.0
        local_development_cost = 0.20
        allowed_num_of_buildings = 1
        nation_designer_cost_multiplier = 1.25
        defence = 3
        local_build_time = 0.5
        local_build_cost = 0.1
		terrain_override = {
			535
		}
    }
    # India
	urban_goa = {
		color = { 177 156 217 }
        type = hills
        sound_type = mountains
        supply_limit = 2
        movement_cost = 1.80
        local_development_cost = 0.10
        allowed_num_of_buildings = 2
        nation_designer_cost_multiplier = 1.3
        defence = 2
        local_defensiveness = 0.2
        local_build_time = 0.25
		terrain_override = {
			2030
		}
    }
    # India
	urban_calicut = {
		color = { 177 156 217 }
        type = jungle
        sound_type = jungle
        supply_limit = 1
        movement_cost = 2.0
        local_development_cost = 0.20
        allowed_num_of_buildings = 1
        nation_designer_cost_multiplier = 1.25
        defence = 3
        local_build_time = 0.5
        local_build_cost = 0.1
		terrain_override = {
			534
		}
    }
    # India
	urban_bangalore = {
		color = { 177 156 217 }
        type = plains
        sound_type = plains
        supply_limit = 10
        movement_cost = 1.0
        local_development_cost = -0.20
        allowed_num_of_buildings = 4
        nation_designer_cost_multiplier = 1.50
        local_build_time = -0.30
        local_build_cost = -0.25

		terrain_override = {
			2031
		}
    }
    # India
	urban_colombo = {
		color = { 177 156 217 }
        type = jungle
        sound_type = jungle
        supply_limit = 1
        movement_cost = 2.0
        local_development_cost = 0.20
        allowed_num_of_buildings = 1
        nation_designer_cost_multiplier = 1.25
        defence = 3
        local_build_time = 0.5
        local_build_cost = 0.1
		terrain_override = {
			572
		}
    }
    # India
	urban_kandy = {
		color = { 177 156 217 }
        type = mountains
        sound_type = mountains
        supply_limit = 1
        movement_cost = 2.5
        local_development_cost = 0.30
        allowed_num_of_buildings = 1
        nation_designer_cost_multiplier = 1.00
        defence = 4
        local_defensiveness = 0.50
        local_build_time = 0.5
        local_build_cost = 0.25
		terrain_override = {
			2099
		}
    }
    # India
	urban_madurai = {
		color = { 177 156 217 }
        type = plains
        sound_type = plains
        supply_limit = 10
        movement_cost = 1.0
        local_development_cost = -0.20
        allowed_num_of_buildings = 4
        nation_designer_cost_multiplier = 1.50
        local_build_time = -0.30
        local_build_cost = -0.25

		terrain_override = {
			536
		}
    }
    # India
	urban_vijayanagar = {
		color = { 177 156 217 }
        type = plains
        sound_type = plains
        supply_limit = 10
        movement_cost = 1.0
        local_development_cost = -0.30
        
        allowed_num_of_buildings = 4
        nation_designer_cost_multiplier = 1.50
        local_build_time = -0.30
        local_build_cost = -0.25

		terrain_override = {
			541
		}
    }
    # India
	urban_cuttack = {
		color = { 177 156 217 }
        type = plains
        sound_type = plains
        supply_limit = 10
        movement_cost = 1.0
        local_development_cost = -0.20
        allowed_num_of_buildings = 4
        nation_designer_cost_multiplier = 1.50
        local_build_time = -0.30
        local_build_cost = -0.25

		terrain_override = {
			552
		}
    }
    # India
	urban_kathmandu = {
		color = { 177 156 217 }
        type = mountains
        sound_type = mountains
        supply_limit = 1
        movement_cost = 2.5
        local_development_cost = 0.30
        allowed_num_of_buildings = 1
        nation_designer_cost_multiplier = 1.00
        defence = 4
        local_defensiveness = 0.50
        local_build_time = 0.5
        local_build_cost = 0.25
		terrain_override = {
			557
		}
    }
    # India
	urban_thimphu = {
		color = { 177 156 217 }
        type = mountains
        sound_type = mountains
        supply_limit = 1
        movement_cost = 2.5
        local_development_cost = 0.30
        allowed_num_of_buildings = 1
        nation_designer_cost_multiplier = 1.00
        defence = 4
        local_defensiveness = 0.50
        local_build_time = 0.5
        local_build_cost = 0.25
		terrain_override = {
			565
		}
    }
    # India
	urban_dhaka = {
		color = { 177 156 217 }
        type = plains
        sound_type = plains
        supply_limit = 10
        movement_cost = 1.0
        local_development_cost = -0.30
        
        allowed_num_of_buildings = 4
        nation_designer_cost_multiplier = 1.50
        local_build_time = -0.30
        local_build_cost = -0.25

		terrain_override = {
			564
		}
    }
    # India
	urban_allahabad = {
		color = { 177 156 217 }
        type = plains
        sound_type = plains
        supply_limit = 10
        movement_cost = 1.0
        local_development_cost = -0.20
        allowed_num_of_buildings = 4
        nation_designer_cost_multiplier = 1.50
        local_build_time = -0.30
        local_build_cost = -0.25

		terrain_override = {
			556
		}
    }
    # India
	urban_varanasi = {
		color = { 177 156 217 }
        type = plains
        sound_type = plains
        supply_limit = 10
        movement_cost = 1.0
        local_development_cost = -0.20
        allowed_num_of_buildings = 4
        nation_designer_cost_multiplier = 1.50
        local_build_time = -0.30
        local_build_cost = -0.25

		terrain_override = {
			2095
		}
    }
    # India
	urban_chittagong = {
		color = { 177 156 217 }
        type = hills
        sound_type = mountains
        supply_limit = 2
        movement_cost = 1.80
        local_development_cost = 0.10
        allowed_num_of_buildings = 2
        nation_designer_cost_multiplier = 1.3
        defence = 2
        local_defensiveness = 0.2
        local_build_time = 0.25
		terrain_override = {
			568
		}
    }
    # India
	urban_andaman_island = {
		color = { 177 156 217 }
        sound_type = sea
        supply_limit = 6
        movement_cost = 1.10
        local_development_cost = -0.10
        allowed_num_of_buildings = 2
        nation_designer_cost_multiplier = 1.4
        defence = 2
        local_build_time = 0.15
        local_build_cost = 0.10
		terrain_override = {
			574
		}
    }
    # Burma
	urban_rangoon = {
		color = { 177 156 217 }
        type = plains
        sound_type = plains
        supply_limit = 10
        movement_cost = 1.0
        local_development_cost = -0.20
        allowed_num_of_buildings = 4
        nation_designer_cost_multiplier = 1.50
        local_build_time = -0.30
        local_build_cost = -0.25

		terrain_override = {
			4399
		}
    }
    # Burma
	urban_mrauk = {
		color = { 177 156 217 }
        type = hills
        sound_type = mountains
        supply_limit = 2
        movement_cost = 1.80
        local_development_cost = 0.10
        allowed_num_of_buildings = 2
        nation_designer_cost_multiplier = 1.3
        defence = 2
        local_defensiveness = 0.2
        local_build_time = 0.25


		terrain_override = {
			579
		}
    }
    # Burma
	urban_mandalay = {
		color = { 177 156 217 }
        type = plains
        sound_type = plains
        supply_limit = 10
        movement_cost = 1.0
        local_development_cost = -0.30
        
        allowed_num_of_buildings = 4
        nation_designer_cost_multiplier = 1.50
        local_build_time = -0.30
        local_build_cost = -0.25

		terrain_override = {
			584
		}
    }
    # Burma
	urban_pegu = {
		color = { 177 156 217 }
        type = plains
        sound_type = plains
        supply_limit = 10
        movement_cost = 1.0
        local_development_cost = -0.20
        allowed_num_of_buildings = 4
        nation_designer_cost_multiplier = 1.50
        local_build_time = -0.30
        local_build_cost = -0.25

		terrain_override = {
			586
		}
    }
    # Thailand
	urban_ayutthaya = {
		color = { 177 156 217 }
        type = plains
        sound_type = plains
        supply_limit = 10
        movement_cost = 1.0
        local_development_cost = -0.30
        
        allowed_num_of_buildings = 4
        nation_designer_cost_multiplier = 1.50
        local_build_time = -0.30
        local_build_cost = -0.25

		terrain_override = {
			600
		}
    }
    # Thailand
	urban_bangkok = {
		color = { 177 156 217 }
        type = plains
        sound_type = plains
        supply_limit = 10
        movement_cost = 1.0
        local_development_cost = -0.40
        trade_goods_size = 1
        allowed_num_of_buildings = 4
        nation_designer_cost_multiplier = 1.50
        local_build_time = -0.30
        local_build_cost = -0.25

		terrain_override = {
			4831
		}
    }
    # Thailand
	urban_chiang_mai = {
		color = { 177 156 217 }
        type = mountains
        sound_type = mountains
        supply_limit = 1
        movement_cost = 2.5
        local_development_cost = 0.30
        allowed_num_of_buildings = 1
        nation_designer_cost_multiplier = 1.00
        defence = 4
        local_defensiveness = 0.50
        local_build_time = 0.5
        local_build_cost = 0.25
		terrain_override = {
			589
		}
    }
    # Malaya
	urban_malacca = {
		color = { 177 156 217 }
        type = plains
        sound_type = plains
        supply_limit = 10
        movement_cost = 1.0
        local_development_cost = -0.20
        allowed_num_of_buildings = 4
        nation_designer_cost_multiplier = 1.50
        local_build_time = -0.30
        local_build_cost = -0.25

		terrain_override = {
			596
		}
    }
    # Malaya
	urban_singapore = {
		color = { 177 156 217 }
        type = plains
        sound_type = plains
        supply_limit = 10
        movement_cost = 1.0
        local_development_cost = -0.40
        trade_goods_size = 1
        allowed_num_of_buildings = 4
        nation_designer_cost_multiplier = 1.50
        local_build_time = -0.30
        local_build_cost = -0.25

		terrain_override = {
			8649
		}
    }
    # Cambodia
	urban_angkor = {
		color = { 177 156 217 }
        type = jungle
        sound_type = jungle
        supply_limit = 1
        movement_cost = 2.0
        local_development_cost = 0.20
        allowed_num_of_buildings = 1
        nation_designer_cost_multiplier = 1.25
        defence = 3
        local_build_time = 0.5
        local_build_cost = 0.1
		terrain_override = {
			609
		}
    }
    # Vietnam
	urban_vientiane = {
		color = { 177 156 217 }
        type = hills
        sound_type = mountains
        supply_limit = 2
        movement_cost = 1.80
        local_development_cost = 0.10
        allowed_num_of_buildings = 2
        nation_designer_cost_multiplier = 1.3
        defence = 2
        local_defensiveness = 0.2
        local_build_time = 0.25
		terrain_override = {
			614
		}
    }
    # Vietnam
	urban_saigon = {
		color = { 177 156 217 }
        type = plains
        sound_type = plains
        supply_limit = 10
        movement_cost = 1.0
        local_development_cost = -0.40
        trade_goods_size = 1
        allowed_num_of_buildings = 4
        nation_designer_cost_multiplier = 1.50
        local_build_time = -0.30
        local_build_cost = -0.25

		terrain_override = {
			605
		}
    }
    # Vietnam
	urban_hai_phong = {
		color = { 177 156 217 }
        type = plains
        sound_type = plains
        supply_limit = 10
        movement_cost = 1.0
        local_development_cost = -0.30
        allowed_num_of_buildings = 4
        nation_designer_cost_multiplier = 1.50
        local_build_time = -0.30
        local_build_cost = -0.25
		terrain_override = {
			2372
		}
    }
    # Vietnam
	urban_hanoi = {
		color = { 177 156 217 }
        type = plains
        sound_type = plains
        supply_limit = 10
        movement_cost = 1.0
        local_development_cost = -0.40
        trade_goods_size = 1
        allowed_num_of_buildings = 4
        nation_designer_cost_multiplier = 1.50
        local_build_time = -0.30
        local_build_cost = -0.25
		terrain_override = {
			613
		}
    }
    # Philippine Islands
	urban_manila = {
		color = { 177 156 217 }
        type = plains
        sound_type = plains
        supply_limit = 10
        movement_cost = 1.0
        local_development_cost = -0.40
        trade_goods_size = 1
        allowed_num_of_buildings = 4
        nation_designer_cost_multiplier = 1.50
        local_build_time = -0.30
        local_build_cost = -0.25
		terrain_override = {
			656
		}
    }
    # Philippine Islands
	urban_manila_bay = {
		color = { 177 156 217 }
        type = plains
        sound_type = plains
        supply_limit = 10
        movement_cost = 1.0
        local_development_cost = -0.20
        allowed_num_of_buildings = 4
        nation_designer_cost_multiplier = 1.50
        local_build_time = -0.30
        local_build_cost = -0.25
		terrain_override = {
			8282
		}
    }
    # Philippine Islands
	urban_idjang = {
		color = { 177 156 217 }
        sound_type = sea
        supply_limit = 6
        movement_cost = 1.10
        local_development_cost = -0.10
        allowed_num_of_buildings = 2
        nation_designer_cost_multiplier = 1.4
        defence = 2
        local_build_time = 0.15
        local_build_cost = 0.10
		terrain_override = {
			7161
		}
    }
    # Philippine Islands
	urban_dagupan = {
		color = { 177 156 217 }
        type = jungle
        sound_type = jungle
        supply_limit = 1
        movement_cost = 2.0
        local_development_cost = 0.20
        allowed_num_of_buildings = 1
        nation_designer_cost_multiplier = 1.25
        defence = 3
        local_build_time = 0.5
        local_build_cost = 0.1
		terrain_override = {
			2698
		}
    }
    # Philippine Islands
	urban_tarlac = {
		color = { 177 156 217 }
        type = jungle
        sound_type = jungle
        supply_limit = 1
        movement_cost = 2.0
        local_development_cost = 0.20
        allowed_num_of_buildings = 1
        nation_designer_cost_multiplier = 1.25
        defence = 3
        local_build_time = 0.5
        local_build_cost = 0.1
		terrain_override = {
			8277
		}
    }
    # Philippine Islands
	urban_banaue = {
		color = { 177 156 217 }
        type = mountains
        sound_type = mountains
        supply_limit = 1
        movement_cost = 2.5
        local_development_cost = 0.30
        allowed_num_of_buildings = 1
        nation_designer_cost_multiplier = 1.00
        defence = 4
        local_defensiveness = 0.50
        local_build_time = 0.5
        local_build_cost = 0.25
		terrain_override = {
			4348
		}
    }
    # Philippine Islands
	urban_chocolate_hills = {
		color = { 177 156 217 }
        type = hills
        sound_type = mountains
        supply_limit = 2
        movement_cost = 1.80
        local_development_cost = 0.10
        allowed_num_of_buildings = 2
        nation_designer_cost_multiplier = 1.3
        defence = 2
        local_defensiveness = 0.2
        local_build_time = 0.25
		terrain_override = {
			8713
		}
    }
    # Philippine Islands
	urban_mt_mayon = {
		color = { 177 156 217 }
        type = hills
        sound_type = mountains
        supply_limit = 2
        movement_cost = 1.80
        local_development_cost = 0.10
        allowed_num_of_buildings = 2
        nation_designer_cost_multiplier = 1.3
        defence = 2
        local_defensiveness = 0.2
        local_build_time = 0.25
		terrain_override = {
			8287
		}
    }
    # Philippine Islands
	urban_taal_lake = {
		color = { 177 156 217 }
        type = hills
        sound_type = mountains
        supply_limit = 2
        movement_cost = 1.80
        local_development_cost = 0.10
        allowed_num_of_buildings = 2
        nation_designer_cost_multiplier = 1.3
        defence = 2
        local_defensiveness = 0.2
        local_build_time = 0.25
		terrain_override = {
			8283
		}
    }
    # Philippine Islands
	urban_igorot_tribe = {
		color = { 177 156 217 }
        type = mountains
        sound_type = mountains
        supply_limit = 1
        movement_cost = 2.5
        local_development_cost = 0.30
        allowed_num_of_buildings = 1
        nation_designer_cost_multiplier = 1.00
        defence = 4
        local_defensiveness = 0.50
        local_build_time = 0.5
        local_build_cost = 0.25
		terrain_override = {
			8270
		}
    }
    # Philippine Islands
	urban_mindanao_tribe = {
		color = { 177 156 217 }
        type = mountains
        sound_type = mountains
        supply_limit = 1
        movement_cost = 2.5
        local_development_cost = 0.30
        allowed_num_of_buildings = 1
        nation_designer_cost_multiplier = 1.00
        defence = 4
        local_defensiveness = 0.50
        local_build_time = 0.5
        local_build_cost = 0.25
		terrain_override = {
			7178
		}
    }
    # Philippine Islands
	urban_panay = {
		color = { 177 156 217 }
        type = jungle
        sound_type = jungle
        supply_limit = 1
        movement_cost = 2.0
        local_development_cost = 0.20
        allowed_num_of_buildings = 1
        nation_designer_cost_multiplier = 1.25
        defence = 3
        local_build_time = 0.5
        local_build_cost = 0.1
		terrain_override = {
			2700
		}
    }
    # Philippine Islands
	urban_negros = {
		color = { 177 156 217 }
        type = jungle
        sound_type = jungle
        supply_limit = 1
        movement_cost = 2.0
        local_development_cost = 0.20
        allowed_num_of_buildings = 1
        nation_designer_cost_multiplier = 1.25
        defence = 3
        local_build_time = 0.5
        local_build_cost = 0.1
		terrain_override = {
			3543
		}
    }
    # Philippine Islands
	urban_romblon = {
		color = { 177 156 217 }
        type = hills
        sound_type = mountains
        supply_limit = 2
        movement_cost = 1.80
        local_development_cost = 0.10
        allowed_num_of_buildings = 2
        nation_designer_cost_multiplier = 1.3
        defence = 2
        local_defensiveness = 0.2
        local_build_time = 0.25
		terrain_override = {
			8712
		}
    }
    # Philippine Islands
	urban_sulu = {
		color = { 177 156 217 }
        type = jungle
        sound_type = jungle
        supply_limit = 1
        movement_cost = 2.0
        local_development_cost = 0.20
        allowed_num_of_buildings = 1
        nation_designer_cost_multiplier = 1.25
        defence = 3
        local_build_time = 0.5
        local_build_cost = 0.1
		terrain_override = {
			651
		}
    }
    # Philippine Islands
	urban_tondo = {
		color = { 177 156 217 }
        type = plains
        sound_type = plains
        supply_limit = 10
        movement_cost = 1.0
        local_development_cost = -0.20
        allowed_num_of_buildings = 4
        nation_designer_cost_multiplier = 1.50
        local_build_time = -0.30
        local_build_cost = -0.25
		terrain_override = {
			2697
		}
    }
    # Philippine Islands
	urban_zamboanga = {
		color = { 177 156 217 }
        type = hills
        sound_type = mountains
        supply_limit = 2
        movement_cost = 1.80
        local_development_cost = 0.10
        allowed_num_of_buildings = 2
        nation_designer_cost_multiplier = 1.3
        defence = 2
        local_defensiveness = 0.2
        local_build_time = 0.25
		terrain_override = {
			4354
		}
    }
    # Philippine Islands
	urban_taytay = {
		color = { 177 156 217 }
        type = hills
        sound_type = mountains
        supply_limit = 2
        movement_cost = 1.80
        local_development_cost = 0.10
        allowed_num_of_buildings = 2
        nation_designer_cost_multiplier = 1.3
        defence = 2
        local_defensiveness = 0.2
        local_build_time = 0.25
		terrain_override = {
			4356
		}
    }
    # Philippine Islands
	urban_cebu = {
		color = { 177 156 217 }
        type = hills
        sound_type = mountains
        supply_limit = 2
        movement_cost = 1.80
        local_development_cost = 0.10
        allowed_num_of_buildings = 2
        nation_designer_cost_multiplier = 1.3
        defence = 2
        local_defensiveness = 0.2
        local_build_time = 0.25
		terrain_override = {
			4352
		}
    }
    # Philippine Islands
	urban_davao = {
		color = { 177 156 217 }
        type = hills
        sound_type = mountains
        supply_limit = 2
        movement_cost = 1.80
        local_development_cost = 0.10
        allowed_num_of_buildings = 2
        nation_designer_cost_multiplier = 1.3
        defence = 2
        local_defensiveness = 0.2
        local_build_time = 0.25
		terrain_override = {
			7171
		}
    }
    # Southeast Asia
	urban_bandar_seri_begawan = {
		color = { 177 156 217 }
        type = plains
        sound_type = plains
        supply_limit = 10
        movement_cost = 1.0
        local_development_cost = -0.40
        trade_goods_size = 1
        allowed_num_of_buildings = 4
        nation_designer_cost_multiplier = 1.50
        local_build_time = -0.30
        local_build_cost = -0.25
		terrain_override = {
			636
		}
    }
    # Southeast Asia
	urban_medan = {
		color = { 177 156 217 }
        type = plains
        sound_type = plains
        supply_limit = 10
        movement_cost = 1.0
        local_development_cost = -0.20
        allowed_num_of_buildings = 4
        nation_designer_cost_multiplier = 1.50
        local_build_time = -0.30
        local_build_cost = -0.25
		terrain_override = {
			618
		}
    }
    # Southeast Asia
	urban_bogor = {
		color = { 177 156 217 }
        type = hills
        sound_type = mountains
        supply_limit = 2
        movement_cost = 1.80
        local_development_cost = 0.10
        allowed_num_of_buildings = 2
        nation_designer_cost_multiplier = 1.3
        defence = 2
        local_defensiveness = 0.2
        local_build_time = 0.25
		terrain_override = {
			2687
		}
    }
    # Southeast Asia
	urban_bojonegoro = {
		color = { 177 156 217 }
        type = jungle
        sound_type = jungle
        supply_limit = 1
        movement_cost = 2.0
        local_development_cost = 0.20
        allowed_num_of_buildings = 1
        nation_designer_cost_multiplier = 1.25
        defence = 3
        local_build_time = 0.5
        local_build_cost = 0.1
		terrain_override = {
			8717
		}
    }
    # Southeast Asia
	urban_bali = {
		color = { 177 156 217 }
        type = jungle
        sound_type = jungle
        supply_limit = 1
        movement_cost = 2.0
        local_development_cost = 0.20
        allowed_num_of_buildings = 1
        nation_designer_cost_multiplier = 1.25
        defence = 3
        local_build_time = 0.5
        local_build_cost = 0.1
		terrain_override = {
			631
		}
    }
    # Southeast Asia
	urban_jakarta = {
		color = { 177 156 217 }
        type = plains
        sound_type = plains
        supply_limit = 10
        movement_cost = 1.0
        local_development_cost = -0.40
        trade_goods_size = 1
        allowed_num_of_buildings = 4
        nation_designer_cost_multiplier = 1.50
        local_build_time = -0.30
        local_build_cost = -0.25
		terrain_override = {
			626
		}
    }
    # Southeast Asia
	urban_bandung = {
		color = { 177 156 217 }
        type = hills
        sound_type = mountains
        supply_limit = 2
        movement_cost = 1.80
        local_development_cost = 0.10
        allowed_num_of_buildings = 2
        nation_designer_cost_multiplier = 1.3
        defence = 2
        local_defensiveness = 0.2
        local_build_time = 0.25
		terrain_override = {
			8623
		}
    }
    # Southeast Asia
	urban_banten = {
		color = { 177 156 217 }
        type = hills
        sound_type = mountains
        supply_limit = 2
        movement_cost = 1.80
        local_development_cost = 0.10
        allowed_num_of_buildings = 2
        nation_designer_cost_multiplier = 1.3
        defence = 2
        local_defensiveness = 0.2
        local_build_time = 0.25
		terrain_override = {
			624
		}
    }
    # Southeast Asia
	urban_makassar = {
		color = { 177 156 217 }
        type = hills
        sound_type = mountains
        supply_limit = 2
        movement_cost = 1.80
        local_development_cost = 0.10
        allowed_num_of_buildings = 2
        nation_designer_cost_multiplier = 1.3
        defence = 2
        local_defensiveness = 0.2
        local_build_time = 0.25
		terrain_override = {
			641
		}
    }
    # Southeast Asia
	urban_manado = {
		color = { 177 156 217 }
        type = hills
        sound_type = mountains
        supply_limit = 2
        movement_cost = 1.80
        local_development_cost = 0.10
        allowed_num_of_buildings = 2
        nation_designer_cost_multiplier = 1.3
        defence = 2
        local_defensiveness = 0.2
        local_build_time = 0.25
		terrain_override = {
			644
		}
    }
    # Southeast Asia
	urban_cirebon = {
		color = { 177 156 217 }
        type = jungle
        sound_type = jungle
        supply_limit = 1
        movement_cost = 2.0
        local_development_cost = 0.20
        allowed_num_of_buildings = 1
        nation_designer_cost_multiplier = 1.25
        defence = 3
        local_build_time = 0.5
        local_build_cost = 0.1
		terrain_override = {
			2688
		}
    }
    # Southeast Asia
	urban_surabaya = {
		color = { 177 156 217 }
        type = plains
        sound_type = plains
        supply_limit = 10
        movement_cost = 1.0
        local_development_cost = -0.20
        allowed_num_of_buildings = 4
        nation_designer_cost_multiplier = 1.50
        local_build_time = -0.30
        local_build_cost = -0.25
		terrain_override = {
			628
		}
    }
    # Southeast Asia
	urban_pasai = {
		color = { 177 156 217 }
        type = hills
        sound_type = mountains
        supply_limit = 2
        movement_cost = 1.80
        local_development_cost = 0.10
        allowed_num_of_buildings = 2
        nation_designer_cost_multiplier = 1.3
        defence = 2
        local_defensiveness = 0.2
        local_build_time = 0.25
		terrain_override = {
			2673
		}
    }
    # Southeast Asia
	urban_aceh = {
		color = { 177 156 217 }
        type = hills
        sound_type = mountains
        supply_limit = 2
        movement_cost = 1.80
        local_development_cost = 0.10
        allowed_num_of_buildings = 2
        nation_designer_cost_multiplier = 1.3
        defence = 2
        local_defensiveness = 0.2
        local_build_time = 0.25
		terrain_override = {
			617
		}
    }
    # China
	urban_macau = {
		color = { 177 156 217 }
        type = plains
        sound_type = plains
        supply_limit = 10
        movement_cost = 1.0
        local_development_cost = -0.20
        allowed_num_of_buildings = 4
        nation_designer_cost_multiplier = 1.50
        local_build_time = -0.30
        local_build_cost = -0.25
		terrain_override = {
			668
		}
    }
	# China
	urban_guangzhouwan = {
		color = { 177 156 217 }
        type = plains
        sound_type = plains
        supply_limit = 10
        movement_cost = 1.0
        local_development_cost = -0.20
        allowed_num_of_buildings = 4
        nation_designer_cost_multiplier = 1.50
        local_build_time = -0.30
        local_build_cost = -0.25
		terrain_override = {
			5299
		}
    }
    # China
	urban_hong_kong = {
		color = { 177 156 217 }
        type = plains
        sound_type = plains
        supply_limit = 10
        movement_cost = 1.0
        local_development_cost = -0.20
        allowed_num_of_buildings = 4
        nation_designer_cost_multiplier = 1.50
        local_build_time = -0.30
        local_build_cost = -0.25
		terrain_override = {
			3928
		}
    }
    # China
	urban_chongqing = {
		color = { 177 156 217 }
        type = hills
        sound_type = mountains
        supply_limit = 2
        movement_cost = 1.80
        local_development_cost = -0.30
        allowed_num_of_buildings = 2
        nation_designer_cost_multiplier = 1.3
        defence = 2
        local_defensiveness = 0.2
        local_build_time = 0.25
		terrain_override = {
			680
		}
    }
    # China
	urban_chengdu = {
		color = { 177 156 217 }
        type = plains
        sound_type = plains
        supply_limit = 10
        movement_cost = 1.0
        local_development_cost = -0.40
        trade_goods_size = 1
        allowed_num_of_buildings = 4
        nation_designer_cost_multiplier = 1.50
        local_build_time = -0.30
        local_build_cost = -0.25
		terrain_override = {
			679
		}
    }
    # China
	urban_changsha = {
		color = { 177 156 217 }
        type = hills
        sound_type = mountains
        supply_limit = 2
        movement_cost = 1.80
        local_development_cost = 0.10
        allowed_num_of_buildings = 2
        nation_designer_cost_multiplier = 1.3
        defence = 2
        local_defensiveness = 0.2
        local_build_time = 0.25
		terrain_override = {
			671
		}
    }
    # China
	urban_xian = {
		color = { 177 156 217 }
        type = hills
        sound_type = mountains
        supply_limit = 2
        movement_cost = 1.80
        local_development_cost = -0.30
        allowed_num_of_buildings = 2
        nation_designer_cost_multiplier = 1.3
        defence = 2
        local_defensiveness = 0.2
        local_build_time = 0.25
		terrain_override = {
			700
		}
    }
    # China
	urban_hangzhou = {
		color = { 177 156 217 }
        type = hills
        sound_type = mountains
        supply_limit = 2
        movement_cost = 1.80
        local_development_cost = -0.30
        
        allowed_num_of_buildings = 2
        nation_designer_cost_multiplier = 1.3
        defence = 2
        local_defensiveness = 0.2
        local_build_time = 0.25
		terrain_override = {
			684
		}
    }
    # China
	urban_shanghai = {
		color = { 177 156 217 }
        type = plains
        sound_type = plains
        supply_limit = 10
        movement_cost = 1.0
        local_development_cost = -0.40
        trade_goods_size = 1
        allowed_num_of_buildings = 4
        nation_designer_cost_multiplier = 1.50
        local_build_time = -0.30
        local_build_cost = -0.25
		terrain_override = {
			6809
		}
    }
    # China
	urban_tientsin = {
		color = { 177 156 217 }
        type = plains
        sound_type = plains
        supply_limit = 10
        movement_cost = 1.0
        local_development_cost = -0.20
        allowed_num_of_buildings = 4
        nation_designer_cost_multiplier = 1.50
        local_build_time = -0.30
        local_build_cost = -0.25
		terrain_override = {
			695
		}
    }
    # China
	urban_peking = {
		color = { 177 156 217 }
        type = plains
        sound_type = plains
        supply_limit = 10
        movement_cost = 1.0
        local_development_cost = -0.40
        trade_goods_size = 1
        allowed_num_of_buildings = 4
        nation_designer_cost_multiplier = 1.50
        local_build_time = -0.30
        local_build_cost = -0.25
		terrain_override = {
			1816
		}
    }
    # China
	urban_nanjing = {
		color = { 177 156 217 }
        type = plains
        sound_type = plains
        supply_limit = 10
        movement_cost = 1.0
        local_development_cost = -0.40
        trade_goods_size = 1
        allowed_num_of_buildings = 4
        nation_designer_cost_multiplier = 1.50
        local_build_time = -0.30
        local_build_cost = -0.25
		terrain_override = {
			1821
		}
    }
    # China
	urban_jiangmen = {
		color = { 177 156 217 }
        type = hills
        sound_type = mountains
        supply_limit = 2
        movement_cost = 1.80
        local_development_cost = 0.10
        allowed_num_of_buildings = 2
        nation_designer_cost_multiplier = 1.3
        defence = 2
        local_defensiveness = 0.2
        local_build_time = 0.25
		terrain_override = {
			665
		}
    }
    # China
	urban_kaifeng = {
		color = { 177 156 217 }
        type = plains
        sound_type = plains
        supply_limit = 10
        movement_cost = 1.0
        local_development_cost = -0.30
        allowed_num_of_buildings = 4
        nation_designer_cost_multiplier = 1.50
        local_build_time = -0.30
        local_build_cost = -0.25
		terrain_override = {
			688
		}
    }
    # China
	urban_canton = {
		color = { 177 156 217 }
        type = plains
        sound_type = plains
        supply_limit = 10
        movement_cost = 1.0
        local_development_cost = -0.40
        trade_goods_size = 1
        allowed_num_of_buildings = 4
        nation_designer_cost_multiplier = 1.50
        local_build_time = -0.30
        local_build_cost = -0.25
		terrain_override = {
			667
		}
    }
    # China
	urban_wenzhou = {
		color = { 177 156 217 }
        type = hills
        sound_type = mountains
        supply_limit = 2
        movement_cost = 1.80
        local_development_cost = 0.10
        allowed_num_of_buildings = 2
        nation_designer_cost_multiplier = 1.3
        defence = 2
        local_defensiveness = 0.2
        local_build_time = 0.25
		terrain_override = {
			1824
		}
    }
    # China
	urban_ningbo = {
		color = { 177 156 217 }
        type = hills
        sound_type = mountains
        supply_limit = 2
        movement_cost = 1.80
        local_development_cost = 0.10
        allowed_num_of_buildings = 2
        nation_designer_cost_multiplier = 1.3
        defence = 2
        local_defensiveness = 0.2
        local_build_time = 0.25
		terrain_override = {
			2149
		}
    }
    # China
	urban_fuzhou = {
		color = { 177 156 217 }
        type = hills
        sound_type = mountains
        supply_limit = 2
        movement_cost = 1.80
        local_development_cost = 0.10
        allowed_num_of_buildings = 2
        nation_designer_cost_multiplier = 1.3
        defence = 2
        local_defensiveness = 0.2
        local_build_time = 0.25
		terrain_override = {
			669
		}
    }
    # China
	urban_wuchang = {
		color = { 177 156 217 }
        type = hills
        sound_type = mountains
        supply_limit = 2
        movement_cost = 1.80
        local_development_cost = 0.10
        allowed_num_of_buildings = 2
        nation_designer_cost_multiplier = 1.3
        defence = 2
        local_defensiveness = 0.2
        local_build_time = 0.25
		terrain_override = {
			682
		}
    }
    # China
	urban_mukden = {
		color = { 177 156 217 }
        type = plains
        sound_type = plains
        supply_limit = 10
        movement_cost = 1.0
        local_development_cost = -0.20
        allowed_num_of_buildings = 4
        nation_designer_cost_multiplier = 1.50
        local_build_time = -0.30
        local_build_cost = -0.25
		terrain_override = {
			726
		}
    }
    # China
	urban_datong = {
		color = { 177 156 217 }
        type = mountains
        sound_type = mountains
        supply_limit = 1
        movement_cost = 2.5
        local_development_cost = 0.30
        allowed_num_of_buildings = 1
        nation_designer_cost_multiplier = 1.00
        defence = 4
        local_defensiveness = 0.50
        local_build_time = 0.5
        local_build_cost = 0.25
		terrain_override = {
			697
		}
    }
    # China
	urban_ningxia = {
		color = { 177 156 217 }
        type = hills
        sound_type = mountains
        supply_limit = 2
        movement_cost = 1.80
        local_development_cost = 0.10
        allowed_num_of_buildings = 2
        nation_designer_cost_multiplier = 1.3
        defence = 2
        local_defensiveness = 0.2
        local_build_time = 0.25
		terrain_override = {
			698
		}
    }
    # China
	urban_zhangye = {
		color = { 177 156 217 }
        type = hills
        sound_type = mountains
        supply_limit = 1
        movement_cost = 1.70
        local_development_cost = 0.15
        allowed_num_of_buildings = 2
        nation_designer_cost_multiplier = 1.25
        defence = 2
        local_defensiveness = 0.2
        local_build_time = 0.25
        local_build_cost = 0.1
		terrain_override = {
			708
		}
    }
    # China
	urban_luoyang = {
		color = { 177 156 217 }
        type = hills
        sound_type = mountains
        supply_limit = 2
        movement_cost = 1.80
        local_development_cost = 0.10
        allowed_num_of_buildings = 2
        nation_designer_cost_multiplier = 1.3
        defence = 2
        local_defensiveness = 0.2
        local_build_time = 0.25
		terrain_override = {
			1836
		}
    }
    # Mongolia
	urban_xanadu = {
		color = { 177 156 217 }
        type = plains
        sound_type = plains
        supply_limit = 10
        movement_cost = 1.0
        local_development_cost = -0.20
        allowed_num_of_buildings = 4
        nation_designer_cost_multiplier = 1.50
        local_build_time = -0.30
        local_build_cost = -0.25
		terrain_override = {
			2114
		}
    }
    # Mongolia
	urban_steppes = {
		color = { 177 156 217 }
        type = plains
        sound_type = plains
        supply_limit = 10
        movement_cost = 1.0
        local_development_cost = -0.20
        allowed_num_of_buildings = 4
        nation_designer_cost_multiplier = 1.50
        local_build_time = -0.30
        local_build_cost = -0.25
		terrain_override = {
			4678
		}
    }
    # Korea
	urban_pyong_yang = {
		color = { 177 156 217 }
        type = plains
        sound_type = plains
        supply_limit = 10
        movement_cost = 1.0
        local_development_cost = -0.30
        allowed_num_of_buildings = 4
        nation_designer_cost_multiplier = 1.50
        local_build_time = -0.30
        local_build_cost = -0.25
		terrain_override = {
			1845
		}
    }
    # Korea
	urban_seoul = {
		color = { 177 156 217 }
        type = plains
        sound_type = plains
        supply_limit = 10
        movement_cost = 1.0
        local_development_cost = -0.40
        trade_goods_size = 1
        allowed_num_of_buildings = 4
        nation_designer_cost_multiplier = 1.50
        local_build_time = -0.30
        local_build_cost = -0.25
		terrain_override = {
			735
		}
    }
    # Korea
	urban_gyeongju = {
		color = { 177 156 217 }
        type = hills
        sound_type = mountains
        supply_limit = 2
        movement_cost = 1.80
        local_development_cost = -0.30
        allowed_num_of_buildings = 2
        nation_designer_cost_multiplier = 1.3
        defence = 2
        local_defensiveness = 0.2
        local_build_time = 0.25
		terrain_override = {
			2745
		}
    }
    # Korea
	urban_jeju = {
		color = { 177 156 217 }
        sound_type = sea
        supply_limit = 6
        movement_cost = 1.10
        local_development_cost = -0.10
        allowed_num_of_buildings = 2
        nation_designer_cost_multiplier = 1.4
        defence = 2
        local_build_time = 0.15
        local_build_cost = 0.10
		terrain_override = {
			2741
		}
    }
    # Japan
	urban_edo = {
		color = { 177 156 217 }
        type = plains
        sound_type = plains
        supply_limit = 10
        movement_cost = 1.0
        local_development_cost = -0.40
        trade_goods_size = 1
        allowed_num_of_buildings = 4
        nation_designer_cost_multiplier = 1.50
        local_build_time = -0.30
        local_build_cost = -0.25
		terrain_override = {
			1028
		}
    }
    # Japan
	urban_osaka = {
		color = { 177 156 217 }
        type = plains
        sound_type = plains
        supply_limit = 10
        movement_cost = 1.0
        local_development_cost = -0.40
        trade_goods_size = 1
        allowed_num_of_buildings = 4
        nation_designer_cost_multiplier = 1.50
        local_build_time = -0.30
        local_build_cost = -0.25
		terrain_override = {
			1021
		}
    }
    # Japan
	urban_hiroshima = {
		color = { 177 156 217 }
        type = hills
        sound_type = mountains
        supply_limit = 2
        movement_cost = 1.80
        local_development_cost = 0.10
        allowed_num_of_buildings = 2
        nation_designer_cost_multiplier = 1.3
        defence = 2
        local_defensiveness = 0.2
        local_build_time = 0.25
		terrain_override = {
			1825
		}
    }
    # Japan
	urban_fukuoka = {
		color = { 177 156 217 }
        type = plains
        sound_type = plains
        supply_limit = 10
        movement_cost = 1.0
        local_development_cost = -0.40
        trade_goods_size = 1
        allowed_num_of_buildings = 4
        nation_designer_cost_multiplier = 1.50
        local_build_time = -0.30
        local_build_cost = -0.25
		terrain_override = {
			1818
		}
    }
    # Japan
	urban_sendai = {
		color = { 177 156 217 }
        type = hills
        sound_type = mountains
        supply_limit = 2
        movement_cost = 1.80
        local_development_cost = -0.30
        allowed_num_of_buildings = 2
        nation_designer_cost_multiplier = 1.3
        defence = 2
        local_defensiveness = 0.2
        local_build_time = 0.25
		terrain_override = {
			1026
		}
    }
    # Japan
	urban_sapporo = {
		color = { 177 156 217 }
        type = hills
        sound_type = mountains
        supply_limit = 2
        movement_cost = 1.80
        local_development_cost = 0.10
        allowed_num_of_buildings = 2
        nation_designer_cost_multiplier = 1.3
        defence = 2
        local_defensiveness = 0.2
        local_build_time = 0.25
		terrain_override = {
			1847
		}
    }
    # Japan
	urban_nagasaki = {
		color = { 177 156 217 }
        type = hills
        sound_type = mountains
        supply_limit = 2
        movement_cost = 1.80
        local_development_cost = 0.10
        allowed_num_of_buildings = 2
        nation_designer_cost_multiplier = 1.3
        defence = 2
        local_defensiveness = 0.2
        local_build_time = 0.25
		terrain_override = {
			6462
		}
    }
    # Japan
	urban_himeji = {
		color = { 177 156 217 }
        type = hills
        sound_type = mountains
        supply_limit = 2
        movement_cost = 1.80
        local_development_cost = 0.10
        allowed_num_of_buildings = 2
        nation_designer_cost_multiplier = 1.3
        defence = 2
        local_defensiveness = 0.2
        local_build_time = 0.25
		terrain_override = {
			1019
		}
    }
	# Japan
	urban_kyoto = {
		color = { 177 156 217 }
        type = plains
        sound_type = plains
        supply_limit = 10
        movement_cost = 1.0
        local_development_cost = -0.30
        defence = 2
        local_defensiveness = 0.30
        allowed_num_of_buildings = 4
        nation_designer_cost_multiplier = 1.50
        local_build_time = -0.30
        local_build_cost = -0.25
		terrain_override = {
			1020
		}
    }
    # Japan
    urban_mutsu = {
        color = { 177 156 217 }
        type = plains
        sound_type = plains
        supply_limit = 10
        movement_cost = 1.0
        local_development_cost = -0.30
        defence = 2
        local_defensiveness = 0.30
        allowed_num_of_buildings = 4
        nation_designer_cost_multiplier = 1.50
        local_build_time = -0.30
        local_build_cost = -0.25
        terrain_override = {
            4131
        }
    }
    # Formosa
	urban_taipei = {
		color = { 177 156 217 }
        type = hills
        sound_type = mountains
        supply_limit = 2
        movement_cost = 1.80
        local_development_cost = 0.10
        allowed_num_of_buildings = 2
        nation_designer_cost_multiplier = 1.3
        defence = 2
        local_defensiveness = 0.2
        local_build_time = 0.25
		terrain_override = {
			2154
		}
    }
    # Formosa
	urban_kaohsiung = {
		color = { 177 156 217 }
        type = plains
        sound_type = plains
        supply_limit = 10
        movement_cost = 1.0
        local_development_cost = -0.30
        allowed_num_of_buildings = 4
        nation_designer_cost_multiplier = 1.50
        local_build_time = -0.30
        local_build_cost = -0.25
		terrain_override = {
			738
		}
    }
    # Oceania
	urban_port_moresby = {
		color = { 177 156 217 }
        type = jungle
        sound_type = jungle
        supply_limit = 1
        movement_cost = 2.0
        local_development_cost = 0.20
        allowed_num_of_buildings = 1
        nation_designer_cost_multiplier = 1.25
        defence = 3
        local_build_time = 0.5
        local_build_cost = 0.1
		terrain_override = {
			1237
		}
    }
    # Pacific Islands
	urban_suva = {
		color = { 177 156 217 }
        sound_type = sea
        supply_limit = 6
        movement_cost = 1.10
        local_development_cost = -0.10
        allowed_num_of_buildings = 2
        nation_designer_cost_multiplier = 1.4
        defence = 2
        local_build_time = 0.15
        local_build_cost = 0.10
		terrain_override = {
			1242
		}
    }
    # Pacific Islands
	urban_oahu = {
		color = { 177 156 217 }
        type = hills
        sound_type = mountains
        supply_limit = 2
        movement_cost = 1.80
        local_development_cost = -0.30
        allowed_num_of_buildings = 2
        nation_designer_cost_multiplier = 1.3
        defence = 2
        local_defensiveness = 0.2
        local_build_time = 0.25
		terrain_override = {
			4935
		}
    }
    # Pacific Islands
	urban_hagatna = {
		color = { 177 156 217 }
        sound_type = sea
        supply_limit = 6
        movement_cost = 1.10
        local_development_cost = -0.10
        allowed_num_of_buildings = 2
        nation_designer_cost_multiplier = 1.4
        defence = 2
        local_build_time = 0.15
        local_build_cost = 0.10
		terrain_override = {
			1235
		}
    }
    # Pacific Islands
	urban_saipan = {
		color = { 177 156 217 }
        sound_type = sea
        supply_limit = 6
        movement_cost = 1.10
        local_development_cost = -0.10
        allowed_num_of_buildings = 2
        nation_designer_cost_multiplier = 1.4
        defence = 2
        local_build_time = 0.15
        local_build_cost = 0.10
		terrain_override = {
			6971
		}
    }
	# Africa
	urban_maseru = {
		color = { 177 156 217 }
        type = mountains
        sound_type = mountains
        supply_limit = 1
        movement_cost = 2.5
        local_development_cost = 0.30
        allowed_num_of_buildings = 1
        nation_designer_cost_multiplier = 1.00
        defence = 4
        local_defensiveness = 0.50
        local_build_time = 0.5
        local_build_cost = 0.25
		terrain_override = {
			5366
		}
    }
	# Africa
	urban_windhoek = {
		color = { 177 156 217 }
        type = plains
        sound_type = plains
        supply_limit = 10
        movement_cost = 1.0
        local_development_cost = -0.20
        allowed_num_of_buildings = 4
        nation_designer_cost_multiplier = 1.50
        local_build_time = -0.30
        local_build_cost = -0.25
		terrain_override = {
			5393
		}
    }
	# Africa
	urban_mbuji_mayi = {
		color = { 177 156 217 }
        type = jungle
        sound_type = jungle
        supply_limit = 1
        movement_cost = 2.0
        local_development_cost = 0.20
        allowed_num_of_buildings = 1
        nation_designer_cost_multiplier = 1.25
        defence = 3
        local_build_time = 0.5
        local_build_cost = 0.1
		terrain_override = {
			4088
		}
    }
	# Africa
	urban_kalemie = {
		color = { 177 156 217 }
        type = hills
        sound_type = mountains
        supply_limit = 2
        movement_cost = 1.80
        local_development_cost = 0.10
        allowed_num_of_buildings = 2
        nation_designer_cost_multiplier = 1.3
        defence = 2
        local_defensiveness = 0.2
        local_build_time = 0.25
		terrain_override = {
			4099
		}
    }
	# Africa
	urban_likasi = {
		color = { 177 156 217 }
        type = hills
        sound_type = mountains
        supply_limit = 2
        movement_cost = 1.80
        local_development_cost = 0.10
        allowed_num_of_buildings = 2
        nation_designer_cost_multiplier = 1.3
        defence = 2
        local_defensiveness = 0.2
        local_build_time = 0.25
		terrain_override = {
			4101
		}
    }
	# Africa
	urban_lubumbashi = {
		color = { 177 156 217 }
        type = plains
        sound_type = plains
        supply_limit = 10
        movement_cost = 1.0
        local_development_cost = -0.20
        allowed_num_of_buildings = 4
        nation_designer_cost_multiplier = 1.50
        local_build_time = -0.30
        local_build_cost = -0.25
		terrain_override = {
			4104
		}
    }
	# Africa
	urban_bulawayo = {
		color = { 177 156 217 }
        type = plains
        sound_type = plains
        supply_limit = 10
        movement_cost = 1.0
        local_development_cost = -0.20
        allowed_num_of_buildings = 4
        nation_designer_cost_multiplier = 1.50
        local_build_time = -0.30
        local_build_cost = -0.25
		terrain_override = {
			1185
		}
    }
	# Africa
	urban_maputo = {
		color = { 177 156 217 }
        type = plains
        sound_type = plains
        supply_limit = 10
        movement_cost = 1.0
        local_development_cost = -0.20
        allowed_num_of_buildings = 4
        nation_designer_cost_multiplier = 1.50
        local_build_time = -0.30
        local_build_cost = -0.25
		terrain_override = {
			1182
		}
    }
	# Africa
	urban_mozambique = {
		color = { 177 156 217 }
        type = plains
        sound_type = plains
        supply_limit = 10
        movement_cost = 1.0
        local_development_cost = -0.20
        allowed_num_of_buildings = 4
        nation_designer_cost_multiplier = 1.50
        local_build_time = -0.30
        local_build_cost = -0.25
		terrain_override = {
			1195
		}
    }
	# Africa
	urban_mbeya = {
		color = { 177 156 217 }
        type = hills
        sound_type = mountains
        supply_limit = 2
        movement_cost = 1.80
        local_development_cost = 0.10
        allowed_num_of_buildings = 2
        nation_designer_cost_multiplier = 1.3
        defence = 2
        local_defensiveness = 0.2
        local_build_time = 0.25
		terrain_override = {
			4073
		}
    }
	# Africa
	urban_mwanza = {
		color = { 177 156 217 }
        type = plains
        sound_type = plains
        supply_limit = 10
        movement_cost = 1.0
        local_development_cost = -0.20
        allowed_num_of_buildings = 4
        nation_designer_cost_multiplier = 1.50
        local_build_time = -0.30
        local_build_cost = -0.25
		terrain_override = {
			4061
		}
    }
	# Africa
	urban_bosaso = {
		color = { 177 156 217 }
        type = hills
        sound_type = mountains
        supply_limit = 2
        movement_cost = 1.80
        local_development_cost = 0.10
        allowed_num_of_buildings = 2
        nation_designer_cost_multiplier = 1.3
        defence = 2
        local_defensiveness = 0.2
        local_build_time = 0.25
		terrain_override = {
			2786
		}
    }
	# Africa
	urban_gondar = {
		color = { 177 156 217 }
        type = hills
        sound_type = mountains
        supply_limit = 2
        movement_cost = 1.80
        local_development_cost = 0.10
        allowed_num_of_buildings = 2
        nation_designer_cost_multiplier = 1.3
        defence = 2
        local_defensiveness = 0.2
        local_build_time = 0.25
		terrain_override = {
			1224
		}
    }
	# Africa
	urban_aksum = {
		color = { 177 156 217 }
        type = hills
        sound_type = mountains
        supply_limit = 2
        movement_cost = 1.80
        local_development_cost = 0.10
        allowed_num_of_buildings = 2
        nation_designer_cost_multiplier = 1.3
        defence = 2
        local_defensiveness = 0.2
        local_build_time = 0.25
		terrain_override = {
			1227
		}
    }
	# Africa
	urban_awassa = {
		color = { 177 156 217 }
        type = hills
        sound_type = mountains
        supply_limit = 2
        movement_cost = 1.80
        local_development_cost = 0.10
        allowed_num_of_buildings = 2
        nation_designer_cost_multiplier = 1.3
        defence = 2
        local_defensiveness = 0.2
        local_build_time = 0.25
		terrain_override = {
			2760
		}
    }
	# Africa
	urban_port_gentil = {
		color = { 177 156 217 }
        type = jungle
        sound_type = jungle
        supply_limit = 1
        movement_cost = 2.0
        local_development_cost = 0.20
        allowed_num_of_buildings = 1
        nation_designer_cost_multiplier = 1.25
        defence = 3
        local_build_time = 0.5
        local_build_cost = 0.1
		terrain_override = {
			4078
		}
    }
	# Africa
	urban_douala = {
		color = { 177 156 217 }
        type = jungle
        sound_type = jungle
        supply_limit = 1
        movement_cost = 2.0
        local_development_cost = 0.20
        allowed_num_of_buildings = 1
        nation_designer_cost_multiplier = 1.25
        defence = 3
        local_build_time = 0.5
        local_build_cost = 0.1
		terrain_override = {
			1164
		}
    }
	# Africa
	urban_ibadan = {
		color = { 177 156 217 }
        type = jungle
        sound_type = jungle
        supply_limit = 1
        movement_cost = 2.0
        local_development_cost = 0.20
        allowed_num_of_buildings = 1
        nation_designer_cost_multiplier = 1.25
        defence = 3
        local_build_time = 0.5
        local_build_cost = 0.1
		terrain_override = {
			1146
		}
    }
	# Africa
	urban_gao = {
		color = { 177 156 217 }
        type = desert
        sound_type = desert
        supply_limit = 0
        movement_cost = 1.40
        local_development_cost = 0.50
        allowed_num_of_buildings = 0
        nation_designer_cost_multiplier = 1.00
        defence = 2
        attrition = 3
        local_build_time = 0.50
        local_build_cost = 0.25
		terrain_override = {
			1133
		}
    }
	# Africa
	urban_bobo_dioulasso = {
		color = { 177 156 217 }
        type = plains
        sound_type = plains
        supply_limit = 10
        movement_cost = 1.0
        local_development_cost = -0.20
        allowed_num_of_buildings = 4
        nation_designer_cost_multiplier = 1.50
        local_build_time = -0.30
        local_build_cost = -0.25
		terrain_override = {
			1137
		}
    }
	# Africa
	urban_ziguinchor = {
		color = { 177 156 217 }
        type = plains
        sound_type = plains
        supply_limit = 10
        movement_cost = 1.0
        local_development_cost = -0.20
        allowed_num_of_buildings = 4
        nation_designer_cost_multiplier = 1.50
        local_build_time = -0.30
        local_build_cost = -0.25
		terrain_override = {
			2238
		}
    }
	# Africa
	urban_laayoune = {
		color = { 177 156 217 }
        type = desert
        sound_type = desert
        supply_limit = 0
        movement_cost = 1.20
        local_development_cost = 0.30
        allowed_num_of_buildings = 0
        nation_designer_cost_multiplier = 1.25
        defence = 2
        attrition = 2
        local_build_time = 0.50
        local_build_cost = 0.25
		terrain_override = {
			6964
		}
    }
	# Africa
	urban_agadir = {
		color = { 177 156 217 }
        type = plains
        sound_type = plains
        supply_limit = 10
        movement_cost = 1.0
        local_development_cost = -0.20
        allowed_num_of_buildings = 4
        nation_designer_cost_multiplier = 1.50
        local_build_time = -0.30
        local_build_cost = -0.25
		terrain_override = {
			1110
		}
    }
	# Africa
	urban_sfax = {
		color = { 177 156 217 }
        type = plains
        sound_type = plains
        supply_limit = 10
        movement_cost = 1.0
        local_development_cost = -0.20
        allowed_num_of_buildings = 4
        nation_designer_cost_multiplier = 1.50
        local_build_time = -0.30
        local_build_cost = -0.25
		terrain_override = {
			2453
		}
    }
	# Africa
	urban_sousse = {
		color = { 177 156 217 }
        type = plains
        sound_type = plains
        supply_limit = 10
        movement_cost = 1.0
        local_development_cost = -0.20
        allowed_num_of_buildings = 4
        nation_designer_cost_multiplier = 1.50
        local_build_time = -0.30
        local_build_cost = -0.25
		terrain_override = {
			2473
		}
    }
	# Africa
	urban_suez = {
		color = { 177 156 217 }
        type = desert
        sound_type = desert
        supply_limit = 0
        movement_cost = 1.20
        local_development_cost = 0.30
        allowed_num_of_buildings = 0
        nation_designer_cost_multiplier = 1.25
        defence = 2
        attrition = 2
        local_build_time = 0.50
        local_build_cost = 0.25
		terrain_override = {
			2315
		}
    }
	# Africa
	urban_beni_suef = {
		color = { 177 156 217 }
        type = plains
        sound_type = plains
        supply_limit = 10
        movement_cost = 1.0
        local_development_cost = -0.20
        allowed_num_of_buildings = 4
        nation_designer_cost_multiplier = 1.50
        local_build_time = -0.30
        local_build_cost = -0.25
		terrain_override = {
			5267
		}
    }
	# Africa
	urban_sohag = {
		color = { 177 156 217 }
        type = plains
        sound_type = plains
        supply_limit = 10
        movement_cost = 1.0
        local_development_cost = -0.20
        allowed_num_of_buildings = 4
        nation_designer_cost_multiplier = 1.50
        local_build_time = -0.30
        local_build_cost = -0.25
		terrain_override = {
			4320
		}
    }
	# Africa
	urban_qena = {
		color = { 177 156 217 }
        type = plains
        sound_type = plains
        supply_limit = 10
        movement_cost = 1.0
        local_development_cost = -0.20
        allowed_num_of_buildings = 4
        nation_designer_cost_multiplier = 1.50
        local_build_time = -0.30
        local_build_cost = -0.25
		terrain_override = {
			360
		}
    }
	# Africa
	urban_al_goled = {
		color = { 177 156 217 }
        type = plains
        sound_type = plains
        supply_limit = 10
        movement_cost = 1.0
        local_development_cost = -0.20
        allowed_num_of_buildings = 4
        nation_designer_cost_multiplier = 1.50
        local_build_time = -0.30
        local_build_cost = -0.25
		terrain_override = {
			1228
		}
    }
	# Africa
	urban_port_sudan = {
		color = { 177 156 217 }
        type = desert
        sound_type = desert
        supply_limit = 0
        movement_cost = 1.20
        local_development_cost = 0.30
        allowed_num_of_buildings = 0
        nation_designer_cost_multiplier = 1.25
        defence = 2
        attrition = 2
        local_build_time = 0.50
        local_build_cost = 0.25
		terrain_override = {
			1232
		}
    }
	# Arabia
	urban_amman = {
		color = { 177 156 217 }
        type = hills
        sound_type = mountains
        supply_limit = 1
        movement_cost = 1.70
        local_development_cost = -0.30
        
        allowed_num_of_buildings = 2
        nation_designer_cost_multiplier = 1.25
        defence = 2
        local_defensiveness = 0.2
        local_build_time = 0.25
        local_build_cost = 0.1
		terrain_override = {
			381
		}
    }
	# Arabia
	urban_tabuk = {
		color = { 177 156 217 }
        type = mountains
        sound_type = mountains
        supply_limit = 1
        movement_cost = 2.5
        local_development_cost = 0.30
        allowed_num_of_buildings = 1
        nation_designer_cost_multiplier = 1.00
        defence = 4
        local_defensiveness = 0.50
        local_build_time = 0.5
        local_build_cost = 0.25
		terrain_override = {
			383
		}
    }
	# Arabia
	urban_yanbu = {
		color = { 177 156 217 }
        type = hills
        sound_type = mountains
        supply_limit = 1
        movement_cost = 1.70
        local_development_cost = 0.15
        allowed_num_of_buildings = 2
        nation_designer_cost_multiplier = 1.25
        defence = 2
        local_defensiveness = 0.2
        local_build_time = 0.25
        local_build_cost = 0.1
		terrain_override = {
			2329
		}
    }
	# Arabia
	urban_jeddah = {
		color = { 177 156 217 }
        type = desert
        sound_type = desert
        supply_limit = 0
        movement_cost = 1.20
        local_development_cost = 0.30
        allowed_num_of_buildings = 0
        nation_designer_cost_multiplier = 1.25
        defence = 2
        attrition = 2
        local_build_time = 0.50
        local_build_cost = 0.25
		terrain_override = {
			2331
		}
    }
	# Arabia
	urban_tarim = {
		color = { 177 156 217 }
        type = hills
        sound_type = mountains
        supply_limit = 1
        movement_cost = 1.70
        local_development_cost = 0.15
        allowed_num_of_buildings = 2
        nation_designer_cost_multiplier = 1.25
        defence = 2
        local_defensiveness = 0.2
        local_build_time = 0.25
        local_build_cost = 0.1
		terrain_override = {
			2344
		}
    }
	# Arabia
	urban_taizz = {
		color = { 177 156 217 }
        type = hills
        sound_type = mountains
        supply_limit = 1
        movement_cost = 1.70
        local_development_cost = 0.15
        allowed_num_of_buildings = 2
        nation_designer_cost_multiplier = 1.25
        defence = 2
        local_defensiveness = 0.2
        local_build_time = 0.25
        local_build_cost = 0.1
		terrain_override = {
			4280
		}
    }
	# Arabia
	urban_al_hudaydah = {
		color = { 177 156 217 }
        type = hills
        sound_type = mountains
        supply_limit = 1
        movement_cost = 1.70
        local_development_cost = 0.15
        allowed_num_of_buildings = 2
        nation_designer_cost_multiplier = 1.25
        defence = 2
        local_defensiveness = 0.2
        local_build_time = 0.25
        local_build_cost = 0.1
		terrain_override = {
			4279
		}
    }
	# Arabia
	urban_al_mukalla = {
		color = { 177 156 217 }
        type = hills
        sound_type = mountains
        supply_limit = 1
        movement_cost = 1.70
        local_development_cost = 0.15
        allowed_num_of_buildings = 2
        nation_designer_cost_multiplier = 1.25
        defence = 2
        local_defensiveness = 0.2
        local_build_time = 0.25
        local_build_cost = 0.1
		terrain_override = {
			389
		}
    }
	# Arabia
	urban_salalah = {
		color = { 177 156 217 }
        type = hills
        sound_type = mountains
        supply_limit = 1
        movement_cost = 1.70
        local_development_cost = 0.15
        allowed_num_of_buildings = 2
        nation_designer_cost_multiplier = 1.25
        defence = 2
        local_defensiveness = 0.2
        local_build_time = 0.25
        local_build_cost = 0.1
		terrain_override = {
			401
		}
    }
	# Arabia
	urban_al_ain = {
		color = { 177 156 217 }
        type = desert
        sound_type = desert
        supply_limit = 0
        movement_cost = 1.40
        local_development_cost = 0.30
        allowed_num_of_buildings = 0
        nation_designer_cost_multiplier = 1.00
        defence = 2
        attrition = 3
        local_build_time = 0.50
        local_build_cost = 0.25
		terrain_override = {
			4285
		}
    }
	# Arabia
	urban_al_hofuf = {
		color = { 177 156 217 }
        type = desert
        sound_type = desert
        supply_limit = 0
        movement_cost = 1.40
        local_development_cost = 0.50
        allowed_num_of_buildings = 0
        nation_designer_cost_multiplier = 1.00
        defence = 2
        attrition = 3
        local_build_time = 0.50
        local_build_cost = 0.25
		terrain_override = {
			2347
		}
    }
	# Arabia
	urban_buraydah = {
		color = { 177 156 217 }
        type = desert
        sound_type = desert
        supply_limit = 0
        movement_cost = 1.40
        local_development_cost = 0.50
        allowed_num_of_buildings = 0
        nation_designer_cost_multiplier = 1.00
        defence = 2
        attrition = 3
        local_build_time = 0.50
        local_build_cost = 0.25
		terrain_override = {
			2337
		}
    }
	# Arabia
	urban_dammam = {
		color = { 177 156 217 }
        type = desert
        sound_type = desert
        supply_limit = 0
        movement_cost = 1.20
        local_development_cost = 0.30
        allowed_num_of_buildings = 0
        nation_designer_cost_multiplier = 1.25
        defence = 2
        attrition = 2
        local_build_time = 0.50
        local_build_cost = 0.25
		terrain_override = {
			394
		}
    }
	# Ottomans
	urban_kuwait_city = {
		color = { 177 156 217 }
        type = desert
        sound_type = desert
        supply_limit = 0
        movement_cost = 1.20
        local_development_cost = -0.30
        allowed_num_of_buildings = 0
        nation_designer_cost_multiplier = 1.25
        defence = 2
        attrition = 2
        local_build_time = 0.50
        local_build_cost = 0.25
		terrain_override = {
			2340
		}
    }
	# Ottomans
	urban_erbil = {
		color = { 177 156 217 }
        type = plains
        sound_type = plains
        supply_limit = 10
        movement_cost = 1.0
        local_development_cost = -0.20
        allowed_num_of_buildings = 4
        nation_designer_cost_multiplier = 1.50
        local_build_time = -0.30
        local_build_cost = -0.25
		terrain_override = {
			4293
		}
    }
	# Ottomans
	urban_tripoli_lebn = {
		color = { 177 156 217 }
        type = hills
        sound_type = mountains
        supply_limit = 2
        movement_cost = 1.80
        local_development_cost = 0.10
        allowed_num_of_buildings = 2
        nation_designer_cost_multiplier = 1.3
        defence = 2
        local_defensiveness = 0.2
        local_build_time = 0.25
		terrain_override = {
			378
		}
    }
	# Ottomans
	urban_gaziantep = {
		color = { 177 156 217 }
        type = hills
        sound_type = mountains
        supply_limit = 2
        movement_cost = 1.80
        local_development_cost = 0.10
        allowed_num_of_buildings = 2
        nation_designer_cost_multiplier = 1.3
        defence = 2
        local_defensiveness = 0.2
        local_build_time = 0.25
		terrain_override = {
			4298
		}
    }
	# Ottomans
	urban_mersin = {
		color = { 177 156 217 }
        type = plains
        sound_type = plains
        supply_limit = 10
        movement_cost = 1.0
        local_development_cost = -0.10
        allowed_num_of_buildings = 1
        nation_designer_cost_multiplier = 1.50
        local_build_cost = -0.10
		terrain_override = {
			5135
		}
    }
	# Ottomans
	urban_konya = {
		color = { 177 156 217 }
        type = hills
        sound_type = mountains
        supply_limit = 1
        movement_cost = 1.70
        local_development_cost = 0.15
        allowed_num_of_buildings = 2
        nation_designer_cost_multiplier = 1.25
        defence = 2
        local_defensiveness = 0.2
        local_build_time = 0.25
        local_build_cost = 0.1
		terrain_override = {
			323
		}
    }
	# Ottomans
	urban_kayseri = {
		color = { 177 156 217 }
        type = hills
        sound_type = mountains
        supply_limit = 1
        movement_cost = 1.70
        local_development_cost = -0.10
        allowed_num_of_buildings = 2
        nation_designer_cost_multiplier = 1.25
        defence = 2
        local_defensiveness = 0.2
        local_build_time = 0.10
        local_build_cost = 0.1
		terrain_override = {
			2301
		}
    }
	# Ottomans
	urban_eskisehir = {
		color = { 177 156 217 }
        type = hills
        sound_type = mountains
        supply_limit = 2
        movement_cost = 1.80
        local_development_cost = -0.10
        allowed_num_of_buildings = 1
        nation_designer_cost_multiplier = 1.3
        defence = 1
        local_defensiveness = 0.1
        local_build_time = 0.25
		terrain_override = {
			322
		}
    }
	# Persia
	urban_sari = {
		color = { 177 156 217 }
        type = plains
        sound_type = plains
        supply_limit = 10
        movement_cost = 1.0
        local_development_cost = -0.30
        
        allowed_num_of_buildings = 4
        nation_designer_cost_multiplier = 1.50
        local_build_time = -0.30
        local_build_cost = -0.25
		terrain_override = {
			4341
		}
    }
	# Persia
	urban_urmia = {
		color = { 177 156 217 }
        type = hills
        sound_type = mountains
        supply_limit = 1
        movement_cost = 1.70
        local_development_cost = 0.15
        allowed_num_of_buildings = 2
        nation_designer_cost_multiplier = 1.25
        defence = 2
        local_defensiveness = 0.2
        local_build_time = 0.25
        local_build_cost = 0.1
		terrain_override = {
			2206
		}
    }
		# Persia
	urban_ahaz = {
		color = { 177 156 217 }
        type = plains
        sound_type = plains
        supply_limit = 10
        movement_cost = 1.0
        local_development_cost = -0.20
        allowed_num_of_buildings = 4
        nation_designer_cost_multiplier = 1.50
        local_build_time = -0.30
        local_build_cost = -0.25
		terrain_override = {
			412
		}
    }
	# Persia
	urban_bandar_abbas = {
		color = { 177 156 217 }
        type = mountains
        sound_type = mountains
        supply_limit = 1
        movement_cost = 2.5
        local_development_cost = 0.30
        allowed_num_of_buildings = 1
        nation_designer_cost_multiplier = 1.00
        defence = 4
        local_defensiveness = 0.50
        local_build_time = 0.5
        local_build_cost = 0.25
		terrain_override = {
			431
		}
    }
	# Persia
	urban_mashhad = {
		color = { 177 156 217 }
        type = hills
        sound_type = mountains
        supply_limit = 1
        movement_cost = 1.70
        local_development_cost = 0.15
        allowed_num_of_buildings = 2
        nation_designer_cost_multiplier = 1.25
        defence = 2
        local_defensiveness = 0.2
        local_build_time = 0.25
        local_build_cost = 0.1
		terrain_override = {
			2221
		}
    }
	# Tajikistan
	urban_dushanbe = {
		color = { 177 156 217 }
        type = hills
        sound_type = mountains
        supply_limit = 2
        movement_cost = 1.80
        local_development_cost = 0.10
        allowed_num_of_buildings = 2
        nation_designer_cost_multiplier = 1.3
        defence = 2
        local_defensiveness = 0.2
        local_build_time = 0.25
		terrain_override = {
			1968
		}
    }
		# Kyrgyzstan
	urban_bishkek = {
		color = { 177 156 217 }
        type = hills
        sound_type = mountains
        supply_limit = 2
        movement_cost = 1.80
        local_development_cost = 0.10
        allowed_num_of_buildings = 2
        nation_designer_cost_multiplier = 1.3
        defence = 2
        local_defensiveness = 0.2
        local_build_time = 0.25
		terrain_override = {
			2126
		}
    }
	# India
	urban_islamabad = {
		color = { 177 156 217 }
        type = plains
        sound_type = plains
        supply_limit = 10
        movement_cost = 1.0
        local_development_cost = -0.30
        
        allowed_num_of_buildings = 4
        nation_designer_cost_multiplier = 1.50
        local_build_time = -0.30
        local_build_cost = -0.25
		terrain_override = {
			2077
		}
    }
	# India
	urban_faisalabad = {
		color = { 177 156 217 }
        type = plains
        sound_type = plains
        supply_limit = 10
        movement_cost = 1.0
        local_development_cost = -0.20
        allowed_num_of_buildings = 4
        nation_designer_cost_multiplier = 1.50
        local_build_time = -0.30
        local_build_cost = -0.25
		terrain_override = {
			4510
		}
    }
	# India
	urban_hyderabad = {
		color = { 177 156 217 }
        type = plains
        sound_type = plains
        supply_limit = 10
        movement_cost = 1.0
        local_development_cost = -0.20
        allowed_num_of_buildings = 4
        nation_designer_cost_multiplier = 1.50
        local_build_time = -0.30
        local_build_cost = -0.25
		terrain_override = {
			4503	
		}
    }
	# India
	urban_ludhiana = {
		color = { 177 156 217 }
        type = plains
        sound_type = plains
        supply_limit = 10
        movement_cost = 1.0
        local_development_cost = -0.20
        allowed_num_of_buildings = 4
        nation_designer_cost_multiplier = 1.50
        local_build_time = -0.30
        local_build_cost = -0.25
		terrain_override = {
			510
		}
    }
	# India
	urban_vadodara = {
		color = { 177 156 217 }
        type = plains
        sound_type = plains
        supply_limit = 10
        movement_cost = 1.0
        local_development_cost = -0.20
        allowed_num_of_buildings = 4
        nation_designer_cost_multiplier = 1.50
        local_build_time = -0.30
        local_build_cost = -0.25
		terrain_override = {
			4512
		}
    }
	# India
	urban_indore = {
		color = { 177 156 217 }
        type = plains
        sound_type = plains
        supply_limit = 10
        movement_cost = 1.0
        local_development_cost = -0.20
        allowed_num_of_buildings = 4
        nation_designer_cost_multiplier = 1.50
        local_build_time = -0.30
        local_build_cost = -0.25
		terrain_override = {
			526
		}
    }
	# India
	urban_bhopal = {
		color = { 177 156 217 }
        type = plains
        sound_type = plains
        supply_limit = 10
        movement_cost = 1.0
        local_development_cost = -0.20
        allowed_num_of_buildings = 4
        nation_designer_cost_multiplier = 1.50
        local_build_time = -0.30
        local_build_cost = -0.25
		terrain_override = {
			2057
		}
    }
	# India
	urban_nashik = {
		color = { 177 156 217 }
        type = hills
        sound_type = mountains
        supply_limit = 2
        movement_cost = 1.80
        local_development_cost = 0.10
        allowed_num_of_buildings = 2
        nation_designer_cost_multiplier = 1.3
        defence = 2
        local_defensiveness = 0.2
        local_build_time = 0.25
		terrain_override = {
			4433
		}
    }
	# India
	urban_pune = {
		color = { 177 156 217 }
        type = hills
        sound_type = mountains
        supply_limit = 2
        movement_cost = 1.80
        local_development_cost = 0.10
        allowed_num_of_buildings = 2
        nation_designer_cost_multiplier = 1.3
        defence = 2
        local_defensiveness = 0.2
        local_build_time = 0.25
		terrain_override = {
			2034
		}
    }
	# India
	urban_coimbatore = {
		color = { 177 156 217 }
        type = plains
        sound_type = plains
        supply_limit = 10
        movement_cost = 1.0
        local_development_cost = -0.20
        allowed_num_of_buildings = 4
        nation_designer_cost_multiplier = 1.50
        local_build_time = -0.30
        local_build_cost = -0.25
		terrain_override = {
			538
		}
    }
	# India
	urban_visakhapatnam = {
		color = { 177 156 217 }
        type = plains
        sound_type = plains
        supply_limit = 10
        movement_cost = 1.0
        local_development_cost = -0.20
        allowed_num_of_buildings = 4
        nation_designer_cost_multiplier = 1.50
        local_build_time = -0.30
        local_build_cost = -0.25
		terrain_override = {
			549
		}
    }
	# India
	urban_nagpur = {
		color = { 177 156 217 }
        type = plains
        sound_type = plains
        supply_limit = 10
        movement_cost = 1.0
        local_development_cost = -0.20
        allowed_num_of_buildings = 4
        nation_designer_cost_multiplier = 1.50
        local_build_time = -0.30
        local_build_cost = -0.25
		terrain_override = {
			4443
		}
    }
	# India
	urban_agra = {
		color = { 177 156 217 }
        type = plains
        sound_type = plains
        supply_limit = 10
        movement_cost = 1.0
        local_development_cost = -0.30
        
        allowed_num_of_buildings = 4
        nation_designer_cost_multiplier = 1.50
        local_build_time = -0.30
        local_build_cost = -0.25
		terrain_override = {
			524
		}
    }
	# India
	urban_kanpur = {
		color = { 177 156 217 }
        type = plains
        sound_type = plains
        supply_limit = 10
        movement_cost = 1.0
        local_development_cost = -0.20
        allowed_num_of_buildings = 4
        nation_designer_cost_multiplier = 1.50
        local_build_time = -0.30
        local_build_cost = -0.25
		terrain_override = {
			4496
		}
    }
	# India
	urban_patna = {
		color = { 177 156 217 }
        type = plains
        sound_type = plains
        supply_limit = 10
        movement_cost = 1.0
        local_development_cost = -0.20
        allowed_num_of_buildings = 4
        nation_designer_cost_multiplier = 1.50
        local_build_time = -0.30
        local_build_cost = -0.25
		terrain_override = {
			4489
		}
    }
	# India
	urban_gauda = {
		color = { 177 156 217 }
        type = plains
        sound_type = plains
        supply_limit = 10
        movement_cost = 1.0
        local_development_cost = -0.40
        trade_goods_size = 1
        allowed_num_of_buildings = 4
        nation_designer_cost_multiplier = 1.50
        local_build_time = -0.30
        local_build_cost = -0.25
		terrain_override = {
			563
		}
    }
	# Tibet
	urban_lhasa = {
		color = { 177 156 217 }
        type = mountains
        sound_type = mountains
        supply_limit = 1
        movement_cost = 2.5
        local_development_cost = 0.30
        allowed_num_of_buildings = 1
        nation_designer_cost_multiplier = 1.00
        defence = 4
        local_defensiveness = 0.50
        local_build_time = 0.5
        local_build_cost = 0.25
		terrain_override = {
			677
		}
    }
	# Cambodia
	urban_phnom_penh = {
		color = { 177 156 217 }
        type = plains
        sound_type = plains
        supply_limit = 10
        movement_cost = 1.0
        local_development_cost = -0.30
        
        allowed_num_of_buildings = 4
        nation_designer_cost_multiplier = 1.50
        local_build_time = -0.30
        local_build_cost = -0.25
		terrain_override = {
			604
		}
    }
	# Vietnam
	urban_hue = {
		color = { 177 156 217 }
        type = hills
        sound_type = mountains
        supply_limit = 2
        movement_cost = 1.80
        local_development_cost = -0.30
        allowed_num_of_buildings = 2
        nation_designer_cost_multiplier = 1.3
        defence = 2
        local_defensiveness = 0.2
        local_build_time = 0.25
		terrain_override = {
			2373
		}
    }
	# China
	urban_kunming = {
		color = { 177 156 217 }
        type = mountains
        sound_type = mountains
        supply_limit = 1
        movement_cost = 2.5
        local_development_cost = 0.30
        allowed_num_of_buildings = 1
        nation_designer_cost_multiplier = 1.00
        defence = 4
        local_defensiveness = 0.50
        local_build_time = 0.5
        local_build_cost = 0.25
		terrain_override = {
			662
		}
    }
	# China
	urban_honghe = {
		color = { 177 156 217 }
        type = mountains
        sound_type = mountains
        supply_limit = 1
        movement_cost = 2.5
        local_development_cost = 0.30
        allowed_num_of_buildings = 1
        nation_designer_cost_multiplier = 1.00
        defence = 4
        local_defensiveness = 0.50
        local_build_time = 0.5
        local_build_cost = 0.25
		terrain_override = {
			663
		}
    }
	# China
	urban_nanning = {
		color = { 177 156 217 }
        type = hills
        sound_type = mountains
        supply_limit = 2
        movement_cost = 1.80
        local_development_cost = 0.10
        allowed_num_of_buildings = 2
        nation_designer_cost_multiplier = 1.3
        defence = 2
        local_defensiveness = 0.2
        local_build_time = 0.25
		terrain_override = {
			2164
		}
    }
	# China
	urban_quanzhouh = {
		color = { 177 156 217 }
        type = hills
        sound_type = mountains
        supply_limit = 2
        movement_cost = 1.80
        local_development_cost = 0.10
        allowed_num_of_buildings = 2
        nation_designer_cost_multiplier = 1.3
        defence = 2
        local_defensiveness = 0.2
        local_build_time = 0.25
		terrain_override = {
			1829
		}
    }
	# China
	urban_shaoxing = {
		color = { 177 156 217 }
        type = hills
        sound_type = mountains
        supply_limit = 2
        movement_cost = 1.80
        local_development_cost = 0.10
        allowed_num_of_buildings = 2
        nation_designer_cost_multiplier = 1.3
        defence = 2
        local_defensiveness = 0.2
        local_build_time = 0.25
		terrain_override = {
			2148
		}
    }
	# China
	urban_jinhua = {
		color = { 177 156 217 }
        type = mountains
        sound_type = mountains
        supply_limit = 1
        movement_cost = 2.5
        local_development_cost = 0.30
        allowed_num_of_buildings = 1
        nation_designer_cost_multiplier = 1.00
        defence = 4
        local_defensiveness = 0.50
        local_build_time = 0.5
        local_build_cost = 0.25
		terrain_override = {
			2150
		}
    }
	# China
	urban_changzhou = {
		color = { 177 156 217 }
        type = plains
        sound_type = plains
        supply_limit = 10
        movement_cost = 1.0
        local_development_cost = -0.20
        allowed_num_of_buildings = 4
        nation_designer_cost_multiplier = 1.50
        local_build_time = -0.30
        local_build_cost = -0.25
		terrain_override = {
			6869
		}
    }
	# China
	urban_hefei = {
		color = { 177 156 217 }
        type = plains
        sound_type = plains
        supply_limit = 10
        movement_cost = 1.0
        local_development_cost = -0.20
        allowed_num_of_buildings = 4
        nation_designer_cost_multiplier = 1.50
        local_build_time = -0.30
        local_build_cost = -0.25
		terrain_override = {
			1838
		}
    }
	# China
	urban_yancheng = {
		color = { 177 156 217 }
        type = plains
        sound_type = plains
        supply_limit = 10
        movement_cost = 1.0
        local_development_cost = -0.20
        allowed_num_of_buildings = 4
        nation_designer_cost_multiplier = 1.50
        local_build_time = -0.30
        local_build_cost = -0.25
		terrain_override = {
			685
		}
    }
	# China
	urban_jining = {
		color = { 177 156 217 }
        type = plains
        sound_type = plains
        supply_limit = 10
        movement_cost = 1.0
        local_development_cost = -0.20
        allowed_num_of_buildings = 4
        nation_designer_cost_multiplier = 1.50
        local_build_time = -0.30
        local_build_cost = -0.25
		terrain_override = {
			2140
		}
    }
	# China
	urban_jinan = {
		color = { 177 156 217 }
        type = plains
        sound_type = plains
        supply_limit = 10
        movement_cost = 1.0
        local_development_cost = -0.20
        allowed_num_of_buildings = 4
        nation_designer_cost_multiplier = 1.50
        local_build_time = -0.30
        local_build_cost = -0.25
		terrain_override = {
			691
		}
    }
	# China
	urban_qingdao = {
		color = { 177 156 217 }
        type = plains
        sound_type = plains
        supply_limit = 10
        movement_cost = 1.0
        local_development_cost = -0.20
        allowed_num_of_buildings = 4
        nation_designer_cost_multiplier = 1.50
        local_build_time = -0.30
        local_build_cost = -0.25
		terrain_override = {
			6819
		}
    }
	# China
	urban_weifang = {
		color = { 177 156 217 }
        type = hills
        sound_type = mountains
        supply_limit = 2
        movement_cost = 1.80
        local_development_cost = 0.10
        allowed_num_of_buildings = 2
        nation_designer_cost_multiplier = 1.3
        defence = 2
        local_defensiveness = 0.2
        local_build_time = 0.25
		terrain_override = {
			690
		}
    }
	# China
	urban_baoding = {
		color = { 177 156 217 }
        type = plains
        sound_type = plains
        supply_limit = 10
        movement_cost = 1.0
        local_development_cost = -0.20
        allowed_num_of_buildings = 4
        nation_designer_cost_multiplier = 1.50
        local_build_time = -0.30
        local_build_cost = -0.25
		terrain_override = {
			696
		}
    }
	# China
	urban_shijianzhuang = {
		color = { 177 156 217 }
        type = plains
        sound_type = plains
        supply_limit = 10
        movement_cost = 1.0
        local_development_cost = -0.20
        allowed_num_of_buildings = 4
        nation_designer_cost_multiplier = 1.50
        local_build_time = -0.30
        local_build_cost = -0.25
		terrain_override = {
			4195
		}
    }
	# China
	urban_tangshan = {
		color = { 177 156 217 }
        type = plains
        sound_type = plains
        supply_limit = 10
        movement_cost = 1.0
        local_development_cost = -0.20
        allowed_num_of_buildings = 4
        nation_designer_cost_multiplier = 1.50
        local_build_time = -0.30
        local_build_cost = -0.25
		terrain_override = {
			6777
		}
    }
	# China
	urban_dalian = {
		color = { 177 156 217 }
        type = hills
        sound_type = mountains
        supply_limit = 2
        movement_cost = 1.80
        local_development_cost = 0.10
        allowed_num_of_buildings = 2
        nation_designer_cost_multiplier = 1.3
        defence = 2
        local_defensiveness = 0.2
        local_build_time = 0.25
		terrain_override = {
			6748
		}
    }
	# Korea
	urban_incheon = {
		color = { 177 156 217 }
        type = plains
        sound_type = plains
        supply_limit = 10
        movement_cost = 1.0
        local_development_cost = -0.30
        allowed_num_of_buildings = 4
        nation_designer_cost_multiplier = 1.50
        local_build_time = -0.30
        local_build_cost = -0.25
		terrain_override = {
			6488
		}
    }
	# Korea
	urban_gwangju = {
		color = { 177 156 217 }
        type = hills
        sound_type = mountains
        supply_limit = 2
        movement_cost = 1.80
        local_development_cost = 0.10
        allowed_num_of_buildings = 2
        nation_designer_cost_multiplier = 1.3
        defence = 2
        local_defensiveness = 0.2
        local_build_time = 0.25
		terrain_override = {
			4228
		}
    }
	# Korea
	urban_daegu = {
		color = { 177 156 217 }
        type = hills
        sound_type = mountains
        supply_limit = 2
        movement_cost = 1.80
        local_development_cost = -0.30
        allowed_num_of_buildings = 2
        nation_designer_cost_multiplier = 1.3
        defence = 2
        local_defensiveness = 0.2
        local_build_time = 0.25
		terrain_override = {
			6497
		}
    }
	# Manchuria
	urban_jilin_city = {
		color = { 177 156 217 }
        type = plains
        sound_type = plains
        supply_limit = 10
        movement_cost = 1.0
        local_development_cost = -0.20
        allowed_num_of_buildings = 4
        nation_designer_cost_multiplier = 1.50
        local_build_time = -0.30
        local_build_cost = -0.25
		terrain_override = {
			730
		}
    }
	# Manchuria
	urban_changchun = {
		color = { 177 156 217 }
        type = plains
        sound_type = plains
        supply_limit = 10
        movement_cost = 1.0
        local_development_cost = -0.20
        allowed_num_of_buildings = 4
        nation_designer_cost_multiplier = 1.50
        local_build_time = -0.30
        local_build_cost = -0.25
		terrain_override = {
			2109
		}
    }
	# Manchuria
	urban_harbin = {
		color = { 177 156 217 }
        type = plains
        sound_type = plains
        supply_limit = 10
        movement_cost = 1.0
        local_development_cost = -0.20
        allowed_num_of_buildings = 4
        nation_designer_cost_multiplier = 1.50
        local_build_time = -0.30
        local_build_cost = -0.25
		terrain_override = {
			4200
		}
    }
	# Russia
	urban_vladivostok = {
		color = { 177 156 217 }
        type = hills
        sound_type = mountains
        supply_limit = 2
        movement_cost = 1.80
        local_development_cost = -0.30
        
        allowed_num_of_buildings = 2
        nation_designer_cost_multiplier = 1.3
        defence = 2
        local_defensiveness = 0.2
        local_build_time = 0.25
		terrain_override = {
			2106
		}
    }
	# Russia
	 urban_novogrudok = {
		color = { 177 156 217 }
        type = plains
        sound_type = plains
        supply_limit = 10
        movement_cost = 1.0
        local_development_cost = -0.20
        allowed_num_of_buildings = 4
        nation_designer_cost_multiplier = 1.50
        local_build_time = -0.30
        local_build_cost = -0.25
		terrain_override = {
			4537
		}
    }
	# Japan
	urban_okinawa = {
		color = { 177 156 217 }
        sound_type = sea
        supply_limit = 6
        movement_cost = 1.10
        local_development_cost = -0.10
        allowed_num_of_buildings = 2
        nation_designer_cost_multiplier = 1.4
        defence = 2
        local_build_time = 0.15
        local_build_cost = 0.10
		terrain_override = {
			1015
		}
    }
	# Japan
	urban_kagoshima = {
		color = { 177 156 217 }
        type = hills
        sound_type = mountains
        supply_limit = 2
        movement_cost = 1.80
        local_development_cost = 0.10
        allowed_num_of_buildings = 2
        nation_designer_cost_multiplier = 1.3
        defence = 2
        local_defensiveness = 0.2
        local_build_time = 0.25
		terrain_override = {
			1012
		}
    }
	# Japan
	urban_kumamoto = {
		color = { 177 156 217 }
        type = hills
        sound_type = mountains
        supply_limit = 2
        movement_cost = 1.80
        local_development_cost = 0.10
        allowed_num_of_buildings = 2
        nation_designer_cost_multiplier = 1.3
        defence = 2
        local_defensiveness = 0.2
        local_build_time = 0.25
		terrain_override = {
			4181
		}
    }
	# Japan
	urban_matsuyama = {
		color = { 177 156 217 }
        type = hills
        sound_type = mountains
        supply_limit = 2
        movement_cost = 1.80
        local_development_cost = 0.10
        allowed_num_of_buildings = 2
        nation_designer_cost_multiplier = 1.3
        defence = 2
        local_defensiveness = 0.2
        local_build_time = 0.25
		terrain_override = {
			4186
		}
    }
	# Japan
	urban_okayama = {
		color = { 177 156 217 }
        type = hills
        sound_type = mountains
        supply_limit = 2
        movement_cost = 1.80
        local_development_cost = 0.10
        allowed_num_of_buildings = 2
        nation_designer_cost_multiplier = 1.3
        defence = 2
        local_defensiveness = 0.2
        local_build_time = 0.25
		terrain_override = {
			6442
		}
    }
	# Japan
	urban_sakai = {
		color = { 177 156 217 }
        type = plains
        sound_type = plains
        supply_limit = 10
        movement_cost = 1.0
        local_development_cost = -0.30
        allowed_num_of_buildings = 4
        nation_designer_cost_multiplier = 1.50
        local_build_time = -0.30
        local_build_cost = -0.25
		terrain_override = {
			5696
		}
    }
	# Japan
	urban_nagoya = {
		color = { 177 156 217 }
        type = plains
        sound_type = plains
        supply_limit = 10
        movement_cost = 1.0
        local_development_cost = -0.30
        
        allowed_num_of_buildings = 4
        nation_designer_cost_multiplier = 1.50
        local_build_time = -0.30
        local_build_cost = -0.25
		terrain_override = {
			1030
		}
    }
    # Japan
    urban_mino = {
        color = { 177 156 217 }
        type = mountains
        sound_type = mountains
        supply_limit = 1
        movement_cost = 2.5
        local_development_cost = 0.30
        allowed_num_of_buildings = 1
        nation_designer_cost_multiplier = 1.00
        defence = 4
        local_defensiveness = 0.50
        local_build_time = 0.5
        local_build_cost = 0.25
        terrain_override = {
            1835
        }
    }
    # Japan
    urban_nagano = {
        color = { 177 156 217 }
        type = mountains
        sound_type = mountains
        supply_limit = 1
        movement_cost = 2.5
        local_development_cost = 0.30
        allowed_num_of_buildings = 1
        nation_designer_cost_multiplier = 1.00
        defence = 4
        local_defensiveness = 0.50
        local_build_time = 0.5
        local_build_cost = 0.25
        terrain_override = {
            4188
        }
    }
	# Japan
	urban_hamamatsu = {
		color = { 177 156 217 }
        type = hills
        sound_type = mountains
        supply_limit = 2
        movement_cost = 1.80
        local_development_cost = 0.10
        allowed_num_of_buildings = 2
        nation_designer_cost_multiplier = 1.3
        defence = 2
        local_defensiveness = 0.2
        local_build_time = 0.25
		terrain_override = {
			4360
		}
    }
	# Japan
	urban_yokohama = {
		color = { 177 156 217 }
        type = plains
        sound_type = plains
        supply_limit = 10
        movement_cost = 1.0
        local_development_cost = -0.30
        allowed_num_of_buildings = 4
        nation_designer_cost_multiplier = 1.50
        local_build_time = -0.30
        local_build_cost = -0.25
		terrain_override = {
			4189
		}
    }
	# Japan
	urban_saitama = {
		color = { 177 156 217 }
        type = plains
        sound_type = plains
        supply_limit = 10
        movement_cost = 1.0
        local_development_cost = -0.30
        allowed_num_of_buildings = 4
        nation_designer_cost_multiplier = 1.50
        local_build_time = -0.30
        local_build_cost = -0.25
		terrain_override = {
			6445
		}
    }
	# Japan
	urban_chiba = {
		color = { 177 156 217 }
        type = plains
        sound_type = plains
        supply_limit = 10
        movement_cost = 1.0
        local_development_cost = -0.30
        allowed_num_of_buildings = 4
        nation_designer_cost_multiplier = 1.50
        local_build_time = -0.30
        local_build_cost = -0.25
		terrain_override = {
			4190
		}
    }
	# Japan
	urban_niigata = {
		color = { 177 156 217 }
        type = hills
        sound_type = mountains
        supply_limit = 2
        movement_cost = 1.80
        local_development_cost = 0.10
        allowed_num_of_buildings = 2
        nation_designer_cost_multiplier = 1.3
        defence = 2
        local_defensiveness = 0.2
        local_build_time = 0.25
		terrain_override = {
			5693
		}
    }
	# Brunei
	urban_balikpapan = {
		color = { 177 156 217 }
        type = hills
        sound_type = mountains
        supply_limit = 2
        movement_cost = 1.80
        local_development_cost = 0.10
        allowed_num_of_buildings = 2
        nation_designer_cost_multiplier = 1.3
        defence = 2
        local_defensiveness = 0.2
        local_build_time = 0.25
		terrain_override = {
			2712
		}
    }
	# Brunei
	urban_sandakan = {
		color = { 177 156 217 }
        type = hills
        sound_type = mountains
        supply_limit = 2
        movement_cost = 1.80
        local_development_cost = 0.10
        allowed_num_of_buildings = 2
        nation_designer_cost_multiplier = 1.3
        defence = 2
        local_defensiveness = 0.2
        local_build_time = 0.25
		terrain_override = {
			2703
		}
    }
	# Spice Islands
	urban_ternate = {
		color = { 177 156 217 }
        type = jungle
        sound_type = jungle
        supply_limit = 1
        movement_cost = 2.0
        local_development_cost = 0.20
        allowed_num_of_buildings = 1
        nation_designer_cost_multiplier = 1.25
        defence = 3
        local_build_time = 0.5
        local_build_cost = 0.1
		terrain_override = {
			649
		}
    }
	# Spice Islands
	urban_tidore = {
		color = { 177 156 217 }
        type = jungle
        sound_type = jungle
        supply_limit = 1
        movement_cost = 2.0
        local_development_cost = 0.20
        allowed_num_of_buildings = 1
        nation_designer_cost_multiplier = 1.25
        defence = 3
        local_build_time = 0.5
        local_build_cost = 0.1
		terrain_override = {
			650
		}
    }
	# Timor Leste
	urban_dili = {
		color = { 177 156 217 }
        type = hills
        sound_type = mountains
        supply_limit = 2
        movement_cost = 1.80
        local_development_cost = 0.10
        allowed_num_of_buildings = 2
        nation_designer_cost_multiplier = 1.3
        defence = 2
        local_defensiveness = 0.2
        local_build_time = 0.25
		terrain_override = {
			2695
		}
    }
	# Indonesia
	urban_palembang = {
		color = { 177 156 217 }
        type = jungle
        sound_type = jungle
        supply_limit = 1
        movement_cost = 2.0
        local_development_cost = 0.20
        allowed_num_of_buildings = 1
        nation_designer_cost_multiplier = 1.25
        defence = 3
        local_build_time = 0.5
        local_build_cost = 0.1
		terrain_override = {
			622
		}
    }
	# Indonesia
	urban_padang = {
		color = { 177 156 217 }
        type = hills
        sound_type = mountains
        supply_limit = 2
        movement_cost = 1.80
        local_development_cost = 0.10
        allowed_num_of_buildings = 2
        nation_designer_cost_multiplier = 1.3
        defence = 2
        local_defensiveness = 0.2
        local_build_time = 0.25
		terrain_override = {
			4817
		}
    }
	# Indonesia
	urban_dumai = {
		color = { 177 156 217 }
        type = jungle
        sound_type = jungle
        supply_limit = 1
        movement_cost = 2.0
        local_development_cost = 0.20
        allowed_num_of_buildings = 1
        nation_designer_cost_multiplier = 1.25
        defence = 3
        local_build_time = 0.5
        local_build_cost = 0.1
		terrain_override = {
			2675
		}
    }
	# Malaysia
	urban_kuala_lumpur = {
		color = { 177 156 217 }
        type = plains
        sound_type = plains
        supply_limit = 10
        movement_cost = 1.0
        local_development_cost = -0.40
        trade_goods_size = 1
        allowed_num_of_buildings = 4
        nation_designer_cost_multiplier = 1.50
        local_build_time = -0.30
        local_build_cost = -0.25
		terrain_override = {
			8669
		}
    }
	# Mongolia
	urban_ulaanbaatar = {
		color = { 177 156 217 }
        type = plains
        sound_type = plains
        supply_limit = 10
        movement_cost = 1.0
        local_development_cost = -0.20
        allowed_num_of_buildings = 4
        nation_designer_cost_multiplier = 1.50
        local_build_time = -0.30
        local_build_cost = -0.25
		terrain_override = {
			2116
		}
    }
	# China
	urban_urumqi = {
		color = { 177 156 217 }
        type = hills
        sound_type = mountains
        supply_limit = 2
        movement_cost = 1.80
        local_development_cost = 0.10
        allowed_num_of_buildings = 2
        nation_designer_cost_multiplier = 1.3
        defence = 2
        local_defensiveness = 0.2
        local_build_time = 0.25
		terrain_override = {
			715
		}
    }
	# Khazakhstan
	urban_nur_sultan = {
		color = { 177 156 217 }
        type = plains
        sound_type = plains
        supply_limit = 10
        movement_cost = 1.0
        local_development_cost = -0.30
        
        allowed_num_of_buildings = 4
        nation_designer_cost_multiplier = 1.50
        local_build_time = -0.30
        local_build_cost = -0.25
		terrain_override = {
			476
		}
    }
	# Khazakhstan
	urban_karagandy = {
		color = { 177 156 217 }
        type = plains
        sound_type = plains
        supply_limit = 10
        movement_cost = 1.0
        local_development_cost = -0.20
        allowed_num_of_buildings = 4
        nation_designer_cost_multiplier = 1.50
        local_build_time = -0.30
        local_build_cost = -0.25
		terrain_override = {
			4685
		}
    }
	# Russia
	urban_yekaterinburg = {
		color = { 177 156 217 }
        type = forest
        sound_type = forest
        supply_limit = 4
        movement_cost = 1.10
        local_development_cost = -0.10
        allowed_num_of_buildings = 3
        nation_designer_cost_multiplier = 1.4
        defence = 1
        local_defensiveness = 0.1
        local_build_cost = -0.1
		terrain_override = {
			1078
		}
    }
	# Russia
	urban_ulyanovsk = {
		color = { 177 156 217 }
        type = plains
        sound_type = plains
        supply_limit = 10
        movement_cost = 1.0
        local_development_cost = -0.20
        allowed_num_of_buildings = 4
        nation_designer_cost_multiplier = 1.50
        local_build_time = -0.30
        local_build_cost = -0.25
		terrain_override = {
			1081
		}
    }
	# Russia
	urban_arkhangelsk = {
		color = { 177 156 217 }
        type = marsh
        sound_type = forest
        supply_limit = 2
        movement_cost = 1.50
        local_development_cost = 0.10
        allowed_num_of_buildings = 2
        nation_designer_cost_multiplier = 1.30
        defence = 2
        local_defensiveness = 0.2
        local_build_time = 0.25
        local_build_cost = 0.25
		terrain_override = {
			313
		}
    }
	# Russia
	urban_petrozavodsk = {
		color = { 177 156 217 }
        type = forest
        sound_type = forest
        supply_limit = 2
        movement_cost = 1.50
        local_development_cost = -0.10
        allowed_num_of_buildings = 2
        nation_designer_cost_multiplier = 1.3
        defence = 2
        local_defensiveness = 0.2
        local_build_time = 0.25
		terrain_override = {
			5647
		}
    }
	# Russia
	urban_murmansk = {
		color = { 177 156 217 }
        type = hills
        sound_type = mountains
        supply_limit = 2
        movement_cost = 1.80
        local_development_cost = 0.10
        allowed_num_of_buildings = 2
        nation_designer_cost_multiplier = 1.3
        defence = 2
        local_defensiveness = 0.2
        local_build_time = 0.25
		terrain_override = {
			1777
		}
    }
	# Finland
	urban_tampere = {
		color = { 177 156 217 }
        type = forest
        sound_type = forest
        supply_limit = 2
        movement_cost = 1.50
        local_development_cost = -0.10
        allowed_num_of_buildings = 2
        nation_designer_cost_multiplier = 1.3
        defence = 2
        local_defensiveness = 0.2
        local_build_time = 0.25
		terrain_override = {
			4123
		}
    }
	# Sweden
	urban_gothenburg = {
		color = { 177 156 217 }
        type = hills
        sound_type = mountains
        supply_limit = 2
        movement_cost = 1.80
        local_development_cost = 0.10
        allowed_num_of_buildings = 2
        nation_designer_cost_multiplier = 1.3
        defence = 2
        local_defensiveness = 0.2
        local_build_time = 0.25
		terrain_override = {
			4163
		}
    }
	# Sweden
	urban_nykoping = {
		color = { 177 156 217 }
        type = plains
        sound_type = plains
        supply_limit = 10
        movement_cost = 1.0
        local_development_cost = -0.20
        allowed_num_of_buildings = 4
        nation_designer_cost_multiplier = 1.50
        local_build_time = -0.30
        local_build_cost = -0.25
		terrain_override = {
			3122
		}
    }
	# Denmark
	urban_odense = {
		color = { 177 156 217 }
        type = plains
        sound_type = plains
        supply_limit = 10
        movement_cost = 1.0
        local_development_cost = -0.20
        allowed_num_of_buildings = 4
        nation_designer_cost_multiplier = 1.50
        local_build_time = -0.30
        local_build_cost = -0.25
		terrain_override = {
			14
		}
    }
	# Denmark
	urban_aland = {
		color = { 177 156 217 }
        type = plains
        sound_type = plains
        supply_limit = 10
        movement_cost = 1.0
        local_development_cost = -0.1
        allowed_num_of_buildings = 4
        nation_designer_cost_multiplier = 1.50
        local_build_time = -0.30
        local_build_cost = -0.25
		terrain_override = {
			1930
		}
    }
	# Denmark
	urban_oland = {
		color = { 177 156 217 }
        type = plains
        sound_type = plains
        supply_limit = 10
        movement_cost = 1.0
        local_development_cost = -0.20
        allowed_num_of_buildings = 4
        nation_designer_cost_multiplier = 1.50
        local_build_time = -0.30
        local_build_cost = -0.25
		terrain_override = {
			3121
		}
    }
	# Denmark
	urban_aarhus = {
		color = { 177 156 217 }
        type = plains
        sound_type = plains
        supply_limit = 10
        movement_cost = 1.0
        local_development_cost = -0.20
        allowed_num_of_buildings = 4
        nation_designer_cost_multiplier = 1.50
        local_build_time = -0.30
        local_build_cost = -0.25
		terrain_override = {
			4142
		}
    }
	# Denmark
	urban_aalborg = {
		color = { 177 156 217 }
        type = plains
        sound_type = plains
        supply_limit = 10
        movement_cost = 1.0
        local_development_cost = -0.20
        allowed_num_of_buildings = 4
        nation_designer_cost_multiplier = 1.50
        local_build_time = -0.30
        local_build_cost = -0.25
		terrain_override = {
			1984
		}
    }
	# England
	urban_hull = {
		color = { 177 156 217 }
        type = hills
        sound_type = mountains
        supply_limit = 2
        movement_cost = 1.80
        local_development_cost = 0.10
        allowed_num_of_buildings = 2
        nation_designer_cost_multiplier = 1.3
        defence = 2
        local_defensiveness = 0.2
        local_build_time = 0.25
		terrain_override = {
			4367
		}
    }
	# England
	urban_birkenhead = {
		color = { 177 156 217 }
        type = plains
        sound_type = plains
        supply_limit = 10
        movement_cost = 1.0
        local_development_cost = -0.20
        allowed_num_of_buildings = 4
        nation_designer_cost_multiplier = 1.50
        local_build_time = -0.30
        local_build_cost = -0.25
		terrain_override = {
			7429
		}
    }
	# Scotland
	urban_perth_sc = {
		color = { 177 156 217 }
        type = hills
        sound_type = mountains
        supply_limit = 2
        movement_cost = 1.80
        local_development_cost = 0.10
        allowed_num_of_buildings = 2
        nation_designer_cost_multiplier = 1.3
        defence = 2
        local_defensiveness = 0.2
        local_build_time = 0.25
		terrain_override = {
			250
		}
    }
	# Scotland
	urban_aberdeen = {
		color = { 177 156 217 }
        type = hills
        sound_type = mountains
        supply_limit = 2
        movement_cost = 1.80
        local_development_cost = 0.10
        allowed_num_of_buildings = 2
        nation_designer_cost_multiplier = 1.3
        defence = 2
        local_defensiveness = 0.2
        local_build_time = 0.25
		terrain_override = {
			251
		}
    }
	# Scotland
	urban_gilnockie = {
		color = { 177 156 217 }
        type = forest
        sound_type = forest
        supply_limit = 4
        movement_cost = 1.10
        local_development_cost = -0.10
        allowed_num_of_buildings = 3
        nation_designer_cost_multiplier = 1.4
        defence = 1
        local_defensiveness = 0.1
        local_build_cost = -0.1
		terrain_override = {
			5865
		}
	}
	# Ireland
	urban_galway = {
		color = { 177 156 217 }
        type = forest
        sound_type = forest
        supply_limit = 4
        movement_cost = 1.10
        local_development_cost = -0.10
        allowed_num_of_buildings = 3
        nation_designer_cost_multiplier = 1.4
        defence = 1
        local_defensiveness = 0.1
        local_build_cost = -0.1
		terrain_override = {
			376
		}
    }
	# Iberia
	urban_vigo = {
		color = { 177 156 217 }
        type = hills
        sound_type = mountains
        supply_limit = 2
        movement_cost = 1.80
        local_development_cost = 0.10
        allowed_num_of_buildings = 2
        nation_designer_cost_multiplier = 1.3
        defence = 2
        local_defensiveness = 0.2
        local_build_time = 0.25
		terrain_override = {
			4555
		}
    }
	# Iberia
	urban_murcia = {
		color = { 177 156 217 }
        type = hills
        sound_type = mountains
        supply_limit = 2
        movement_cost = 1.80
        local_development_cost = 0.10
        allowed_num_of_buildings = 2
        nation_designer_cost_multiplier = 1.3
        defence = 2
        local_defensiveness = 0.2
        local_build_time = 0.25
		terrain_override = {
			221
		}
    }
	# Corsica
	urban_ajaccio = {
		color = { 177 156 217 }
        type = mountains
        sound_type = mountains
        supply_limit = 1
        movement_cost = 2.5
        local_development_cost = 0.30
        allowed_num_of_buildings = 1
        nation_designer_cost_multiplier = 1.00
        defence = 4
        local_defensiveness = 0.50
        local_build_time = 0.5
        local_build_cost = 0.25
		terrain_override = {
			1247
		}
    }
	# Italy
	urban_catania = {
		color = { 177 156 217 }
        type = hills
        sound_type = mountains
        supply_limit = 2
        movement_cost = 1.80
        local_development_cost = 0.10
        allowed_num_of_buildings = 2
        nation_designer_cost_multiplier = 1.3
        defence = 2
        local_defensiveness = 0.2
        local_build_time = 0.25
		terrain_override = {
			7002
		}
    }
	# Italy
	urban_salerno = {
		color = { 177 156 217 }
        type = hills
        sound_type = mountains
        supply_limit = 2
        movement_cost = 1.80
        local_development_cost = 0.10
        allowed_num_of_buildings = 2
        nation_designer_cost_multiplier = 1.3
        defence = 2
        local_defensiveness = 0.2
        local_build_time = 0.25
		terrain_override = {
			2983
		}
    }
	# Italy
	urban_latina = {
		color = { 177 156 217 }
        type = hills
        sound_type = mountains
        supply_limit = 2
        movement_cost = 1.80
        local_development_cost = 0.10
        allowed_num_of_buildings = 2
        nation_designer_cost_multiplier = 1.3
        defence = 2
        local_defensiveness = 0.2
        local_build_time = 0.25
		terrain_override = {
			4732
		}
    }
	# Italy
	urban_pescara = {
		color = { 177 156 217 }
        type = hills
        sound_type = mountains
        supply_limit = 2
        movement_cost = 1.80
        local_development_cost = 0.10
        allowed_num_of_buildings = 2
        nation_designer_cost_multiplier = 1.3
        defence = 2
        local_defensiveness = 0.2
        local_build_time = 0.25
		terrain_override = {
			7013
		}
    }
	# France
	urban_nice = {
		color = { 177 156 217 }
        type = hills
        sound_type = mountains
        supply_limit = 2
        movement_cost = 1.80
        local_development_cost = 0.10
        allowed_num_of_buildings = 2
        nation_designer_cost_multiplier = 1.3
        defence = 2
        local_defensiveness = 0.2
        local_build_time = 0.25
		terrain_override = {
			102
		}
    }
	# France
	urban_rouen = {
		color = { 177 156 217 }
        type = hills
        sound_type = mountains
        supply_limit = 2
        movement_cost = 1.80
        local_development_cost = 0.10
        allowed_num_of_buildings = 2
        nation_designer_cost_multiplier = 1.3
        defence = 2
        local_defensiveness = 0.2
        local_build_time = 0.25
		terrain_override = {
			167
		}
    }
	# France
	urban_le_havre = {
		color = { 177 156 217 }
        type = plains
        sound_type = plains
        supply_limit = 10
        movement_cost = 1.0
        local_development_cost = -0.20
        allowed_num_of_buildings = 4
        nation_designer_cost_multiplier = 1.50
        local_build_time = -0.30
        local_build_cost = -0.25
		terrain_override = {
			7972
		}
    }
	# France
	urban_amiens = {
		color = { 177 156 217 }
        type = plains
        sound_type = plains
        supply_limit = 10
        movement_cost = 1.0
        local_development_cost = -0.20
        allowed_num_of_buildings = 4
        nation_designer_cost_multiplier = 1.50
        local_build_time = -0.30
        local_build_cost = -0.25
		terrain_override = {
			89
		}
    }
	# France
	urban_arras = {
		color = { 177 156 217 }
        type = plains
        sound_type = plains
        supply_limit = 10
        movement_cost = 1.0
        local_development_cost = -0.20
        allowed_num_of_buildings = 4
        nation_designer_cost_multiplier = 1.50
        local_build_time = -0.30
        local_build_cost = -0.25
		terrain_override = {
			88
		}
    }
	# France
	urban_troyes = {
		color = { 177 156 217 }
        type = plains
        sound_type = plains
        supply_limit = 10
        movement_cost = 1.0
        local_development_cost = -0.20
        allowed_num_of_buildings = 4
        nation_designer_cost_multiplier = 1.50
        local_build_time = -0.30
        local_build_cost = -0.25
		terrain_override = {
			4390
		}
    }
	# France
	urban_nancy = {
		color = { 177 156 217 }
        type = plains
        sound_type = plains
        supply_limit = 10
        movement_cost = 1.0
        local_development_cost = -0.20
        allowed_num_of_buildings = 4
        nation_designer_cost_multiplier = 1.50
        local_build_time = -0.30
        local_build_cost = -0.25
		terrain_override = {
			189
		}
    }
	# France
	urban_toul = {
		color = { 177 156 217 }
        type = plains
        sound_type = plains
        supply_limit = 10
        movement_cost = 1.0
        local_development_cost = -0.20
        allowed_num_of_buildings = 4
        nation_designer_cost_multiplier = 1.50
        local_build_time = -0.30
        local_build_cost = -0.25
		terrain_override = {
			7947
		}
    }
	# France
	urban_besancon = {
		color = { 177 156 217 }
        type = hills
        sound_type = mountains
        supply_limit = 2
        movement_cost = 1.80
        local_development_cost = 0.10
        allowed_num_of_buildings = 2
        nation_designer_cost_multiplier = 1.3
        defence = 2
        local_defensiveness = 0.2
        local_build_time = 0.25
		terrain_override = {
			193
		}
    }
	# Liechtenstein
	urban_liechtenstein = {
		color = { 177 156 217 }
        type = hills
        sound_type = mountains
        supply_limit = 2
        movement_cost = 1.80
        local_development_cost = 0.10
        allowed_num_of_buildings = 2
        nation_designer_cost_multiplier = 1.3
        defence = 2
        local_defensiveness = 0.2
        local_build_time = 0.25
		terrain_override = {
			3566
		}
    }
	# Switzerland
	urban_basel = {
		color = { 177 156 217 }
        type = hills
        sound_type = mountains
        supply_limit = 2
        movement_cost = 1.80
        local_development_cost = 0.10
        allowed_num_of_buildings = 2
        nation_designer_cost_multiplier = 1.3
        defence = 2
        local_defensiveness = 0.2
        local_build_time = 0.25
		terrain_override = {
			3055
		}
    }
	# France
	urban_metz = {
		color = { 177 156 217 }
        type = hills
        sound_type = mountains
        supply_limit = 2
        movement_cost = 1.80
        local_development_cost = 0.10
        allowed_num_of_buildings = 2
        nation_designer_cost_multiplier = 1.3
        defence = 2
        local_defensiveness = 0.2
        local_build_time = 0.25
		terrain_override = {
			188
		}
    }
	# France
	urban_mulhouse = {
		color = { 177 156 217 }
        type = hills
        sound_type = mountains
        supply_limit = 2
        movement_cost = 1.80
        local_development_cost = 0.10
        allowed_num_of_buildings = 2
        nation_designer_cost_multiplier = 1.3
        defence = 2
        local_defensiveness = 0.2
        local_build_time = 0.25
		terrain_override = {
			1880
		}
    }
	# France
	urban_colmar = {
		color = { 177 156 217 }
        type = hills
        sound_type = mountains
        supply_limit = 2
        movement_cost = 1.80
        local_development_cost = 0.10
        allowed_num_of_buildings = 2
        nation_designer_cost_multiplier = 1.3
        defence = 2
        local_defensiveness = 0.2
        local_build_time = 0.25
		terrain_override = {
			4765
		}
    }
	# France
	urban_strassbourg = {
		color = { 177 156 217 }
        type = hills
        sound_type = mountains
        supply_limit = 2
        movement_cost = 1.80
        local_development_cost = 0.10
        allowed_num_of_buildings = 2
        nation_designer_cost_multiplier = 1.3
        defence = 2
        local_defensiveness = 0.2
        local_build_time = 0.25
		terrain_override = {
			75
		}
    }
	# Austria
	urban_salzburg = {
		color = { 177 156 217 }
        type = mountains
        sound_type = mountains
        supply_limit = 1
        movement_cost = 2.5
        local_development_cost = 0.30
        allowed_num_of_buildings = 1
        nation_designer_cost_multiplier = 1.00
        defence = 4
        local_defensiveness = 0.50
        local_build_time = 0.5
        local_build_cost = 0.25
		terrain_override = {
			76
		}
    }
	# Italy
	urban_trieste = {
		color = { 177 156 217 }
        type = hills
        sound_type = mountains
        supply_limit = 2
        movement_cost = 1.80
        local_development_cost = 0.10
        allowed_num_of_buildings = 2
        nation_designer_cost_multiplier = 1.3
        defence = 2
        local_defensiveness = 0.2
        local_build_time = 0.25
		terrain_override = {
			4738
		}
    }
	# Croatia
	urban_rijeka = {
		color = { 177 156 217 }
        type = hills
        sound_type = mountains
        supply_limit = 2
        movement_cost = 1.80
        local_development_cost = 0.10
        allowed_num_of_buildings = 2
        nation_designer_cost_multiplier = 1.3
        defence = 2
        local_defensiveness = 0.2
        local_build_time = 0.25
		terrain_override = {
			4752
		}
    }
	# Slovenia
	urban_ljubljana = {
		color = { 177 156 217 }
        type = hills
        sound_type = mountains
        supply_limit = 2
        movement_cost = 1.80
        local_development_cost = 0.10
        allowed_num_of_buildings = 2
        nation_designer_cost_multiplier = 1.3
        defence = 2
        local_defensiveness = 0.2
        local_build_time = 0.25
		terrain_override = {
			129
		}
    }
	# Bohemia
	urban_brno = {
		color = { 177 156 217 }
        type = hills
        sound_type = mountains
        supply_limit = 2
        movement_cost = 1.80
        local_development_cost = 0.10
        allowed_num_of_buildings = 2
        nation_designer_cost_multiplier = 1.3
        defence = 2
        local_defensiveness = 0.2
        local_build_time = 0.25
		terrain_override = {
			265
		}
    }
	# Bohemia
	urban_ostrava = {
		color = { 177 156 217 }
        type = hills
        sound_type = mountains
        supply_limit = 2
        movement_cost = 1.80
        local_development_cost = 0.10
        allowed_num_of_buildings = 2
        nation_designer_cost_multiplier = 1.3
        defence = 2
        local_defensiveness = 0.2
        local_build_time = 0.25
		terrain_override = {
			7685
		}
    }
	# Switzerland
	urban_st_gallen = {
		color = { 177 156 217 }
        type = hills
        sound_type = mountains
        supply_limit = 2
        movement_cost = 1.80
        local_development_cost = 0.10
        allowed_num_of_buildings = 2
        nation_designer_cost_multiplier = 1.3
        defence = 2
        local_defensiveness = 0.2
        local_build_time = 0.25
		terrain_override = {
			1870
		}
    }
	# Germany
	urban_konstanz = {
		color = { 177 156 217 }
        type = hills
        sound_type = mountains
        supply_limit = 2
        movement_cost = 1.80
        local_development_cost = 0.10
        allowed_num_of_buildings = 2
        nation_designer_cost_multiplier = 1.3
        defence = 2
        local_defensiveness = 0.2
        local_build_time = 0.25
		terrain_override = {
			4712
		}
    }
	# Germany
	urban_ravensburg = {
		color = { 177 156 217 }
        type = plains
        sound_type = plains
        supply_limit = 10
        movement_cost = 1.0
        local_development_cost = -0.20
        allowed_num_of_buildings = 4
        nation_designer_cost_multiplier = 1.50
        local_build_time = -0.30
        local_build_cost = -0.25
		terrain_override = {
			7585
		}
    }
	# Germany
	urban_villingen_schwenningen = {
		color = { 177 156 217 }
        type = hills
        sound_type = mountains
        supply_limit = 2
        movement_cost = 1.80
        local_development_cost = 0.10
        allowed_num_of_buildings = 2
        nation_designer_cost_multiplier = 1.3
        defence = 2
        local_defensiveness = 0.2
        local_build_time = 0.25
		terrain_override = {
			7566
		}
    }
	# Germany
	urban_lorrach = {
		color = { 177 156 217 }
        type = hills
        sound_type = mountains
        supply_limit = 2
        movement_cost = 1.80
        local_development_cost = 0.10
        allowed_num_of_buildings = 2
        nation_designer_cost_multiplier = 1.3
        defence = 2
        local_defensiveness = 0.2
        local_build_time = 0.25
		terrain_override = {
			8524
		}
    }
	# Germany
	urban_freiburg_im_breisgau = {
		color = { 177 156 217 }
        type = hills
        sound_type = mountains
        supply_limit = 2
        movement_cost = 1.80
        local_development_cost = 0.10
        allowed_num_of_buildings = 2
        nation_designer_cost_multiplier = 1.3
        defence = 2
        local_defensiveness = 0.2
        local_build_time = 0.25
		terrain_override = {
			7554
		}
    }
	# Germany
	urban_offenburg = {
		color = { 177 156 217 }
        type = hills
        sound_type = mountains
        supply_limit = 2
        movement_cost = 1.80
        local_development_cost = 0.10
        allowed_num_of_buildings = 2
        nation_designer_cost_multiplier = 1.3
        defence = 2
        local_defensiveness = 0.2
        local_build_time = 0.25
		terrain_override = {
			72
		}
    }
	# Germany
	urban_stuttgart = {
		color = { 177 156 217 }
        type = hills
        sound_type = mountains
        supply_limit = 2
        movement_cost = 1.80
        local_development_cost = 0.10
        allowed_num_of_buildings = 2
        nation_designer_cost_multiplier = 1.3
        defence = 2
        local_defensiveness = 0.2
        local_build_time = 0.25
		terrain_override = {
			70
		}
    }
	# Germany
	urban_ulm = {
		color = { 177 156 217 }
        type = plains
        sound_type = plains
        supply_limit = 10
        movement_cost = 1.0
        local_development_cost = -0.20
        allowed_num_of_buildings = 4
        nation_designer_cost_multiplier = 1.50
        local_build_time = -0.30
        local_build_cost = -0.25
		terrain_override = {
			1872	
		}
    }
	# Germany
	urban_memmingen = {
		color = { 177 156 217 }
        type = hills
        sound_type = mountains
        supply_limit = 2
        movement_cost = 1.80
        local_development_cost = 0.10
        allowed_num_of_buildings = 2
        nation_designer_cost_multiplier = 1.3
        defence = 2
        local_defensiveness = 0.2
        local_build_time = 0.25
		terrain_override = {
			68
		}
    }
	# Germany
	urban_kempten = {
		color = { 177 156 217 }
        type = hills
        sound_type = mountains
        supply_limit = 2
        movement_cost = 1.80
        local_development_cost = 0.10
        allowed_num_of_buildings = 2
        nation_designer_cost_multiplier = 1.3
        defence = 2
        local_defensiveness = 0.2
        local_build_time = 0.25
		terrain_override = {
			7598
		}
    }
	# Germany
	urban_augsburg = {
		color = { 177 156 217 }
        type = hills
        sound_type = mountains
        supply_limit = 2
        movement_cost = 1.80
        local_development_cost = 0.10
        allowed_num_of_buildings = 2
        nation_designer_cost_multiplier = 1.3
        defence = 2
        local_defensiveness = 0.2
        local_build_time = 0.25
		terrain_override = {
			1868
		}
    }
	# Germany
	urban_landshut = {
		color = { 177 156 217 }
        type = plains
        sound_type = plains
        supply_limit = 10
        movement_cost = 1.0
        local_development_cost = -0.20
        allowed_num_of_buildings = 4
        nation_designer_cost_multiplier = 1.50
        local_build_time = -0.30
        local_build_cost = -0.25
		terrain_override = {
			64
		}
    }
	# Germany
	urban_passau = {
		color = { 177 156 217 }
        type = plains
        sound_type = plains
        supply_limit = 10
        movement_cost = 1.0
        local_development_cost = -0.20
        allowed_num_of_buildings = 4
        nation_designer_cost_multiplier = 1.50
        local_build_time = -0.30
        local_build_cost = -0.25
		terrain_override = {
			4709
		}
    }
	# Germany
	urban_ingolstadt = {
		color = { 177 156 217 }
        type = plains
        sound_type = plains
        supply_limit = 10
        movement_cost = 1.0
        local_development_cost = -0.20
        allowed_num_of_buildings = 4
        nation_designer_cost_multiplier = 1.50
        local_build_time = -0.30
        local_build_cost = -0.25
		terrain_override = {
			2955
		}
    }
	# Germany
	urban_regensburg = {
		color = { 177 156 217 }
        type = plains
        sound_type = plains
        supply_limit = 10
        movement_cost = 1.0
        local_development_cost = -0.30
        allowed_num_of_buildings = 4
        nation_designer_cost_multiplier = 1.50
        local_build_time = -0.30
        local_build_cost = -0.25
		terrain_override = {
			2957
		}
    }
	# Germany
	urban_bamberg = {
		color = { 177 156 217 }
        type = hills
        sound_type = mountains
        supply_limit = 2
        movement_cost = 1.80
        local_development_cost = 0.10
        allowed_num_of_buildings = 2
        nation_designer_cost_multiplier = 1.3
        defence = 2
        local_defensiveness = 0.2
        local_build_time = 0.25
		terrain_override = {
			66
		}
    }
	# Germany
	urban_bayreuth = {
		color = { 177 156 217 }
        type = hills
        sound_type = mountains
        supply_limit = 2
        movement_cost = 1.80
        local_development_cost = 0.10
        allowed_num_of_buildings = 2
        nation_designer_cost_multiplier = 1.3
        defence = 2
        local_defensiveness = 0.2
        local_build_time = 0.25
		terrain_override = {
			4717
		}
    }
	# Germany
	urban_heidelbeg = {
		color = { 177 156 217 }
        type = hills
        sound_type = mountains
        supply_limit = 2
        movement_cost = 1.80
        local_development_cost = 0.10
        allowed_num_of_buildings = 2
        nation_designer_cost_multiplier = 1.3
        defence = 2
        local_defensiveness = 0.2
        local_build_time = 0.25
		terrain_override = {
			77
		}
    }
	# Germany
	urban_mannheim = {
		color = { 177 156 217 }
        type = plains
        sound_type = plains
        supply_limit = 10
        movement_cost = 1.0
        local_development_cost = -0.20
        allowed_num_of_buildings = 4
        nation_designer_cost_multiplier = 1.50
        local_build_time = -0.30
        local_build_cost = -0.25
		terrain_override = {
			8475
		}
    }
	# Germany
	urban_saarbrucken = {
		color = { 177 156 217 }
        type = hills
        sound_type = mountains
        supply_limit = 2
        movement_cost = 1.80
        local_development_cost = 0.10
        allowed_num_of_buildings = 2
        nation_designer_cost_multiplier = 1.3
        defence = 2
        local_defensiveness = 0.2
        local_build_time = 0.25
		terrain_override = {
			3198
		}
    }
	# Germany
	urban_worms = {
		color = { 177 156 217 }
        type = hills
        sound_type = mountains
        supply_limit = 2
        movement_cost = 1.80
        local_development_cost = 0.10
        allowed_num_of_buildings = 2
        nation_designer_cost_multiplier = 1.3
        defence = 2
        local_defensiveness = 0.2
        local_build_time = 0.25
		terrain_override = {
			1761
		}
    }
	# Germany
	urban_mainz = {
		color = { 177 156 217 }
        type = plains
        sound_type = plains
        supply_limit = 10
        movement_cost = 1.0
        local_development_cost = -0.30
        allowed_num_of_buildings = 4
        nation_designer_cost_multiplier = 1.50
        local_build_time = -0.30
        local_build_cost = -0.25
		terrain_override = {
			78
		}
    }
	# Germany
	urban_aachen = {
		color = { 177 156 217 }
        type = plains
        sound_type = plains
        supply_limit = 10
        movement_cost = 1.0
        local_development_cost = -0.20
        allowed_num_of_buildings = 4
        nation_designer_cost_multiplier = 1.50
        local_build_time = -0.30
        local_build_cost = -0.25
		terrain_override = {
			1878
		}
    }
	# Germany
	urban_liege = {
		color = { 177 156 217 }
        type = hills
        sound_type = mountains
        supply_limit = 2
        movement_cost = 1.80
        local_development_cost = 0.10
        allowed_num_of_buildings = 2
        nation_designer_cost_multiplier = 1.3
        defence = 2
        local_defensiveness = 0.2
        local_build_time = 0.25
		terrain_override = {
			93
		}
    }
		# Germany
	urban_bonn = {
		color = { 177 156 217 }
        type = plains
        sound_type = plains
        supply_limit = 10
        movement_cost = 1.0
        local_development_cost = -0.20
        allowed_num_of_buildings = 4
        nation_designer_cost_multiplier = 1.50
        local_build_time = -0.30
        local_build_cost = -0.25
		terrain_override = {
			8494
		}
    }
	# Germany
	urban_cologne = {
		color = { 177 156 217 }
        type = plains
        sound_type = plains
        supply_limit = 10
        movement_cost = 1.0
        local_development_cost = -0.30
        allowed_num_of_buildings = 4
        nation_designer_cost_multiplier = 1.50
        local_build_time = -0.30
        local_build_cost = -0.25
		terrain_override = {
			85
		}
    }
	# Germany
	urban_wiesbaden = {
		color = { 177 156 217 }
        type = plains
        sound_type = plains
        supply_limit = 10
        movement_cost = 1.0
        local_development_cost = -0.20
        allowed_num_of_buildings = 4
        nation_designer_cost_multiplier = 1.50
        local_build_time = -0.30
        local_build_cost = -0.25
		terrain_override = {
			7540
		}
    }
	# Germany
	urban_russelsheim = {
		color = { 177 156 217 }
        type = forest
        sound_type = forest
        supply_limit = 4
        movement_cost = 1.10
        local_development_cost = -0.10
        allowed_num_of_buildings = 3
        nation_designer_cost_multiplier = 1.4
        defence = 1
        local_defensiveness = 0.1
        local_build_cost = -0.1
		terrain_override = {
			7547
		}
    }
	# Germany
	urban_darmstadt = {
		color = { 177 156 217 }
        type = forest
        sound_type = forest
        supply_limit = 4
        movement_cost = 1.10
        local_development_cost = -0.10
        allowed_num_of_buildings = 3
        nation_designer_cost_multiplier = 1.4
        defence = 1
        local_defensiveness = 0.1
        local_build_cost = -0.1
		terrain_override = {
			3207
		}
    }
	# Germany
	urban_hanau = {
		color = { 177 156 217 }
        type = plains
        sound_type = plains
        supply_limit = 10
        movement_cost = 1.0
        local_development_cost = -0.20
        allowed_num_of_buildings = 4
        nation_designer_cost_multiplier = 1.50
        local_build_time = -0.30
        local_build_cost = -0.25
		terrain_override = {
			7546
		}
    }
	# Germany
	urban_dusseldorf = {
		color = { 177 156 217 }
        type = plains
        sound_type = plains
        supply_limit = 10
        movement_cost = 1.0
        local_development_cost = -0.20
        allowed_num_of_buildings = 4
        nation_designer_cost_multiplier = 1.50
        local_build_time = -0.30
        local_build_cost = -0.25
		terrain_override = {
			84
		}
    }
	# Germany
	urban_wuppertal = {
		color = { 177 156 217 }
        type = hills
        sound_type = mountains
        supply_limit = 2
        movement_cost = 1.80
        local_development_cost = 0.10
        allowed_num_of_buildings = 2
        nation_designer_cost_multiplier = 1.3
        defence = 2
        local_defensiveness = 0.2
        local_build_time = 0.25
		terrain_override = {
			7534
		}
    }
	# Germany
	urban_duisburg = {
		color = { 177 156 217 }
        type = plains
        sound_type = plains
        supply_limit = 10
        movement_cost = 1.0
        local_development_cost = -0.20
        allowed_num_of_buildings = 4
        nation_designer_cost_multiplier = 1.50
        local_build_time = -0.30
        local_build_cost = -0.25
		terrain_override = {
			7533
		}
    }
	# Germany
	urban_essen = {
		color = { 177 156 217 }
        type = plains
        sound_type = plains
        supply_limit = 10
        movement_cost = 1.0
        local_development_cost = -0.20
        allowed_num_of_buildings = 4
        nation_designer_cost_multiplier = 1.50
        local_build_time = -0.30
        local_build_cost = -0.25
		terrain_override = {
			3199
		}
    }
	# Germany
	urban_dortmund = {
		color = { 177 156 217 }
        type = plains
        sound_type = plains
        supply_limit = 10
        movement_cost = 1.0
        local_development_cost = -0.30
        allowed_num_of_buildings = 4
        nation_designer_cost_multiplier = 1.50
        local_build_time = -0.30
        local_build_cost = -0.25
		terrain_override = {
			3292
		}
    }
	# Germany
	urban_munster = {
		color = { 177 156 217 }
        type = plains
        sound_type = plains
        supply_limit = 10
        movement_cost = 1.0
        local_development_cost = -0.20
        allowed_num_of_buildings = 4
        nation_designer_cost_multiplier = 1.50
        local_build_time = -0.30
        local_build_cost = -0.25
		terrain_override = {
			86
		}
    }
	# Germany
	urban_bielefeld = {
		color = { 177 156 217 }
        type = hills
        sound_type = mountains
        supply_limit = 2
        movement_cost = 1.80
        local_development_cost = 0.10
        allowed_num_of_buildings = 2
        nation_designer_cost_multiplier = 1.3
        defence = 2
        local_defensiveness = 0.2
        local_build_time = 0.25
		terrain_override = {
			4775
		}
    }
	# Germany
	urban_paderborn = {
		color = { 177 156 217 }
        type = hills
        sound_type = mountains
        supply_limit = 2
        movement_cost = 1.80
        local_development_cost = 0.10
        allowed_num_of_buildings = 2
        nation_designer_cost_multiplier = 1.3
        defence = 2
        local_defensiveness = 0.2
        local_build_time = 0.25
		terrain_override = {
			2972
		}
    }
	# Germany
	urban_gottingen = {
		color = { 177 156 217 }
        type = hills
        sound_type = mountains
        supply_limit = 2
        movement_cost = 1.80
        local_development_cost = 0.10
        allowed_num_of_buildings = 2
        nation_designer_cost_multiplier = 1.3
        defence = 2
        local_defensiveness = 0.2
        local_build_time = 0.25
		terrain_override = {
			4773
		}
    }
	# Germany
	urban_hanover = {
		color = { 177 156 217 }
        type = plains
        sound_type = plains
        supply_limit = 10
        movement_cost = 1.0
        local_development_cost = -0.20
        allowed_num_of_buildings = 4
        nation_designer_cost_multiplier = 1.50
        local_build_time = -0.30
        local_build_cost = -0.25
		terrain_override = {
			1758
		}
    }
	# Germany
	urban_oldenburg = {
		color = { 177 156 217 }
        type = marsh
        sound_type = forest
        supply_limit = 2
        movement_cost = 1.50
        local_development_cost = 0.10
        allowed_num_of_buildings = 2
        nation_designer_cost_multiplier = 1.30
        defence = 2
        local_defensiveness = 0.2
        local_build_time = 0.25
        local_build_cost = 0.25
		terrain_override = {
			55
		}
    }
	# Germany
	urban_bremen = {
		color = { 177 156 217 }
        type = marsh
        sound_type = forest
        supply_limit = 2
        movement_cost = 1.50
        local_development_cost = -0.30
        allowed_num_of_buildings = 2
        nation_designer_cost_multiplier = 1.30
        defence = 2
        local_defensiveness = 0.2
        local_build_time = 0.25
        local_build_cost = 0.25
		terrain_override = {
			1874
		}
    }
	# Germany
	urban_brunswick = {
		color = { 177 156 217 }
        type = plains
        sound_type = plains
        supply_limit = 10
        movement_cost = 1.0
        local_development_cost = -0.20
        allowed_num_of_buildings = 4
        nation_designer_cost_multiplier = 1.50
        local_build_time = -0.30
        local_build_cost = -0.25
		terrain_override = {
			57
		}
    }
	# Germany
	urban_wolfsburg = {
		color = { 177 156 217 }
        type = forest
        sound_type = forest
        supply_limit = 4
        movement_cost = 1.10
        local_development_cost = -0.10
        allowed_num_of_buildings = 3
        nation_designer_cost_multiplier = 1.4
        defence = 1
        local_defensiveness = 0.1
        local_build_cost = -0.1
		terrain_override = {
			7520
		}
    }
	# Germany
	urban_magdeburg = {
		color = { 177 156 217 }
        type = forest
        sound_type = forest
        supply_limit = 4
        movement_cost = 1.10
        local_development_cost = -0.10
        allowed_num_of_buildings = 3
        nation_designer_cost_multiplier = 1.4
        defence = 1
        local_defensiveness = 0.1
        local_build_cost = -0.1
		terrain_override = {
			52
		}
    }
	# Germany
	urban_halle = {
		color = { 177 156 217 }
        type = forest
        sound_type = forest
        supply_limit = 4
        movement_cost = 1.10
        local_development_cost = -0.10
        allowed_num_of_buildings = 3
        nation_designer_cost_multiplier = 1.4
        defence = 1
        local_defensiveness = 0.1
        local_build_cost = -0.1
		terrain_override = {
			4741
		}
    }
	# Germany
	urban_erfurt = {
		color = { 177 156 217 }
        type = plains
        sound_type = plains
        supply_limit = 10
        movement_cost = 1.0
        local_development_cost = -0.20
        allowed_num_of_buildings = 4
        nation_designer_cost_multiplier = 1.50
        local_build_time = -0.30
        local_build_cost = -0.25
		terrain_override = {
			63
		}
    }
	# Germany
	urban_leipzig = {
		color = { 177 156 217 }
        type = plains
        sound_type = plains
        supply_limit = 10
        movement_cost = 1.0
        local_development_cost = -0.20
        allowed_num_of_buildings = 4
        nation_designer_cost_multiplier = 1.50
        local_build_time = -0.30
        local_build_cost = -0.25
		terrain_override = {
			62
		}
    }
    urban_meissen = {
        color = { 177 156 217 }
        type = plains
        sound_type = plains
        supply_limit = 10
        movement_cost = 1.0
        local_development_cost = -0.20
        allowed_num_of_buildings = 4
        nation_designer_cost_multiplier = 1.50
        local_build_time = -0.30
        local_build_cost = -0.25
        terrain_override = {
            7638
        }
    }
	# Germany
	urban_chemnitz = {
		color = { 177 156 217 }
        type = hills
        sound_type = mountains
        supply_limit = 2
        movement_cost = 1.80
        local_development_cost = 0.10
        allowed_num_of_buildings = 2
        nation_designer_cost_multiplier = 1.3
        defence = 2
        local_defensiveness = 0.2
        local_build_time = 0.25
		terrain_override = {
			7644
		}
    }
	# Germany
	urban_zwickau = {
		color = { 177 156 217 }
        type = hills
        sound_type = mountains
        supply_limit = 2
        movement_cost = 1.80
        local_development_cost = 0.10
        allowed_num_of_buildings = 2
        nation_designer_cost_multiplier = 1.3
        defence = 2
        local_defensiveness = 0.2
        local_build_time = 0.25
		terrain_override = {
			7646
		}
    }
	# Germany
	urban_frankfurt_an_der_oder = {
		color = { 177 156 217 }
        type = forest
        sound_type = forest
        supply_limit = 4
        movement_cost = 1.10
        local_development_cost = -0.10
        allowed_num_of_buildings = 3
        nation_designer_cost_multiplier = 1.4
        defence = 1
        local_defensiveness = 0.1
        local_build_cost = -0.1
		terrain_override = {
			7625
		}
    }
	# Germany
	urban_potsdam = {
		color = { 177 156 217 }
        type = forest
        sound_type = forest
        supply_limit = 4
        movement_cost = 1.10
        local_development_cost = -0.10
        allowed_num_of_buildings = 3
        nation_designer_cost_multiplier = 1.4
        defence = 1
        local_defensiveness = 0.1
        local_build_cost = -0.1
		terrain_override = {
			1759
		}
    }
	# Germany
	urban_koblenz = {
		color = { 177 156 217 }
        type = hills
        sound_type = mountains
        supply_limit = 2
        movement_cost = 1.80
        local_development_cost = 0.10
        allowed_num_of_buildings = 2
        nation_designer_cost_multiplier = 1.3
        defence = 2
        local_defensiveness = 0.2
        local_build_time = 0.25
		terrain_override = {
			1760
		}
    }
	# Poland
	urban_katowice = {
		color = { 177 156 217 }
        type = plains
        sound_type = plains
        supply_limit = 10
        movement_cost = 1.0
        local_development_cost = -0.20
        allowed_num_of_buildings = 4
        nation_designer_cost_multiplier = 1.50
        local_build_time = -0.30
        local_build_cost = -0.25
		terrain_override = {
			7677
		}
    }
	# Poland
	urban_legnica = {
		color = { 177 156 217 }
        type = plains
        sound_type = plains
        supply_limit = 10
        movement_cost = 1.0
        local_development_cost = -0.20
        allowed_num_of_buildings = 4
        nation_designer_cost_multiplier = 1.50
        local_build_time = -0.30
        local_build_cost = -0.25
		terrain_override = {
			4238
		}
    }
	# Poland
	urban_czestochowa = {
		color = { 177 156 217 }
		movement_cost = 1.10
        type = forest
        sound_type = forest
        supply_limit = 4
        local_development_cost = -0.10
        allowed_num_of_buildings = 3
        nation_designer_cost_multiplier = 1.4
        defence = 1
        local_defensiveness = 0.1
        local_build_cost = -0.1
		terrain_override = {
			3220
		}
    }
	# Poland
	urban_lodz = {
		color = { 177 156 217 }
        type = plains
        sound_type = plains
        supply_limit = 10
        movement_cost = 1.0
        local_development_cost = -0.20
        allowed_num_of_buildings = 4
        nation_designer_cost_multiplier = 1.50
        local_build_time = -0.30
        local_build_cost = -0.25
		terrain_override = {
			1939
		}
    }
	# Poland
	urban_brydoszcz = {
		color = { 177 156 217 }
        type = forest
        sound_type = forest
        supply_limit = 4
        movement_cost = 1.10
        local_development_cost = -0.10
        allowed_num_of_buildings = 3
        nation_designer_cost_multiplier = 1.4
        defence = 1
        local_defensiveness = 0.1
        local_build_cost = -0.1
		terrain_override = {
			4523
		}
    }
	# Poland
	urban_gdynia = {
		color = { 177 156 217 }
        type = forest
        sound_type = forest
        supply_limit = 4
        movement_cost = 1.10
        local_development_cost = -0.10
        allowed_num_of_buildings = 3
        nation_designer_cost_multiplier = 1.4
        defence = 1
        local_defensiveness = 0.1
        local_build_cost = -0.1
		terrain_override = {
			7828
		}
    }
	# Poland
	urban_bialystok = {
		color = { 177 156 217 }
        type = forest
        sound_type = forest
        supply_limit = 4
        movement_cost = 1.10
        local_development_cost = -0.10
        allowed_num_of_buildings = 3
        nation_designer_cost_multiplier = 1.4
        defence = 1
        local_defensiveness = 0.1
        local_build_cost = -0.1
		terrain_override = {
			3223
		}
    }
	# Estonia
	urban_tartu = {
		color = { 177 156 217 }
        type = marsh
        sound_type = forest
        supply_limit = 2
        movement_cost = 1.50
        local_development_cost = 0.10
        allowed_num_of_buildings = 2
        nation_designer_cost_multiplier = 1.30
        defence = 2
        local_defensiveness = 0.2
        local_build_time = 0.25
        local_build_cost = 0.25
		terrain_override = {
			1834
		}
    }
	# Belarus
	urban_viciebsk = {
		color = { 177 156 217 }
        type = forest
        sound_type = forest
        supply_limit = 4
        movement_cost = 1.10
        local_development_cost = -0.10
        allowed_num_of_buildings = 3
        nation_designer_cost_multiplier = 1.4
        defence = 1
        local_defensiveness = 0.1
        local_build_cost = -0.1
		terrain_override = {
			771
		}
    }
	# Belarus
	urban_mogilex = {
		color = { 177 156 217 }
        type = forest
        sound_type = forest
        supply_limit = 4
        movement_cost = 1.10
        local_development_cost = -0.10
        allowed_num_of_buildings = 3
        nation_designer_cost_multiplier = 1.4
        defence = 1
        local_defensiveness = 0.1
        local_build_cost = -0.1
		terrain_override = {
			292
		}
    }
	# Belarus
	urban_salihorsk = {
		color = { 177 156 217 }
        type = forest
        sound_type = forest
        supply_limit = 2
        movement_cost = 1.50
        local_development_cost = -0.10
        allowed_num_of_buildings = 2
        nation_designer_cost_multiplier = 1.3
        defence = 2
        local_defensiveness = 0.2
        local_build_time = 0.25
		terrain_override = {
			4545
		}
    }
	# Ukraine
	urban_zhytomyr = {
		color = { 177 156 217 }
        type = forest
        sound_type = forest
        supply_limit = 4
        movement_cost = 1.10
        local_development_cost = -0.10
        allowed_num_of_buildings = 3
        nation_designer_cost_multiplier = 1.4
        defence = 1
        local_defensiveness = 0.1
        local_build_cost = -0.1
		terrain_override = {
			1942
		}
    }
	# Ukraine
	urban_cherkasy = {
		color = { 177 156 217 }
        type = forest
        sound_type = forest
        supply_limit = 2
        movement_cost = 1.50
        local_development_cost = -0.10
        allowed_num_of_buildings = 2
        nation_designer_cost_multiplier = 1.3
        defence = 2
        local_defensiveness = 0.2
        local_build_time = 0.25
		terrain_override = {
			1944
		}
    }
	# Ukraine
	urban_dnipro = {
		color = { 177 156 217 }
        type = plains
        sound_type = plains
        supply_limit = 4
        movement_cost = 1.10
        local_development_cost = -0.10
        allowed_num_of_buildings = 3
        nation_designer_cost_multiplier = 1.4
        defence = 1
        local_defensiveness = 0.1
        local_build_cost = -0.1
		terrain_override = {
			7196
		}
    }
	# Ukraine
	urban_mykolaiv = {
		color = { 177 156 217 }
        type = plains
        sound_type = plains
        supply_limit = 10
        movement_cost = 1.0
        local_development_cost = -0.20
        allowed_num_of_buildings = 4
        nation_designer_cost_multiplier = 1.50
        local_build_time = -0.30
        local_build_cost = -0.25
		terrain_override = {
			2406
		}
    }
	# Ukraine
	urban_sevastopol = {
		color = { 177 156 217 }
        type = hills
        sound_type = mountains
        supply_limit = 2
        movement_cost = 1.80
        local_development_cost = -0.30
        allowed_num_of_buildings = 2
        nation_designer_cost_multiplier = 1.3
        defence = 2
        local_defensiveness = 0.2
        local_build_time = 0.25
		terrain_override = {
			2410
		}
    }
	# Ukraine
	urban_donetsk = {
		color = { 177 156 217 }
        type = plains
        sound_type = plains
        supply_limit = 10
        movement_cost = 1.0
        local_development_cost = -0.20
        allowed_num_of_buildings = 4
        nation_designer_cost_multiplier = 1.50
        local_build_time = -0.30
        local_build_cost = -0.25
		terrain_override = {
			7202
		}
    }
	# Ukraine
	urban_luhansk = {
		color = { 177 156 217 }
        type = plains
        sound_type = plains
        supply_limit = 4
        movement_cost = 1.10
        local_development_cost = -0.10
        allowed_num_of_buildings = 3
        nation_designer_cost_multiplier = 1.4
        defence = 1
        local_defensiveness = 0.1
        local_build_cost = -0.1
		terrain_override = {
			7204
		}
    }
	# Russia
	urban_krasnodar = {
		color = { 177 156 217 }
        type = plains
        sound_type = plains
        supply_limit = 2
        movement_cost = 1.10
        local_development_cost = -0.10
        allowed_num_of_buildings = 3
        nation_designer_cost_multiplier = 1.3
        defence = 2
        local_defensiveness = 0.2
		terrain_override = {
			3335
		}
    }
	# Slovakia
	urban_nitra = {
		color = { 177 156 217 }
        type = hills
        sound_type = mountains
        supply_limit = 2
        movement_cost = 1.80
        local_development_cost = 0.10
        allowed_num_of_buildings = 2
        nation_designer_cost_multiplier = 1.3
        defence = 2
        local_defensiveness = 0.2
        local_build_time = 0.25
		terrain_override = {
			8174
		}
    }
	# Slovakia
	urban_kosice = {
		color = { 177 156 217 }
        type = hills
        sound_type = mountains
        supply_limit = 2
        movement_cost = 1.80
        local_development_cost = 0.10
        allowed_num_of_buildings = 2
        nation_designer_cost_multiplier = 1.3
        defence = 2
        local_defensiveness = 0.2
        local_build_time = 0.25
		terrain_override = {
			162
		}
    }
	# Romania
	urban_cluj_napoca = {
		color = { 177 156 217 }
        type = hills
        sound_type = mountains
        supply_limit = 2
        movement_cost = 1.80
        local_development_cost = 0.10
        allowed_num_of_buildings = 2
        nation_designer_cost_multiplier = 1.3
        defence = 2
        local_defensiveness = 0.2
        local_build_time = 0.25
		terrain_override = {
			3101
		}
    }
	# Hungary
	urban_debrecen = {
		color = { 177 156 217 }
        type = forest
        sound_type = forest
        supply_limit = 4
        movement_cost = 1.10
        local_development_cost = -0.10
        allowed_num_of_buildings = 3
        nation_designer_cost_multiplier = 1.4
        defence = 1
        local_defensiveness = 0.1
        local_build_cost = -0.1
		terrain_override = {
			8218
		}
    }
	# Hungary
	urban_szeged = {
		color = { 177 156 217 }
        type = forest
        sound_type = forest
        supply_limit = 4
        movement_cost = 1.10
        local_development_cost = -0.10
        allowed_num_of_buildings = 3
        nation_designer_cost_multiplier = 1.4
        defence = 1
        local_defensiveness = 0.1
        local_build_cost = -0.1
		terrain_override = {
			4173
		}
    }
	# Bosnia
	urban_sarajevo = {
		color = { 177 156 217 }
        type = mountains
        sound_type = mountains
        supply_limit = 1
        movement_cost = 2.5
        local_development_cost = 0.30
        allowed_num_of_buildings = 1
        nation_designer_cost_multiplier = 1.00
        defence = 4
        local_defensiveness = 0.50
        local_build_time = 0.5
        local_build_cost = 0.25
		terrain_override = {
			3002
		}
    }
	# Serbia
	urban_nis = {
		color = { 177 156 217 }
        type = hills
        sound_type = mountains
        supply_limit = 2
        movement_cost = 1.80
        local_development_cost = 0.10
        allowed_num_of_buildings = 2
        nation_designer_cost_multiplier = 1.3
        defence = 2
        local_defensiveness = 0.2
        local_build_time = 0.25
		terrain_override = {
			3000
		}
    }
	# Kosovo
	urban_pristina = {
		color = { 177 156 217 }
        type = hills
        sound_type = mountains
        supply_limit = 2
        movement_cost = 1.80
        local_development_cost = 0.10
        allowed_num_of_buildings = 2
        nation_designer_cost_multiplier = 1.3
        defence = 2
        local_defensiveness = 0.2
        local_build_time = 0.25
		terrain_override = {
			7702
		}
    }
	# Albania
	urban_vlore = {
		color = { 177 156 217 }
        type = hills
        sound_type = mountains
        supply_limit = 2
        movement_cost = 1.80
        local_development_cost = 0.10
        allowed_num_of_buildings = 2
        nation_designer_cost_multiplier = 1.3
        defence = 2
        local_defensiveness = 0.2
        local_build_time = 0.25
		terrain_override = {
			3181
		}
    }
	# Greece
	urban_sparti = {
		color = { 177 156 217 }
        type = mountains
        sound_type = mountains
        supply_limit = 1
        movement_cost = 2.5
        local_development_cost = 0.30
        allowed_num_of_buildings = 1
        nation_designer_cost_multiplier = 1.00
        defence = 4
        local_defensiveness = 0.50
        local_build_time = 0.5
        local_build_cost = 0.25
		terrain_override = {
			145
		}
    }
	# Indian Ocean
	urban_saint_denis = {
		color = { 177 156 217 }
        sound_type = sea
        supply_limit = 6
        movement_cost = 1.10
        local_development_cost = -0.10
        allowed_num_of_buildings = 2
        nation_designer_cost_multiplier = 1.4
        defence = 2
        local_build_time = 0.15
        local_build_cost = 0.10
		terrain_override = {
			1103
		}
    }
	# Indian Ocean
	urban_port_louis = {
		color = { 177 156 217 }
        sound_type = sea
        supply_limit = 6
        movement_cost = 1.10
        local_development_cost = -0.10
        allowed_num_of_buildings = 2
        nation_designer_cost_multiplier = 1.4
        defence = 2
        local_build_time = 0.15
        local_build_cost = 0.10
		terrain_override = {
			1102
		}
    }
	# Iceland
	urban_reykjavik = {
		color = { 177 156 217 }
        type = hills
        sound_type = mountains
        supply_limit = 2
        movement_cost = 1.80
        local_development_cost = 0.10
        allowed_num_of_buildings = 2
        nation_designer_cost_multiplier = 1.3
        defence = 2
        local_defensiveness = 0.2
        local_build_time = 0.25
		terrain_override = {
			370
		}
    }
	# Sweden
	urban_visby = {
		color = { 177 156 217 }
        sound_type = sea
        supply_limit = 6
        movement_cost = 1.10
        local_development_cost = -0.10
        allowed_num_of_buildings = 2
        nation_designer_cost_multiplier = 1.4
        defence = 2
        local_build_time = 0.15
        local_build_cost = 0.10
		terrain_override = {
			25
		}
    }
	# Indonesia
	urban_yogyakarta = {
		color = { 177 156 217 }
        type = jungle
        sound_type = jungle
        supply_limit = 1
        movement_cost = 2.0
        local_development_cost = 0.20
        allowed_num_of_buildings = 1
        nation_designer_cost_multiplier = 1.25
        defence = 3
        local_build_time = 0.5
        local_build_cost = 0.1
		terrain_override = {
			8620
		}
    }
	# Indonesia
	urban_semarang = {
		color = { 177 156 217 }
        type = plains
        sound_type = plains
        supply_limit = 10
        movement_cost = 1.0
        local_development_cost = -0.30
        
        allowed_num_of_buildings = 4
        nation_designer_cost_multiplier = 1.50
        local_build_time = -0.30
        local_build_cost = -0.25
		terrain_override = {
			629
		}
    }
	# Japan
	urban_shizuoka = {
		color = { 177 156 217 }
        type = hills
        sound_type = mountains
        supply_limit = 2
        movement_cost = 1.80
        local_development_cost = 0.10
        allowed_num_of_buildings = 2
        nation_designer_cost_multiplier = 1.3
        defence = 2
        local_defensiveness = 0.2
        local_build_time = 0.25
		terrain_override = {
			1839
		}
    }
	# Japan
	urban_kurume = {
		color = { 177 156 217 }
        type = hills
        sound_type = mountains
        supply_limit = 2
        movement_cost = 1.80
        local_development_cost = 0.10
        allowed_num_of_buildings = 2
        nation_designer_cost_multiplier = 1.3
        defence = 2
        local_defensiveness = 0.2
        local_build_time = 0.25
		terrain_override = {
			4182
		}
    }
	# Japan
	urban_kofu = {
		color = { 177 156 217 }
        type = mountains
        sound_type = mountains
        supply_limit = 1
        movement_cost = 2.5
        local_development_cost = -0.30
        allowed_num_of_buildings = 1
        nation_designer_cost_multiplier = 1.00
        defence = 4
        local_defensiveness = 0.50
        local_build_time = 0.5
        local_build_cost = 0.25
		terrain_override = {
			1029
		}
    }
	# Japan
	urban_kanazawa = {
		color = { 177 156 217 }
        type = hills
        sound_type = mountains
        supply_limit = 2
        movement_cost = 1.80
        local_development_cost = 0.10
        allowed_num_of_buildings = 2
        nation_designer_cost_multiplier = 1.3
        defence = 2
        local_defensiveness = 0.2
        local_build_time = 0.25
		terrain_override = {
			6457
		}
    }
	# Japan
	urban_aomori = {
		color = { 177 156 217 }
        type = hills
        sound_type = mountains
        supply_limit = 2
        movement_cost = 1.80
        local_development_cost = 0.10
        allowed_num_of_buildings = 2
        nation_designer_cost_multiplier = 1.3
        defence = 2
        local_defensiveness = 0.2
        local_build_time = 0.25
		terrain_override = {
			6429
		}
    }
	# India
	urban_rajkot = {
		color = { 177 156 217 }
        type = plains
        sound_type = plains
        supply_limit = 10
        movement_cost = 1.0
        local_development_cost = -0.20
        allowed_num_of_buildings = 4
        nation_designer_cost_multiplier = 1.50
        local_build_time = -0.30
        local_build_cost = -0.25
		terrain_override = {
			521
		}
    }
	# Ottoman
	urban_diyarbakir = {
		color = { 177 156 217 }
        type = plains
        sound_type = plains
        supply_limit = 10
        movement_cost = 1.0
        local_development_cost = -0.20
        allowed_num_of_buildings = 4
        nation_designer_cost_multiplier = 1.50
        local_build_time = -0.30
        local_build_cost = -0.25
		terrain_override = {
			418
		}
    }
	# Ottoman
	urban_erzurum = {
		color = { 177 156 217 }
        type = mountains
        sound_type = mountains
        supply_limit = 1
        movement_cost = 1.5
        local_development_cost = 0.15
        allowed_num_of_buildings = 1
        nation_designer_cost_multiplier = 1.00
        defence = 4
        local_defensiveness = 0.75
        local_build_time = 0.15
        local_build_cost = 0.15
		terrain_override = {
			331
		}
    }
	# Africa
	urban_kaolack = {
		color = { 177 156 217 }
        type = plains
        sound_type = plains
        supply_limit = 10
        movement_cost = 1.0
        local_development_cost = -0.20
        allowed_num_of_buildings = 4
        nation_designer_cost_multiplier = 1.50
        local_build_time = -0.30
        local_build_cost = -0.25
		terrain_override = {
			1116
		}
    }
	# Africa
	urban_kilwa = {
		color = { 177 156 217 }
        type = hills
        sound_type = mountains
        supply_limit = 2
        movement_cost = 1.80
        local_development_cost = 0.10
        allowed_num_of_buildings = 2
        nation_designer_cost_multiplier = 1.3
        defence = 2
        local_defensiveness = 0.2
        local_build_time = 0.25
		terrain_override = {
			1196
		}
    }
	# Russia
	urban_bryansk = {
		color = { 177 156 217 }
        type = forest
        sound_type = forest
        supply_limit = 2
        movement_cost = 1.50
        local_development_cost = -0.10
        allowed_num_of_buildings = 2
        nation_designer_cost_multiplier = 1.3
        defence = 2
        local_defensiveness = 0.2
        local_build_time = 0.25
		terrain_override = {
			297
		}
    }
	# England
	urban_sheffield = {
		color = { 177 156 217 }
        type = hills
        sound_type = mountains
        supply_limit = 2
        movement_cost = 1.80
        local_development_cost = 0.10
        allowed_num_of_buildings = 2
        nation_designer_cost_multiplier = 1.3
        defence = 2
        local_defensiveness = 0.2
        local_build_time = 0.25
		terrain_override = {
			4785
		}
    }
	# Russia
	urban_tver = {
		color = { 177 156 217 }
        type = forest
        sound_type = forest
        supply_limit = 4
        movement_cost = 1.10
        local_development_cost = -0.10
        allowed_num_of_buildings = 3
        nation_designer_cost_multiplier = 1.4
        defence = 1
        local_defensiveness = 0.1
        local_build_cost = -0.1
		terrain_override = {
			294
		}
    }
	# Africa
	urban_ait_benhaddou = {
		color = { 177 156 217 }
        type = hills
        sound_type = mountains
        supply_limit = 1
        movement_cost = 1.70
        local_development_cost = 0.15
        allowed_num_of_buildings = 2
        nation_designer_cost_multiplier = 1.25
        defence = 2
        local_defensiveness = 0.2
        local_build_time = 0.25
        local_build_cost = 0.1
		terrain_override = {
			4568
		}
    }
	# Italy
	urban_ravenna = {
		color = { 177 156 217 }
        type = plains
        sound_type = plains
        supply_limit = 10
        movement_cost = 1.0
        local_development_cost = -0.20
        allowed_num_of_buildings = 4
        nation_designer_cost_multiplier = 1.50
        local_build_time = -0.30
        local_build_cost = -0.25
		terrain_override = {
			114
		}
    }
	# Italy
	urban_san_marino = {
		color = { 177 156 217 }
        type = hills
        sound_type = mountains
        supply_limit = 2
        movement_cost = 1.80
        local_development_cost = 0.10
        allowed_num_of_buildings = 2
        nation_designer_cost_multiplier = 1.3
        defence = 2
        local_defensiveness = 0.2
        local_build_time = 0.25
		terrain_override = {
			3300
		}
    }
	# Italy
	urban_carpegna = {
		color = { 177 156 217 }
        type = hills
        sound_type = mountains
        supply_limit = 2
        movement_cost = 1.80
        local_development_cost = 0.10
        allowed_num_of_buildings = 2
        nation_designer_cost_multiplier = 1.3
        defence = 2
        local_defensiveness = 0.2
        local_build_time = 0.25
		terrain_override = {
			7034
		}
    }
	# Japan
	urban_takamatsu = {
		color = { 177 156 217 }
        type = hills
        sound_type = mountains
        supply_limit = 2
        movement_cost = 1.80
        local_development_cost = 0.10
        allowed_num_of_buildings = 2
        nation_designer_cost_multiplier = 1.3
        defence = 2
        local_defensiveness = 0.2
        local_build_time = 0.25
		terrain_override = {
			6463
		}
    }
	# Ottoman
	urban_kutaisi = {
		color = { 177 156 217 }
        type = hills
        sound_type = mountains
        supply_limit = 2
        movement_cost = 1.80
        local_development_cost = 0.10
        allowed_num_of_buildings = 2
        nation_designer_cost_multiplier = 1.3
        defence = 2
        local_defensiveness = 0.2
        local_build_time = 0.25
		terrain_override = {
			422
		}
    }
	# Ottoman
	urban_van = {
		color = { 177 156 217 }
        type = plains
        sound_type = plains
        supply_limit = 1
        movement_cost = 1
        local_development_cost = -0.05
        allowed_num_of_buildings = 1
        nation_designer_cost_multiplier = 1.00
        defence = 1
        local_defensiveness = 0.10
		terrain_override = {
			2307
		}
    }
    # Russia
	urban_tula = {
		color = { 177 156 217 }
        type = forest
        sound_type = forest
        supply_limit = 10
        movement_cost = 1.0
        local_development_cost = -0.20
        allowed_num_of_buildings = 4
        nation_designer_cost_multiplier = 1.50
        local_build_time = -0.30
        local_build_cost = -0.25
		terrain_override = {
			300
		}
    }
    # Bohemia
	urban_tabor = {
		color = { 177 156 217 }
        type = hills
        sound_type = mountains
        supply_limit = 2
        movement_cost = 1.80
        local_development_cost = 0.10
        allowed_num_of_buildings = 2
        nation_designer_cost_multiplier = 1.3
        defence = 2
        local_defensiveness = 0.2
        local_build_time = 0.25
		terrain_override = {
			4725
		}
    }
    # Germany
	urban_usedom = {
		color = { 177 156 217 }
        type = marsh
        sound_type = forest
        supply_limit = 2
        movement_cost = 1.50
        local_development_cost = 0.10
        allowed_num_of_buildings = 2
        nation_designer_cost_multiplier = 1.30
        defence = 2
        local_defensiveness = 0.2
        local_build_time = 0.25
        local_build_cost = 0.25
		terrain_override = {
			7816
		}
    }
    # Poland
	urban_ortelsburg = {
		color = { 177 156 217 }
        type = forest
        sound_type = forest
        supply_limit = 4
        movement_cost = 1.10
        local_development_cost = -0.10
        allowed_num_of_buildings = 3
        nation_designer_cost_multiplier = 1.4
        defence = 1
        local_defensiveness = 0.1
        local_build_cost = -0.1
		terrain_override = {
			7831
		}
    }
    # Baltic
	urban_mitau = {
		color = { 177 156 217 }
        type = forest
        sound_type = forest
        supply_limit = 4
        movement_cost = 1.10
        local_development_cost = -0.10
        allowed_num_of_buildings = 3
        nation_designer_cost_multiplier = 1.4
        defence = 1
        local_defensiveness = 0.1
        local_build_cost = -0.1
		terrain_override = {
			1935
		}
    }
    # Ireland
	urban_conamara = {
		color = { 177 156 217 }
        type = hills
        sound_type = mountains
        supply_limit = 1
        movement_cost = 1.70
        local_development_cost = 0.15
        allowed_num_of_buildings = 2
        nation_designer_cost_multiplier = 1.25
        defence = 2
        local_defensiveness = 0.2
        local_build_time = 0.25
        local_build_cost = 0.1
		terrain_override = {
			8161
		}
    }
    # Poland
	urban_kalisz = {
		color = { 177 156 217 }
        type = forest
        sound_type = forest
        supply_limit = 4
        movement_cost = 1.10
        local_development_cost = -0.10
        allowed_num_of_buildings = 3
        nation_designer_cost_multiplier = 1.4
        defence = 1
        local_defensiveness = 0.1
        local_build_cost = -0.1
		terrain_override = {
			255
		}
    }
    # Germany
	urban_laibach = {
		color = { 177 156 217 }
        type = hills
        sound_type = mountains
        supply_limit = 2
        movement_cost = 1.80
        local_development_cost = 0.10
        allowed_num_of_buildings = 2
        nation_designer_cost_multiplier = 1.3
        defence = 2
        local_defensiveness = 0.2
        local_build_time = 0.25
		terrain_override = {
			7570
		}
    }
    # Sweden
	urban_helsingborg = {
		color = { 177 156 217 }
        type = plains
        sound_type = plains
        supply_limit = 10
        movement_cost = 1.0
        local_development_cost = -0.20
        allowed_num_of_buildings = 4
        nation_designer_cost_multiplier = 1.50
        local_build_time = -0.30
        local_build_cost = -0.25
		terrain_override = {
			7766
		}
    }
    # Sweden
	urban_vasteras = {
		color = { 177 156 217 }
        type = forest
        sound_type = forest
        supply_limit = 4
        movement_cost = 1.10
        local_development_cost = -0.10
        allowed_num_of_buildings = 3
        nation_designer_cost_multiplier = 1.4
        defence = 1
        local_defensiveness = 0.1
        local_build_cost = -0.1
		terrain_override = {
			4
		}
    }
    # Poland
	urban_przemysl = {
		color = { 177 156 217 }
        type = forest
        sound_type = forest
        supply_limit = 4
        movement_cost = 1.10
        local_development_cost = -0.10
        allowed_num_of_buildings = 3
        nation_designer_cost_multiplier = 1.4
        defence = 1
        local_defensiveness = 0.1
        local_build_cost = -0.1
		terrain_override = {
			2424
		}
    }
    # Russia
	urban_kursk = {
		color = { 177 156 217 }
        type = plains
        sound_type = plains
        supply_limit = 10
        movement_cost = 1.0
        local_development_cost = -0.20
        allowed_num_of_buildings = 4
        nation_designer_cost_multiplier = 1.50
        local_build_time = -0.30
        local_build_cost = -0.25
		terrain_override = {
			298
		}
    }
    # Poland
	urban_auswintz = {
		color = { 177 156 217 }
        type = plains
        sound_type = plains
        supply_limit = 10
        movement_cost = 1.0
        local_development_cost = -0.20
        allowed_num_of_buildings = 4
        nation_designer_cost_multiplier = 1.50
        local_build_time = -0.30
        local_build_cost = -0.25
		terrain_override = {
			7678
		}
    }
    # Poland
	#urban_arnswalde = {
		#color = { 177 156 217 }
        #type = forest
        #sound_type = forest
        #supply_limit = 4
        #movement_cost = 1.10
        #local_development_cost = -0.10
        #allowed_num_of_buildings = 3
        #nation_designer_cost_multiplier = 1.4
        #defence = 1
        #local_defensiveness = 0.1
        #local_build_cost = -0.1
		#terrain_override = {
			#7819
		#}
    #}
    # Poland
	#urban_osterode = {
		#color = { 177 156 217 }
        #type = forest
        #sound_type = forest
        #supply_limit = 4
        #movement_cost = 1.10
        #local_development_cost = -0.10
        #allowed_num_of_buildings = 3
        #nation_designer_cost_multiplier = 1.4
        #defence = 1
        #local_defensiveness = 0.1
        #local_build_cost = -0.1
		#terrain_override = {
			#2958
		#}
    #}
    # Denmark
	urban_ribe = {
		color = { 177 156 217 }
        type = plains
        sound_type = plains
        supply_limit = 10
        movement_cost = 1.0
        local_development_cost = -0.20
        allowed_num_of_buildings = 4
        nation_designer_cost_multiplier = 1.50
        local_build_time = -0.30
        local_build_cost = -0.25
		terrain_override = {
			15
		}
    }
    # Bohemia
	urban_znojmo = {
		color = { 177 156 217 }
        type = hills
        sound_type = mountains
        supply_limit = 2
        movement_cost = 1.80
        local_development_cost = 0.10
        allowed_num_of_buildings = 2
        nation_designer_cost_multiplier = 1.3
        defence = 2
        local_defensiveness = 0.2
        local_build_time = 0.25
		terrain_override = {
			8237
		}
    }
    # Bohemia
	urban_nysa = {
		color = { 177 156 217 }
        type = hills
        sound_type = mountains
        supply_limit = 2
        movement_cost = 1.80
        local_development_cost = 0.10
        allowed_num_of_buildings = 2
        nation_designer_cost_multiplier = 1.3
        defence = 2
        local_defensiveness = 0.2
        local_build_time = 0.25
		terrain_override = {
			8251
		}
    }
    # Poland
	urban_stolp = {
		color = { 177 156 217 }
        type = marsh
        sound_type = forest
        supply_limit = 2
        movement_cost = 1.50
        local_development_cost = 0.10
        allowed_num_of_buildings = 2
        nation_designer_cost_multiplier = 1.30
        defence = 2
        local_defensiveness = 0.2
        local_build_time = 0.25
        local_build_cost = 0.25
		terrain_override = {
			2995
		}
    }
    # Estonia
	urban_narwa = {
		color = { 177 156 217 }
        type = forest
        sound_type = forest
        supply_limit = 4
        movement_cost = 1.10
        local_development_cost = -0.10
        allowed_num_of_buildings = 3
        nation_designer_cost_multiplier = 1.4
        defence = 1
        local_defensiveness = 0.1
        local_build_cost = -0.1
		terrain_override = {
			1842
		}
    }
    # Sweden
	urban_viborg = {
		color = { 177 156 217 }
        type = forest
        sound_type = forest
        supply_limit = 2
        movement_cost = 1.50
        local_development_cost = -0.10
        allowed_num_of_buildings = 2
        nation_designer_cost_multiplier = 1.3
        defence = 2
        local_defensiveness = 0.2
        local_build_time = 0.25
		terrain_override = {
			30
		}
    }
    # Germany
	urban_landsberg = {
		color = { 177 156 217 }
        type = forest
        sound_type = forest
        supply_limit = 4
        movement_cost = 1.10
        local_development_cost = -0.10
        allowed_num_of_buildings = 3
        nation_designer_cost_multiplier = 1.4
        defence = 1
        local_defensiveness = 0.1
        local_build_cost = -0.1
		terrain_override = {
			7595
		}
    }
    # Sweden
	urban_uppland = {
		color = { 177 156 217 }
        type = forest
        sound_type = forest
        supply_limit = 4
        movement_cost = 1.10
        local_development_cost = -0.10
        allowed_num_of_buildings = 3
        nation_designer_cost_multiplier = 1.4
        defence = 1
        local_defensiveness = 0.1
        local_build_cost = -0.1
		terrain_override = {
			3123
		}
    }
    # Poland
	urban_cieszyn = {
		color = { 177 156 217 }
        type = hills
        sound_type = mountains
        supply_limit = 2
        movement_cost = 1.80
        local_development_cost = 0.10
        allowed_num_of_buildings = 2
        nation_designer_cost_multiplier = 1.3
        defence = 2
        local_defensiveness = 0.2
        local_build_time = 0.25
		terrain_override = {
			8221
		}
    }
    # Sweden
	urban_kalmar = {
		color = { 177 156 217 }
        type = forest
        sound_type = forest
        supply_limit = 4
        movement_cost = 1.10
        local_development_cost = -0.10
        allowed_num_of_buildings = 3
        nation_designer_cost_multiplier = 1.4
        defence = 1
        local_defensiveness = 0.1
        local_build_cost = -0.1
		terrain_override = {
			3
		}
    }
    # Germany
	urban_merian = {
		color = { 177 156 217 }
        type = mountains
        sound_type = mountains
        supply_limit = 1
        movement_cost = 2.5
        local_development_cost = 0.30
        allowed_num_of_buildings = 1
        nation_designer_cost_multiplier = 1.00
        defence = 4
        local_defensiveness = 0.50
        local_build_time = 0.5
        local_build_cost = 0.25
		terrain_override = {
			4758
		}
    }
    # Poland
	urban_sandomierz = {
		color = { 177 156 217 }
        type = forest
        sound_type = forest
        supply_limit = 4
        movement_cost = 1.10
        local_development_cost = -0.10
        allowed_num_of_buildings = 3
        nation_designer_cost_multiplier = 1.4
        defence = 1
        local_defensiveness = 0.1
        local_build_cost = -0.1
		terrain_override = {
			#259
		}
    }
    # Slovenia
	urban_celje = {
		color = { 177 156 217 }
        type = hills
        sound_type = mountains
        supply_limit = 2
        movement_cost = 1.80
        local_development_cost = 0.10
        allowed_num_of_buildings = 2
        nation_designer_cost_multiplier = 1.3
        defence = 2
        local_defensiveness = 0.2
        local_build_time = 0.25
		terrain_override = {
			4751
		}
    }
    # Denmark
	urban_lolland = {
		color = { 177 156 217 }
        type = plains
        sound_type = plains
        supply_limit = 10
        movement_cost = 1.0
        local_development_cost = -0.20
        allowed_num_of_buildings = 4
        nation_designer_cost_multiplier = 1.50
        local_build_time = -0.30
        local_build_cost = -0.25
		terrain_override = {
			1983
		}
    }
    # Poland
	urban_piotrkow = {
		color = { 177 156 217 }
        type = forest
        sound_type = forest
        supply_limit = 4
        movement_cost = 1.10
        local_development_cost = -0.10
        allowed_num_of_buildings = 3
        nation_designer_cost_multiplier = 1.4
        defence = 1
        local_defensiveness = 0.1
        local_build_cost = -0.1
		terrain_override = {
			8225
		}
    }
    # Bohemia
	urban_opava = {
		color = { 177 156 217 }
        type = hills
        sound_type = mountains
        supply_limit = 2
        movement_cost = 1.80
        local_development_cost = 0.10
        allowed_num_of_buildings = 2
        nation_designer_cost_multiplier = 1.3
        defence = 2
        local_defensiveness = 0.2
        local_build_time = 0.25
		terrain_override = {
			3142
		}
    }
    # Germany
	urban_gorlitz = {
		color = { 177 156 217 }
        type = hills
        sound_type = mountains
        supply_limit = 2
        movement_cost = 1.80
        local_development_cost = 0.10
        allowed_num_of_buildings = 2
        nation_designer_cost_multiplier = 1.3
        defence = 2
        local_defensiveness = 0.2
        local_build_time = 0.25
		terrain_override = {
			4778
		}
    }
    # Germany
	urban_weimar = {
		color = { 177 156 217 }
        type = hills
        sound_type = mountains
        supply_limit = 2
        movement_cost = 1.80
        local_development_cost = 0.10
        allowed_num_of_buildings = 2
        nation_designer_cost_multiplier = 1.3
        defence = 2
        local_defensiveness = 0.2
        local_build_time = 0.25
		terrain_override = {
			4743
		}
    }
    # Poland
	urban_opole = {
		color = { 177 156 217 }
        type = forest
        sound_type = forest
        supply_limit = 4
        movement_cost = 1.10
        local_development_cost = -0.10
        allowed_num_of_buildings = 3
        nation_designer_cost_multiplier = 1.4
        defence = 1
        local_defensiveness = 0.1
        local_build_cost = -0.1
		terrain_override = {
			4723
		}
    }
    # Germany
	urban_lauenburg_holstein = {
		color = { 177 156 217 }
        type = forest
        sound_type = forest
        supply_limit = 4
        movement_cost = 1.10
        local_development_cost = -0.10
        allowed_num_of_buildings = 3
        nation_designer_cost_multiplier = 1.4
        defence = 1
        local_defensiveness = 0.1
        local_build_cost = -0.1
		terrain_override = {
			1857
		}
    }
    # Ireland
	urban_drogheda = {
		color = { 177 156 217 }
        type = forest
        sound_type = forest
        supply_limit = 4
        movement_cost = 1.10
        local_development_cost = -0.10
        allowed_num_of_buildings = 3
        nation_designer_cost_multiplier = 1.4
        defence = 1
        local_defensiveness = 0.1
        local_build_cost = -0.1
		terrain_override = {
			8734
		}
    }
    # Estonia
	urban_parnu = {
		color = { 177 156 217 }
        type = marsh
        sound_type = forest
        supply_limit = 2
        movement_cost = 1.50
        local_development_cost = 0.10
        allowed_num_of_buildings = 2
        nation_designer_cost_multiplier = 1.30
        defence = 2
        local_defensiveness = 0.2
        local_build_time = 0.25
        local_build_cost = 0.25
		terrain_override = {
			3230
		}
    }
    # Sweden
	urban_falun = {
		color = { 177 156 217 }
        type = hills
        sound_type = mountains
        supply_limit = 2
        movement_cost = 1.80
        local_development_cost = 0.10
        allowed_num_of_buildings = 2
        nation_designer_cost_multiplier = 1.3
        defence = 2
        local_defensiveness = 0.2
        local_build_time = 0.25
		terrain_override = {
			8
		}
    }
    # Sweden
	urban_porvoo = {
		color = { 177 156 217 }
        type = forest
        sound_type = forest
        supply_limit = 2
        movement_cost = 1.50
        local_development_cost = -0.10
        allowed_num_of_buildings = 2
        nation_designer_cost_multiplier = 1.3
        defence = 2
        local_defensiveness = 0.2
        local_build_time = 0.25
		terrain_override = {
			7807
		}
    }
    # Russia
	urban_uglich = {
		color = { 177 156 217 }
        type = forest
        sound_type = forest
        supply_limit = 2
        movement_cost = 1.50
        local_development_cost = -0.10
        allowed_num_of_buildings = 2
        nation_designer_cost_multiplier = 1.3
        defence = 2
        local_defensiveness = 0.2
        local_build_time = 0.25
		terrain_override = {
			4117
		}
    }
    # Russia
	urban_vyazma = {
		color = { 177 156 217 }
        type = forest
        sound_type = forest
        supply_limit = 2
        movement_cost = 1.50
        local_development_cost = -0.10
        allowed_num_of_buildings = 2
        nation_designer_cost_multiplier = 1.3
        defence = 2
        local_defensiveness = 0.2
        local_build_time = 0.25
		terrain_override = {
			4245
		}
    }
    # Russia
	urban_vyatka = {
		color = { 177 156 217 }
        type = forest
        sound_type = forest
        supply_limit = 2
        movement_cost = 1.50
        local_development_cost = -0.10
        allowed_num_of_buildings = 2
        nation_designer_cost_multiplier = 1.3
        defence = 2
        local_defensiveness = 0.2
        local_build_time = 0.25
		terrain_override = {
			3281
		}
    }
    # Poland
	urban_kolberg = {
		color = { 177 156 217 }
        type = marsh
        sound_type = forest
        supply_limit = 2
        movement_cost = 1.50
        local_development_cost = 0.10
        allowed_num_of_buildings = 2
        nation_designer_cost_multiplier = 1.30
        defence = 2
        local_defensiveness = 0.2
        local_build_time = 0.25
        local_build_cost = 0.25
		terrain_override = {
			48
		}
    }
    # Poland
	urban_radom = {
		color = { 177 156 217 }
        type = forest
        sound_type = forest
        supply_limit = 4
        movement_cost = 1.10
        local_development_cost = -0.10
        allowed_num_of_buildings = 3
        nation_designer_cost_multiplier = 1.4
        defence = 1
        local_defensiveness = 0.1
        local_build_cost = -0.1
		terrain_override = {
			3221
		}
    }
    # Poland
	urban_lukow = {
		color = { 177 156 217 }
        type = forest
        sound_type = forest
        supply_limit = 4
        movement_cost = 1.10
        local_development_cost = -0.10
        allowed_num_of_buildings = 3
        nation_designer_cost_multiplier = 1.4
        defence = 1
        local_defensiveness = 0.1
        local_build_cost = -0.1
		terrain_override = {
			8234
		}
    }
    # Poland
	urban_szczebrzeszyn = {
		color = { 177 156 217 }
        type = forest
        sound_type = forest
        supply_limit = 4
        movement_cost = 1.10
        local_development_cost = -0.10
        allowed_num_of_buildings = 3
        nation_designer_cost_multiplier = 1.4
        defence = 1
        local_defensiveness = 0.1
        local_build_cost = -0.1
		terrain_override = {
			7266
		}
    }
    # Sweden
	urban_lulea = {
		color = { 177 156 217 }
        type = forest
        sound_type = forest
        supply_limit = 2
        movement_cost = 1.50
        local_development_cost = -0.10
        allowed_num_of_buildings = 2
        nation_designer_cost_multiplier = 1.3
        defence = 2
        local_defensiveness = 0.2
        local_build_time = 0.25
		terrain_override = {
			7799
		}
    }
    # Norway
	urban_luster = {
		color = { 177 156 217 }
        type = mountains
        sound_type = mountains
        supply_limit = 1
        movement_cost = 2.5
        local_development_cost = 0.30
        allowed_num_of_buildings = 1
        nation_designer_cost_multiplier = 1.00
        defence = 4
        local_defensiveness = 0.50
        local_build_time = 0.5
        local_build_cost = 0.25
		terrain_override = {
			7786
		}
    }
    # Norway
	urban_lofoten = {
		color = { 177 156 217 }
        type = mountains
        sound_type = mountains
        supply_limit = 1
        movement_cost = 2.5
        local_development_cost = 0.30
        allowed_num_of_buildings = 1
        nation_designer_cost_multiplier = 1.00
        defence = 4
        local_defensiveness = 0.50
        local_build_time = 0.5
        local_build_cost = 0.25
		terrain_override = {
			7747
		}
    }
    # Germany
	urban_goslar = {
		color = { 177 156 217 }
        type = hills
        sound_type = mountains
        supply_limit = 2
        movement_cost = 1.80
        local_development_cost = 0.10
        allowed_num_of_buildings = 2
        nation_designer_cost_multiplier = 1.3
        defence = 2
        local_defensiveness = 0.2
        local_build_time = 0.25
		terrain_override = {
			4742
		}
    }
    # Germany
	urban_rothenburg = {
		color = { 177 156 217 }
        type = hills
        sound_type = mountains
        supply_limit = 2
        movement_cost = 1.80
        local_development_cost = 0.10
        allowed_num_of_buildings = 2
        nation_designer_cost_multiplier = 1.3
        defence = 2
        local_defensiveness = 0.2
        local_build_time = 0.25
		terrain_override = {
			4715
		}
    }
    # Italy
	urban_san_gimignano = {
		color = { 177 156 217 }
        type = hills
        sound_type = mountains
        supply_limit = 2
        movement_cost = 1.80
        local_development_cost = 0.10
        allowed_num_of_buildings = 2
        nation_designer_cost_multiplier = 1.3
        defence = 2
        local_defensiveness = 0.2
        local_build_time = 0.25
		terrain_override = {
			6935
		}
    }
    # Scotland
	urban_roxburgh = {
		color = { 177 156 217 }
        type = mountains
        sound_type = mountains
        supply_limit = 1
        movement_cost = 2.5
        local_development_cost = 0.30
        allowed_num_of_buildings = 1
        nation_designer_cost_multiplier = 1.00
        defence = 4
        local_defensiveness = 0.50
        local_build_time = 0.5
        local_build_cost = 0.25
		terrain_override = {
			4361
		}
    }
    # Scotland
	urban_kirkwall = {
		color = { 177 156 217 }
        type = hills
        sound_type = mountains
        supply_limit = 1
        movement_cost = 1.70
        local_development_cost = 0.15
        allowed_num_of_buildings = 2
        nation_designer_cost_multiplier = 1.25
        defence = 2
        local_defensiveness = 0.2
        local_build_time = 0.25
        local_build_cost = 0.1
		terrain_override = {
			369
		}
    }
    # Germany
	urban_marburg = {
		color = { 177 156 217 }
        type = hills
        sound_type = mountains
        supply_limit = 2
        movement_cost = 1.80
        local_development_cost = 0.10
        allowed_num_of_buildings = 2
        nation_designer_cost_multiplier = 1.3
        defence = 2
        local_defensiveness = 0.2
        local_build_time = 0.25
		terrain_override = {
			81
		}
    }
    # Sweden
	urban_fredrikshald = {
		color = { 177 156 217 }
        type = hills
        sound_type = mountains
        supply_limit = 2
        movement_cost = 1.80
        local_development_cost = 0.10
        allowed_num_of_buildings = 2
        nation_designer_cost_multiplier = 1.3
        defence = 2
        local_defensiveness = 0.2
        local_build_time = 0.25
		terrain_override = {
			16
		}
    }
    # France
	urban_verdun = {
		color = { 177 156 217 }
        type = hills
        sound_type = mountains
        supply_limit = 2
        movement_cost = 1.80
        local_development_cost = 0.10
        allowed_num_of_buildings = 2
        nation_designer_cost_multiplier = 1.3
        defence = 2
        local_defensiveness = 0.2
        local_build_time = 0.25
		terrain_override = {
			4766
		}
    }
    # Finland
	urban_vaasa = {
		color = { 177 156 217 }
        type = forest
        sound_type = forest
        supply_limit = 2
        movement_cost = 1.50
        local_development_cost = -0.10
        allowed_num_of_buildings = 2
        nation_designer_cost_multiplier = 1.3
        defence = 2
        local_defensiveness = 0.2
        local_build_time = 0.25
		terrain_override = {
			19
		}
    }
    # Baltic
	urban_trakai = {
		color = { 177 156 217 }
        type = forest
        sound_type = forest
        supply_limit = 4
        movement_cost = 1.10
        local_development_cost = -0.10
        allowed_num_of_buildings = 3
        nation_designer_cost_multiplier = 1.4
        defence = 1
        local_defensiveness = 0.1
        local_build_cost = -0.1
		terrain_override = {
			270
		}
    }
    # Baltic
	urban_siauliai = {
		color = { 177 156 217 }
        type = forest
        sound_type = forest
        supply_limit = 4
        movement_cost = 1.10
        local_development_cost = -0.10
        allowed_num_of_buildings = 3
        nation_designer_cost_multiplier = 1.4
        defence = 1
        local_defensiveness = 0.1
        local_build_cost = -0.1
		terrain_override = {
			7860
		}
    }
    # Iberia
	urban_bilbao = {
		color = { 177 156 217 }
        type = hills
        sound_type = mountains
        supply_limit = 2
        movement_cost = 1.80
        local_development_cost = 0.10
        allowed_num_of_buildings = 2
        nation_designer_cost_multiplier = 1.3
        defence = 2
        local_defensiveness = 0.2
        local_build_time = 0.25
		terrain_override = {
			209
		}
    }
    # Sweden
	urban_mora = {
		color = { 177 156 217 }
        type = hills
        sound_type = mountains
        supply_limit = 2
        movement_cost = 1.80
        local_development_cost = 0.10
        allowed_num_of_buildings = 2
        nation_designer_cost_multiplier = 1.3
        defence = 2
        local_defensiveness = 0.2
        local_build_time = 0.25
		terrain_override = {
			7863
		}
    }
}
	
##################################################################
### Graphical terrain
###		type	=	refers to the terrain defined above, "terrain category"'s 
### 	color 	= 	index in bitmap color table (see terrain.bmp)
###

terrain = {
	grasslands			= { type = grasslands		color = { 	0	 } }
	hills				= { type = hills			color = { 	1	 } }
	desert_mountain		= { type = mountain			color = { 	2	 } }
	desert				= { type = desert			color = { 	3	 } }

	plains				= { type = grasslands		color = { 	4	 } }
	terrain_5			= { type = grasslands		color = { 	5	 } }
	mountain			= { type = mountain			color = { 	6	 } }
	desert_mountain_low	= { type = desert			color = { 	7	 } }

	terrain_8			= { type = hills			color = { 	8	 } }
	marsh				= { type = marsh			color = { 	9	 } }
	terrain_10			= { type = farmlands		color = { 	10	 } }
	terrain_11			= { type = farmlands		color = { 	11	 } }

	forest_12			= { type = forest			color = { 	12	 } }
	forest_13			= { type = forest			color = { 	13	 } }
	forest_14			= { type = forest			color = { 	14	 } }
	ocean				= { type = ocean			color = { 	15	 } }

	snow				= { type = mountain 		color = { 	16	 } } # (SPECIAL CASE) Used to identify permanent snow
	inland_ocean_17 	= { type = inland_ocean		color = {	17	 } }

	coastal_desert_18	= { type = coastal_desert	color = { 	19	 } }
	coastline			= { type = coastline		color = { 	35	 } }
	
	savannah			= { type = savannah 		color = {	20	 } }
	drylands			= { type = drylands			color = {	22	 } }
	highlands			= { type = highlands		color = {	23	 } }
	dry_highlands		= { type = highlands		color = {	24	 } }
	
	woods				= { type = woods			color = { 	255	 } }
	jungle				= { type = jungle			color = { 	254	 } }
	
	terrain_21			= { type = farmlands		color = { 	21	 } }	
}

##################################################################
### Tree terrain
###		terrain	=	refers to the terrain tag defined above
### 	color 	= 	index in bitmap color table (see tree.bmp)
###

tree = {
	forest				= { terrain = forest 			color = { 	3 4 6 7 19 20	} }
	woods				= { terrain = woods 			color = { 	2 5 8 18	} }
	jungle				= { terrain = jungle 			color = { 	13 14 15	} }
	palms				= { terrain = desert 			color = { 	12	} }
	savana				= { terrain = grasslands 		color = { 	27 28 29 30	} }
}